season,beach,open_days,monitored_days,imputed_days,operational_effort,operational_harvest,wastage_clams,effective_cpue,pct_effort_monitored
2007-08,Copalis,13,13,0,53401,783858.3500000001,10122.5,14.678720435946895,1
2007-08,Long Beach,22,18,4,127009.69999999997,1426059.1838000005,3489.5,11.227954902657048,0.854325299563734
2007-08,Mocrocks,11,10,1,28944,415967.485,5802,14.37145816058596,0.9059563294637921
2007-08,Twin Harbors,40,33,7,80943,968922.3779000001,12867.5,11.970428300161844,0.8181028625081848
2008-09,Copalis,24,23,1,92574.5,1273542.1494999998,25105.8,13.756943321324986,0.9916121610162626
2008-09,Long Beach,22,18,4,139449.00000000003,1392616.9666,38769.3,9.986568326771792,0.9134558153877043
2008-09,Mocrocks,25,21,4,54895.1,799127.7743,13069.8,14.557360753509878,0.951797154937326
2008-09,Twin Harbors,28,15,13,60492.00000000001,787346.2394000001,10633.599999999999,13.01570851352245,0.5511621371421013
2009-10,Copalis,24,23,1,103601.2,1335088.1120000002,10248.9,12.886801620058456,0.9723632544796779
2009-10,Kalaloch,17,0,17,4547.6,46373.426699999996,0,10.197340729175828,0
2009-10,Long Beach,37,28,9,134208,1752739.1481999997,12909.900000000001,13.059870858667141,0.8026965605627085
2009-10,Mocrocks,23,21,2,45769.7,593878.9134999999,10590.8,12.97537264828041,0.9806050727883294
2009-10,Twin Harbors,46,36,10,74617.49999999999,1002361.4826000002,11273.5,13.433329749723596,0.8076898850805777
2010-11,Copalis,15,15,0,71996,950156.2460000002,11885.599999999999,13.197347713761879,1
2010-11,Kalaloch,12,10,2,2453.7,4567.172799999999,0,1.8613411582508048,0.6870848106940539
2010-11,Long Beach,35,33,2,108676.40000000001,1449797.4567,9814.1,13.340499470906286,0.9495879510178843
2010-11,Mocrocks,20,20,0,48496,668635.436,15150.999999999998,13.787434757505773,1
2010-11,Twin Harbors,46,39,7,85169.3,998314.3518000001,22384.7,11.721528200889288,0.7700791247550466
2011-12,Copalis,13,13,0,35149.3,463504.14589999994,3252.3,13.186724796795382,1
2011-12,Kalaloch,3,3,0,2075,1354.3719999999998,0,0.6527093975903614,1
2011-12,Long Beach,23,21,2,109820,1421270.6983,4413.3,12.941820235840467,0.9608286286650883
2011-12,Mocrocks,20,19,1,56119.200000000004,739483.0196,8517.3,13.17700572353134,0.967351637229326
2011-12,Twin Harbors,26,22,4,53937.8,736226.9472,17523.5,13.649554620321927,0.9059954243591692
2012-13,Copalis,28,28,0,95700,1364515.7579,29175.1,14.258262882967609,1
2012-13,Long Beach,42,39,3,165238.00000000003,2326862.8356999997,55538.79999999999,14.08188694912792,0.9643017949866253
2012-13,Mocrocks,30,29,1,51783.299999999996,753848.9269999999,10876.6,14.55776142115315,1
2012-13,Twin Harbors,81,68,13,106277.80000000005,1474050.7787000004,41263.8,13.86979010385988,0.8822444574501918
2013-14,Copalis,24,24,0,75197.99999999999,1027049.8792000001,20570.800000000003,13.657941423974046,1
2013-14,Long Beach,72,68,4,181240.49999999997,2309710.5346000004,43499.9,12.743898491783021,0.9635743666564593
2013-14,Mocrocks,54,54,0,74735.7,1012658.9461000001,15716.3,13.549869019758965,1
2013-14,Twin Harbors,105,91,14,119872.20000000003,1651464.8985,39643.7,13.776879864555749,0.8410448794632952
2014-15,Copalis,21,21,0,58626.5,780622.0510999999,13396.5,13.315174044160916,1
2014-15,Long Beach,104,64,40,163929.49999999997,2311856.5732,30473.399999999994,14.10274888412397,0.6805016790754562
2014-15,Mocrocks,43,40,3,58739.29999999999,818640.8130000001,4064.9999999999995,13.936849996510007,0.9776299683516829
2014-15,Twin Harbors,104,77,27,118403,1613296.4235,31216.300000000003,13.625469147741189,0.8056611741256554
2015-16,Copalis,18,18,0,69536.2,952016.1155,9275.5,13.690942494700602,1
2015-16,Long Beach,94,57,37,187261.5,2614136.2835,4289.9000000000005,13.959817065974585,0.7684366514206072
2015-16,Mocrocks,26,26,0,70747.29999999999,965621.7983000001,9919.400000000001,13.648885516479078,1
2016-17,Copalis,33,31,2,82108.2,1040199.6346,18486.6,12.668644966032625,1
2016-17,Kalaloch,2,2,0,637.4,1891.9303999999997,0,2.968199560715406,1
2016-17,Long Beach,11,9,2,77778.2,1555118.6942999999,8572.8,19.99427467208035,0.8272253664908678
2016-17,Mocrocks,37,33,2,57957.600000000006,686628.7664000001,6423.4000000000005,11.847087636479081,1
2016-17,Twin Harbors,46,40,6,62892.90000000001,834085.0494,6572.5,13.26199061261287,0.8600191754554171
2017-18,Copalis,13,13,0,44449.7,546213.3643,0,12.288347599646343,1
2017-18,Long Beach,16,16,0,93557.3,833975.1771999999,0,8.914057772081922,1
2017-18,Mocrocks,20,20,0,63215.1,771324.2851000001,9073,12.201582930344175,1
2017-18,Twin Harbors,18,17,1,55588.1,619897.5008,3691.2,11.151622394001595,0.987545895614349
2018-19,Copalis,20,20,0,62037.80000000001,808910.8049999998,13557.2,13.038998884551027,1
2018-19,Kalaloch,6,0,6,997.3,3579.1958000000004,0,3.5888857916374217,0
2018-19,Long Beach,4,4,0,43895.9,614561.8166,14589.7,14.000437776648845,1
2018-19,Mocrocks,33,33,0,78826.29999999997,1082577.5829999999,26453.4,13.733710487489585,1
2018-19,Twin Harbors,53,45,8,95535.5,1131815.3320999998,904.9,11.847065563062943,0.7913571394926493
2019-20,Copalis,43,30,1,51380.39999999999,697550.4143999999,4408.9,13.576196650862977,1
2019-20,Long Beach,89,29,37,111122.10000000002,1532779.6833000001,13664.600000000002,13.793652957422509,0.4752214006034803
2019-20,Mocrocks,43,31,1,34960.200000000004,454847.93969999993,2069.1,13.010450160468185,1
2019-20,Twin Harbors,86,26,37,56464.59999999998,722651.3176,2437.9,12.798307569698542,0.3915231844376832
2020-21,Copalis,6,6,0,15177.3,227659.5,2449.5,15,1
2020-21,Long Beach,12,5,7,32019.9,480298.5,7953.4000000000005,15,0.7494714224591582
2020-21,Mocrocks,12,12,0,43181.5,647722.5,11030.5,15,1
2020-21,Twin Harbors,12,6,6,19403,291156.84479999996,4702.7,15.005764304488995,0.795799618615678
2021-22,Copalis,60,57,3,96380.3,1612442.1527,5932.9,16.729997236987227,0.9950560436105719
2021-22,Long Beach,119,60,59,189383.20000000004,3202569.609399999,7158,16.910526432122797,0.6681733120994893
2021-22,Mocrocks,53,51,2,74908.5,1233017.9481999995,3558.5,16.460320900832343,1
2021-22,Twin Harbors,108,65,43,123715.20000000003,2064052.025,2187.5,16.683899997736734,0.7112020188303457
2022-23,Copalis,38,38,0,80181.40000000001,1168220.9048,6773.200000000001,14.569724459787428,1
2022-23,Long Beach,46,24,22,102567.5,1570977.2340999998,2488.6,15.316520672727714,0.6067302020620567
2022-23,Mocrocks,27,27,0,58476,901402.2180999999,5203.4000000000005,15.414908990012997,1
2022-23,Twin Harbors,52,26,26,91403.39999999998,1432103.6933000002,3513.5,15.667947727327435,0.6165317701529704
2023-24,Copalis,45,45,0,86087.49999999999,1054626.7184,12798.1,12.2506370657761,1
2023-24,Long Beach,83,39,44,114614.4,1448310.2464,7305.300000000001,12.636372448837145,0.5191267414914705
2023-24,Mocrocks,53,53,0,60278.59999999999,767089.9889,4404.7,12.725743280368158,1
2023-24,Twin Harbors,69,41,28,90082,1113083.5965,6853.5,12.35633752025932,0.6489331942008391
2024-25,Copalis,52,51,1,66628.39999999998,791057.6616999999,7075.000000000001,11.872679843730303,0.9992225537458501
2024-25,Long Beach,109,49,60,96152,1231573.5920999995,777.4000000000001,12.808611283176631,0.4937151593310592
2024-25,Mocrocks,57,56,1,51839.7,609650.5517000002,4589.5,11.760302465099146,0.9975462820965398
2024-25,Twin Harbors,109,56,53,98096.09999999999,1248273.6473,7098.6,12.725007898377205,0.5831607984415282
2025-26,Copalis,51,51,0,72865.29999999999,861873.5390000003,9857.8,11.828312502659022,1
2025-26,Long Beach,103,39,64,104090.10000000002,1326415.7634000003,6895.5999999999985,12.742957912423948,0.43013696787686806
2025-26,Mocrocks,52,52,0,38562.69999999999,411193.3541,2968.7000000000003,10.662981432835359,1
2025-26,Twin Harbors,103,52,51,93256.1,1168806.3615,6614,12.533296604726125,0.5751559415416256
