Monitoring coverage by season (formulas over Daily_Estimates),...2,...3,...4,...5,...6,...7,...8,...9
NA,NA,NA,NA,NA,NA,NA,NA,NA
season,open_days,censused,partial_section,cross_beach_imputed,reported_no_census,open_no_effort,operational_effort,pct_effort_monitored
2007-08,86,74,0,5,7,0,290297.70000000007,0.87617056559524908
2008-09,99,77,0,19,3,0,347410.6,0.87725705548420241
2009-10,147,108,0,19,20,0,362744.00000000012,0.86456591976710828
2010-11,128,117,0,9,2,0,316791.40000000002,0.91846811498039427
2011-12,85,78,0,7,0,0,257101.2999999999,0.95642029036803788
2012-13,181,164,0,13,4,0,418999.09999999986,0.95605360488841162
2013-14,255,237,0,17,1,0,451046.39999999997,0.94311871239854694
2014-15,272,202,0,48,22,0,399698.3,0.80810651433843994
2015-16,138,101,0,5,32,0,327545,0.86761238913737038
2016-17,129,115,0,1,11,2,281374.3,0.92095262431572444
2017-18,67,66,0,1,0,0,256810.20000000007,0.99730423480064256
2018-19,116,102,0,8,6,0,281292.80000000005,0.92559318972970517
2019-20,261,98,18,68,8,69,253927.30000000005,0.6350455425627729
2020-21,42,26,3,13,0,0,109781.69999999998,0.89083790832169674
2021-22,340,187,46,96,11,0,484387.1999999999,0.79551978252109035
2022-23,163,115,0,48,0,0,332628.3000000001,0.77335963295967236
2023-24,250,149,29,71,1,0,351062.5,0.75292205803809897
2024-25,327,175,37,115,0,0,312716.1999999999,0.71299983819194579
2025-26,309,164,30,115,0,0,308774.20000000019,0.67958333306344887
ALL,3395,2355,163,678,128,71,6144388.5,0.84908781402738198
