beach,year_class,beuti_larval,sst_larval,pdo_larval,q_freshet,cuti_winter,pre_next,doy_next,p_lt30_next,rec_next2,spawners,log_pre_next,log_rec_next2,log_spawners
Kalaloch,1988,0.049538440860215055,NA,0.406,NA,-0.07858208525345621,NA,NA,NA,NA,NA,NA,NA,NA
Kalaloch,1989,0.16277795698924732,NA,0.138,NA,-0.14290086405529956,NA,NA,NA,NA,NA,NA,NA,NA
Kalaloch,1990,0.21224166666666666,0.3361304320670168,0.098,7176.512357849462,-0.15705451228878647,NA,NA,NA,NA,NA,NA,NA,NA
Kalaloch,1991,0.7306024193548387,-0.9029374489409633,-0.7060000000000001,7798.832396845878,-0.46299132369299223,NA,NA,NA,NA,NA,NA,NA,NA
Kalaloch,1992,0.07503897849462365,-0.4506148299507632,1.3519999999999999,5170.138180587814,-0.2478821812596006,NA,NA,NA,NA,NA,NA,NA,NA
Kalaloch,1993,-0.01620752688172043,0.2815420784989806,1.992,6504.734338064516,-0.33279625576036864,NA,NA,NA,NA,NA,NA,NA,NA
Kalaloch,1994,0.12864166666666668,-0.4158026977918836,-0.26400000000000007,5206.194905921147,-0.3945575460829493,NA,NA,NA,NA,NA,NA,NA,NA
Kalaloch,1995,0.19479166666666667,-0.03804128084150247,1.324,6829.738126451613,-0.3691530774935113,NA,NA,NA,503381,NA,NA,13.129102617625803,NA
Kalaloch,1996,0.14514677419354838,-0.6503313070906901,0.8160000000000001,9818.104419784946,-0.23465898617511521,3801258,216,0.8735632183908046,860286,NA,15.150842622542362,13.665020171084024,NA
Kalaloch,1997,-0.07226612903225807,0.9486442020325503,2.144,12005.683788387096,-0.798139880952381,148081,222,0,766639,503381,11.905514700331006,13.549771304623597,13.129102617625803
Kalaloch,1998,0.3309244623655914,-0.203933674596631,-0.16,7664.698049605735,-0.714204569892473,74343,211,0.75,1282935,860286,11.216444798162097,14.064660979804643,13.665020171084024
Kalaloch,1999,0.7843983870967741,-0.8365802280847844,-1.358,8501.819792974911,-0.4573072487949574,3144457,213,0.043785310734463276,6178486,766639,14.961151778202137,15.636583815601666,13.549771304623597
Kalaloch,2000,0.2484236559139785,-0.21515303154236579,-0.728,7010.498774480287,-0.18886826036866358,5416711,216,0.03553921568627451,5343031,1282935,15.504999362653802,15.49130365290698,14.064660979804643
Kalaloch,2001,1.73154811827957,-0.7541970494430004,-0.916,3637.282810609319,-0.37204880952380953,9034958,222,0.8618954431087503,2129400,6178486,16.01661183340884,14.571350807862643,15.636583815601666
Kalaloch,2002,1.3925376344086022,-0.633857936892973,-0.18799999999999997,7342.059069247312,-0.7832348310291859,7095019,211,0.8654891304347826,1775861,5343031,15.774903546514908,14.389795933705562,15.49130365290698
Kalaloch,2003,0.940488440860215,-0.07220047706795274,0.508,6505.972563727599,-0.2127276325546904,4486022,213,0.36275695284159615,1486625,2129400,15.316476898196498,14.212019008029547,14.571350807862643
Kalaloch,2004,0.06854354838709677,1.2367598076884376,0.23600000000000002,5704.952203010753,-0.097786232718894,3771213,215,0.024253731343283583,781596,1775861,15.14290725833668,13.569093261990348,14.389795933705562
Kalaloch,2005,0.3898943548387097,0.3970732962312288,0.386,5409.554187240144,-0.37332667050691243,409413,205,0.13793103448275862,271868,1486625,12.922479705491213,12.513071933367186,14.212019008029547
Kalaloch,2006,1.5832583333333334,-0.6046899033756667,0.12799999999999997,9061.619585376344,-0.5051964861751153,791486,213,0.9736842105263158,1263639,781596,13.58166747021247,14.049506211631309,13.569093261990348
Kalaloch,2007,1.336286559139785,0.14204895327554393,0.326,6656.46772874552,-0.4567144141638858,6034937,214,0.015640273704789834,3532256.862757504,271868,15.61307597335406,15.077447562511722,12.513071933367186
Kalaloch,2008,3.291920698924731,-1.0071901486947636,-1.178,7837.49142594982,-0.29406409370199693,3244015.9198873797,205,0.9333333333333333,2038773,1263639,14.99232260169226,14.527858714276165,14.049506211631309
Kalaloch,2009,0.783185752688172,0.011517944143620673,-0.03799999999999999,7511.340756415771,-0.789154589093702,3042018,197,0.04975124378109453,1138272,3532256.862757504,14.928031668943632,13.945021880925907,15.077447562511722
Kalaloch,2010,1.5765895161290324,-0.7784216544569443,-0.81,6394.7616302795695,-0.47944840629800306,2321862,211,0.7404063205417607,894041,2038773,14.657880007949304,13.703506914401594,14.527858714276165
Kalaloch,2011,1.7051524193548386,-0.20769620646269135,-1.3900000000000001,11180.497728458782,-0.4383415925101965,903369,214,0.6618705035971223,1033286,1138272,13.713886386803159,13.848254573286505,13.945021880925907
Kalaloch,2012,1.838247311827957,-0.13624780030587874,-1.516,9876.534461935484,-0.27829014976958527,536262,203,0.10967741935483871,990040,894041,13.192378126596367,13.805500625334956,13.703506914401594
Kalaloch,2013,1.558429569892473,0.2377891454723568,-0.8,7360.804993835125,-0.11056791474654379,549684,196,0.23404255319148937,501890,1033286,13.217098846639622,13.126136251156828,13.848254573286505
Kalaloch,2014,1.6282586021505376,0.7129734528450048,0.578,7942.913146953405,-0.3511673579109063,89708933,181,0.051553799173702175,5715655,990040,18.312080909584452,15.558719459317413,13.805500625334956
Kalaloch,2015,3.3302163978494623,0.4837841887392551,1.1920000000000002,4895.172918136201,-0.32089040600667407,985530,188,0.06829268292682927,192476,501890,13.800934846511886,12.167726749612687,13.126136251156828
Kalaloch,2016,2.327968548387097,0.28827462644853397,0.662,6857.669249605735,-0.274792876344086,100324349,206,0.04715233832381541,6121148,5715655,18.42391898518516,15.627260218596609,15.558719459317413
Kalaloch,2017,2.1933978494623654,0.1923455301643382,0.33199999999999996,11111.238286451613,-0.19662891705069124,1868151,195,0.02654867256637168,1728823.8495066168,192476,14.440459729621717,14.362951879490703,12.167726749612687
Kalaloch,2018,2.337052688172043,0.4156877046836132,-0.10200000000000001,9419.517548960574,-0.20318442780337942,10990138.77660818,171,0.009542943244600702,2854354,6121148,16.212508953834945,14.86435610576712,15.627260218596609
Kalaloch,2019,2.745706989247312,1.1844789404549805,0.422,7135.549417060932,-0.14049000741564702,7215994,205,0.005008347245409015,800433.568190939,1728823.8495066168,15.791810509238664,13.592908820081329,14.362951879490703
Kalaloch,2020,1.3988989247311827,0.43278171551220507,-0.666,7441.279512544803,-0.11728865207373272,97441943.61536248,194,0.04623323013415893,1202227.56128777,2854354,18.394767308518414,13.99968669503375,14.86435610576712
Kalaloch,2021,3.0482298387096773,-0.06478253940333208,-1.304,5467.283921433692,-0.02344646697388634,1168711.870008839,196,0.03571428571428571,528741,800433.568190939,13.971412734461472,13.178253987921165,13.592908820081329
Kalaloch,2022,1.2056139784946236,0.3648663448731456,-1.824,7044.793565591398,-0.09592908986175114,4717808,170,0.007957559681697613,205037.17017698928,1202227.56128777,15.36685484291185,12.230946559620968,13.99968669503375
Kalaloch,2023,2.451983333333333,0.5717271369332769,-1.85,5978.163650752688,-0.030915943641082688,540588.3852166391,178,0.02247191011235955,NA,528741,13.20041342760781,NA,13.178253987921165
Kalaloch,2024,2.2597413978494627,0.07038314694571479,-2.21,4976.834915555555,-0.028977937788018427,NA,195,0.02857142857142857,NA,205037.17017698928,NA,NA,12.230946559620968
Mocrocks,1988,0.049538440860215055,NA,0.406,NA,-0.07858208525345621,NA,NA,NA,NA,NA,NA,NA,NA
Mocrocks,1989,0.16277795698924732,NA,0.138,NA,-0.14290086405529956,NA,NA,NA,NA,NA,NA,NA,NA
Mocrocks,1990,0.21224166666666666,0.3361304320670168,0.098,7176.512357849462,-0.15705451228878647,NA,NA,NA,NA,NA,NA,NA,NA
Mocrocks,1991,0.7306024193548387,-0.9029374489409633,-0.7060000000000001,7798.832396845878,-0.46299132369299223,NA,NA,NA,NA,NA,NA,NA,NA
Mocrocks,1992,0.07503897849462365,-0.4506148299507632,1.3519999999999999,5170.138180587814,-0.2478821812596006,NA,NA,NA,NA,NA,NA,NA,NA
Mocrocks,1993,-0.01620752688172043,0.2815420784989806,1.992,6504.734338064516,-0.33279625576036864,NA,NA,NA,NA,NA,NA,NA,NA
Mocrocks,1994,0.12864166666666668,-0.4158026977918836,-0.26400000000000007,5206.194905921147,-0.3945575460829493,NA,NA,NA,NA,NA,NA,NA,NA
Mocrocks,1995,0.19479166666666667,-0.03804128084150247,1.324,6829.738126451613,-0.3691530774935113,NA,NA,NA,2638590,NA,NA,14.785755241536055,NA
Mocrocks,1996,0.14514677419354838,-0.6503313070906901,0.8160000000000001,9818.104419784946,-0.23465898617511521,19750368,201,0.6639072847682119,6242839,NA,16.798682682049208,15.646945604827792,NA
Mocrocks,1997,-0.07226612903225807,0.9486442020325503,2.144,12005.683788387096,-0.798139880952381,2913691,205,0,2792792,2638590,14.884931220306845,14.842552370260124,14.785755241536055
Mocrocks,1998,0.3309244623655914,-0.203933674596631,-0.16,7664.698049605735,-0.714204569892473,5937786,194,0.25970149253731345,3699951,6242839,15.596846894586026,15.123830134283518,15.646945604827792
Mocrocks,1999,0.7843983870967741,-0.8365802280847844,-1.358,8501.819792974911,-0.4573072487949574,5575492,199,0.321656050955414,5244123,2792792,15.533891122537632,15.472618578968229,14.842552370260124
Mocrocks,2000,0.2484236559139785,-0.21515303154236579,-0.728,7010.498774480287,-0.18886826036866358,6040699,203,0.17058823529411765,5352669,3699951,15.614030291691796,15.493105872978353,15.123830134283518
Mocrocks,2001,1.73154811827957,-0.7541970494430004,-0.916,3637.282810609319,-0.37204880952380953,7016619,204,0.49759615384615385,3986456,5244123,15.763792036052312,15.198413173613055,15.472618578968229
Mocrocks,2002,1.3925376344086022,-0.633857936892973,-0.18799999999999997,7342.059069247312,-0.7832348310291859,11076882,194,0.45468053491827637,5319346,5352669,16.220370791738528,15.486860921430202,15.493105872978353
Mocrocks,2003,0.940488440860215,-0.07220047706795274,0.508,6505.972563727599,-0.2127276325546904,9099346,200,0.21523472099202834,4592593,3986456,16.02371310077257,15.339955346274655,15.198413173613055
Mocrocks,2004,0.06854354838709677,1.2367598076884376,0.23600000000000002,5704.952203010753,-0.097786232718894,3433757,204,0.12100456621004566,4106309,5319346,15.049165554977092,15.228035129452778,15.486860921430202
Mocrocks,2005,0.3898943548387097,0.3970732962312288,0.386,5409.554187240144,-0.37332667050691243,5346828,191,0.08136094674556213,2503092,4592593,15.49201404584288,14.733037325631358,15.339955346274655
Mocrocks,2006,1.5832583333333334,-0.6046899033756667,0.12799999999999997,9061.619585376344,-0.5051964861751153,2927413,194,0.06318681318681318,4678093,4106309,14.889629655822834,15.358401106219373,15.228035129452778
Mocrocks,2007,1.336286559139785,0.14204895327554393,0.326,6656.46772874552,-0.4567144141638858,5058265,199,0.1291866028708134,4197541,2503092,15.436534097089522,15.25000943560501,14.733037325631358
Mocrocks,2008,3.291920698924731,-1.0071901486947636,-1.178,7837.49142594982,-0.29406409370199693,1414149,200,0.8903225806451613,3637245,4678093,14.162038494710314,15.106737084911765,15.358401106219373
Mocrocks,2009,0.783185752688172,0.011517944143620673,-0.03799999999999999,7511.340756415771,-0.789154589093702,18064334,192,0.4433628318584071,4038871,4197541,16.709450055014642,15.211475755436838,15.25000943560501
Mocrocks,2010,1.5765895161290324,-0.7784216544569443,-0.81,6394.7616302795695,-0.47944840629800306,8211210.573092881,194,0.8293838862559242,6064449,3637245,15.92101092160541,15.617954247098877,15.106737084911765
Mocrocks,2011,1.7051524193548386,-0.20769620646269135,-1.3900000000000001,11180.497728458782,-0.4383415925101965,10276881,201,0.16856677524429967,11935249,4038871,16.145407367285525,16.2950066805454,15.211475755436838
Mocrocks,2012,1.838247311827957,-0.13624780030587874,-1.516,9876.534461935484,-0.27829014976958527,6663172.18847156,203,0.09263657957244656,11201544,6064449,15.712106233694863,16.231562183906757,15.617954247098877
Mocrocks,2013,1.558429569892473,0.2377891454723568,-0.8,7360.804993835125,-0.11056791474654379,12981705,194,0.37545787545787546,8475370,11935249,16.379051616545986,15.952674868094922,16.2950066805454
Mocrocks,2014,1.6282586021505376,0.7129734528450048,0.578,7942.913146953405,-0.3511673579109063,5475844,197,0.11477987421383648,4893086.962600901,11201544,15.51585697703728,15.403333942972695,16.231562183906757
Mocrocks,2015,3.3302163978494623,0.4837841887392551,1.1920000000000002,4895.172918136201,-0.32089040600667407,975023.3901635761,202,0.03773584905660377,4253303.457807546,8475370,13.790216739603592,15.263206523161701,15.952674868094922
Mocrocks,2016,2.327968548387097,0.28827462644853397,0.662,6857.669249605735,-0.274792876344086,11427124.48278621,203,0.02620689655172414,7543871,4893086.962600901,16.251500427811198,15.836246003467362,15.403333942972695
Mocrocks,2017,2.1933978494623654,0.1923455301643382,0.33199999999999996,11111.238286451613,-0.19662891705069124,6947903.719652981,193,0.15958668197474168,8249452,4253303.457807546,15.753950548972075,15.925657331862253,15.263206523161701
Mocrocks,2018,2.337052688172043,0.4156877046836132,-0.10200000000000001,9419.517548960574,-0.20318442780337942,7500707,183,0.1495433789954338,11653105,7543871,15.830507840730382,16.271083226070026,15.836246003467362
Mocrocks,2019,2.745706989247312,1.1844789404549805,0.422,7135.549417060932,-0.14049000741564702,7140413.030163184,202,0.08043217286914765,9844546.413309697,8249452,15.781281180004463,16.102428196196588,15.925657331862253
Mocrocks,2020,1.3988989247311827,0.43278171551220507,-0.666,7441.279512544803,-0.11728865207373272,48183070.7243025,191,0.3163075780089153,9823658.528375953,11653105,17.690518287538946,16.100304169845568,16.271083226070026
Mocrocks,2021,3.0482298387096773,-0.06478253940333208,-1.304,5467.283921433692,-0.02344646697388634,7704916.008671665,193,0.26215644820295986,7009915,9844546.413309697,15.857369125790717,15.762836133402308,16.102428196196588
Mocrocks,2022,1.2056139784946236,0.3648663448731456,-1.824,7044.793565591398,-0.09592908986175114,9618587,197,0.09887005649717515,9200766.2336549,9823658.528375953,16.079207930356866,16.034797324817998,16.100304169845568
Mocrocks,2023,2.451983333333333,0.5717271369332769,-1.85,5978.163650752688,-0.030915943641082688,4622343.793434528,202,0.019197207678883072,NA,7009915,15.346412449013595,NA,15.762836133402308
Mocrocks,2024,2.2597413978494627,0.07038314694571479,-2.21,4976.834915555555,-0.028977937788018427,NA,193,0.012048192771084338,NA,9200766.2336549,NA,NA,16.034797324817998
Copalis,1988,0.049538440860215055,NA,0.406,NA,-0.07858208525345621,NA,NA,NA,NA,NA,NA,NA,NA
Copalis,1989,0.16277795698924732,NA,0.138,NA,-0.14290086405529956,NA,NA,NA,NA,NA,NA,NA,NA
Copalis,1990,0.21224166666666666,0.3361304320670168,0.098,7176.512357849462,-0.15705451228878647,NA,NA,NA,NA,NA,NA,NA,NA
Copalis,1991,0.7306024193548387,-0.9029374489409633,-0.7060000000000001,7798.832396845878,-0.46299132369299223,NA,NA,NA,NA,NA,NA,NA,NA
Copalis,1992,0.07503897849462365,-0.4506148299507632,1.3519999999999999,5170.138180587814,-0.2478821812596006,NA,NA,NA,NA,NA,NA,NA,NA
Copalis,1993,-0.01620752688172043,0.2815420784989806,1.992,6504.734338064516,-0.33279625576036864,NA,NA,NA,NA,NA,NA,NA,NA
Copalis,1994,0.12864166666666668,-0.4158026977918836,-0.26400000000000007,5206.194905921147,-0.3945575460829493,NA,NA,NA,NA,NA,NA,NA,NA
Copalis,1995,0.19479166666666667,-0.03804128084150247,1.324,6829.738126451613,-0.3691530774935113,NA,NA,NA,1180874,NA,NA,13.981765400241395,NA
Copalis,1996,0.14514677419354838,-0.6503313070906901,0.8160000000000001,9818.104419784946,-0.23465898617511521,3768905,129,0.6142433234421365,3013553,NA,15.14229506630677,14.918630339273392,NA
Copalis,1997,-0.07226612903225807,0.9486442020325503,2.144,12005.683788387096,-0.798139880952381,1777219,120,0.0625,2954952,1180874,14.39056034096131,14.898992965035584,13.981765400241395
Copalis,1998,0.3309244623655914,-0.203933674596631,-0.16,7664.698049605735,-0.714204569892473,2034445,110,0.12962962962962962,3236440,3013553,14.52573361238926,14.989984518251136,14.918630339273392
Copalis,1999,0.7843983870967741,-0.8365802280847844,-1.358,8501.819792974911,-0.4573072487949574,9540718,156,0.38398544131028206,8122270,2954952,16.07107930264693,15.910120229719428,14.898992965035584
Copalis,2000,0.2484236559139785,-0.21515303154236579,-0.728,7010.498774480287,-0.18886826036866358,17488883,158,0.6309034907597536,7090319,3236440,16.677075979889572,15.774240890443972,14.989984518251136
Copalis,2001,1.73154811827957,-0.7541970494430004,-0.916,3637.282810609319,-0.37204880952380953,3282696,163,0.4297082228116711,2841229,8122270,15.004175593962925,14.85974726300851,15.910120229719428
Copalis,2002,1.3925376344086022,-0.633857936892973,-0.18799999999999997,7342.059069247312,-0.7832348310291859,11727251,167.5,NA,7105212,7090319,16.277425836812682,15.776339157210343,15.774240890443972
Copalis,2003,0.940488440860215,-0.07220047706795274,0.508,6505.972563727599,-0.2127276325546904,8852948,156,0.14429530201342283,4953508,2841229,15.996261068860811,15.415606570413601,14.85974726300851
Copalis,2004,0.06854354838709677,1.2367598076884376,0.23600000000000002,5704.952203010753,-0.097786232718894,4799194,160,0.42344045368620037,2838707,7105212,15.38395854511187,14.858859224775072,15.776339157210343
Copalis,2005,0.3898943548387097,0.3970732962312288,0.386,5409.554187240144,-0.37332667050691243,3146425,163,0.06925207756232687,4751308,4953508,14.96177744565678,15.373930506524951,15.415606570413601
Copalis,2006,1.5832583333333334,-0.6046899033756667,0.12799999999999997,9061.619585376344,-0.5051964861751153,6567921,168,0.17669172932330826,6453563,2838707,15.697707902027448,15.680142939354303,14.858859224775072
Copalis,2007,1.336286559139785,0.14204895327554393,0.326,6656.46772874552,-0.4567144141638858,9953166,171,0.1199021207177814,6810540,4751308,16.113401249477544,15.733981970136185,15.373930506524951
Copalis,2008,3.291920698924731,-1.0071901486947636,-1.178,7837.49142594982,-0.29406409370199693,608425,174,0.4225352112676056,4554449,6453563,13.318628929910291,15.331615115387763,15.680142939354303
Copalis,2009,0.783185752688172,0.011517944143620673,-0.03799999999999999,7511.340756415771,-0.789154589093702,6791312,164,0.3195625759416768,2475820,6810540,15.73115470620064,14.722082212244166,15.733981970136185
Copalis,2010,1.5765895161290324,-0.7784216544569443,-0.81,6394.7616302795695,-0.47944840629800306,7344699,167,0.5924731182795699,7151263.529760273,4554449,15.809489386491721,15.782799616506491,15.331615115387763
Copalis,2011,1.7051524193548386,-0.20769620646269135,-1.3900000000000001,11180.497728458782,-0.4383415925101965,9898813.275365595,157,0.599320882852292,7472918.897618129,2475820,16.1079254367445,15.826796230132825,14.722082212244166
Copalis,2012,1.838247311827957,-0.13624780030587874,-1.516,9876.534461935484,-0.27829014976958527,1394801.4306300632,174,0.27167630057803466,5680975.315824114,7151263.529760273,14.148262619471422,15.552633486489182,15.782799616506491
Copalis,2013,1.558429569892473,0.2377891454723568,-0.8,7360.804993835125,-0.11056791474654379,6848606.887695922,178,0.14,6440689,7472918.897618129,15.73955581549611,15.678146079935413,15.826796230132825
Copalis,2014,1.6282586021505376,0.7129734528450048,0.578,7942.913146953405,-0.3511673579109063,7077967,168,0.11627906976744186,5708079.173169448,5680975.315824114,15.772497277542683,15.557393128044941,15.552633486489182
Copalis,2015,3.3302163978494623,0.4837841887392551,1.1920000000000002,4895.172918136201,-0.32089040600667407,2780283.1992922747,173,0.17791411042944785,4040482.437591441,6440689,14.838063350727419,15.211874658053306,15.678146079935413
Copalis,2016,2.327968548387097,0.28827462644853397,0.662,6857.669249605735,-0.274792876344086,6232276.077650437,175,0.08672086720867209,5236188,5708079.173169448,15.645252165559597,15.471104310638548,15.557393128044941
Copalis,2017,2.1933978494623654,0.1923455301643382,0.33199999999999996,11111.238286451613,-0.19662891705069124,8332329,165,0.22376237623762377,10536758,4040482.437591441,15.935653566901246,16.170380463629115,15.211874658053306
Copalis,2018,2.337052688172043,0.4156877046836132,-0.10200000000000001,9419.517548960574,-0.20318442780337942,6375231,169,0.121251629726206,11848503.289816255,5236188,15.667930883646399,16.287712112911453,15.471104310638548
Copalis,2019,2.745706989247312,1.1844789404549805,0.422,7135.549417060932,-0.14049000741564702,12560196,174,0.07148120854826824,16519110.132892301,10536758,16.346043323978108,16.620028458558597,16.170380463629115
Copalis,2020,1.3988989247311827,0.43278171551220507,-0.666,7441.279512544803,-0.11728865207373272,15426336.391075434,176,0.3835616438356164,14369717,11848503.289816255,16.55158676199804,16.48063356405474,16.287712112911453
Copalis,2021,3.0482298387096773,-0.06478253940333208,-1.304,5467.283921433692,-0.02344646697388634,8845252,167,0.17039922103213243,6922690,16519110.132892301,15.995391375842868,15.75031498038227,16.620028458558597
Copalis,2022,1.2056139784946236,0.3648663448731456,-1.824,7044.793565591398,-0.09592908986175114,9383846,169,0.15182186234817813,5931332.790994406,14369717,16.054500258268597,15.595759499682478,16.48063356405474
Copalis,2023,2.451983333333333,0.5717271369332769,-1.85,5978.163650752688,-0.030915943641082688,4209106.973030375,175,0.09278350515463918,NA,6922690,15.252761062737507,NA,15.75031498038227
Copalis,2024,2.2597413978494627,0.07038314694571479,-2.21,4976.834915555555,-0.028977937788018427,NA,178,0.04930966469428008,NA,5931332.790994406,NA,NA,15.595759499682478
Twin Harbors,1988,0.049538440860215055,NA,0.406,NA,-0.07858208525345621,NA,NA,NA,NA,NA,NA,NA,NA
Twin Harbors,1989,0.16277795698924732,NA,0.138,NA,-0.14290086405529956,NA,NA,NA,NA,NA,NA,NA,NA
Twin Harbors,1990,0.21224166666666666,0.3361304320670168,0.098,7176.512357849462,-0.15705451228878647,NA,NA,NA,NA,NA,NA,NA,NA
Twin Harbors,1991,0.7306024193548387,-0.9029374489409633,-0.7060000000000001,7798.832396845878,-0.46299132369299223,NA,NA,NA,NA,NA,NA,NA,NA
Twin Harbors,1992,0.07503897849462365,-0.4506148299507632,1.3519999999999999,5170.138180587814,-0.2478821812596006,NA,NA,NA,NA,NA,NA,NA,NA
Twin Harbors,1993,-0.01620752688172043,0.2815420784989806,1.992,6504.734338064516,-0.33279625576036864,NA,NA,NA,NA,NA,NA,NA,NA
Twin Harbors,1994,0.12864166666666668,-0.4158026977918836,-0.26400000000000007,5206.194905921147,-0.3945575460829493,NA,NA,NA,NA,NA,NA,NA,NA
Twin Harbors,1995,0.19479166666666667,-0.03804128084150247,1.324,6829.738126451613,-0.3691530774935113,NA,NA,NA,3272094,NA,NA,15.000940704898474,NA
Twin Harbors,1996,0.14514677419354838,-0.6503313070906901,0.8160000000000001,9818.104419784946,-0.23465898617511521,12221602,232,0.8460674157303371,2988789,NA,16.31871559967833,14.910378846603036,NA
Twin Harbors,1997,-0.07226612903225807,0.9486442020325503,2.144,12005.683788387096,-0.798139880952381,2828460,233,0.4506578947368421,2551068,3272094,14.855242951894095,14.752022652981928,15.000940704898474
Twin Harbors,1998,0.3309244623655914,-0.203933674596631,-0.16,7664.698049605735,-0.714204569892473,6815215,223,0.6895640686922061,2222668,2988789,15.7346681706709,14.614218834064555,14.910378846603036
Twin Harbors,1999,0.7843983870967741,-0.8365802280847844,-1.358,8501.819792974911,-0.4573072487949574,16308572,241,0.9349645846748229,3102785,2551068,16.607201417116084,14.947810653243994,14.752022652981928
Twin Harbors,2000,0.2484236559139785,-0.21515303154236579,-0.728,7010.498774480287,-0.18886826036866358,8655755,232,0.8113425925925926,4094506,2222668,15.973734975601289,15.225156633071695,14.614218834064555
Twin Harbors,2001,1.73154811827957,-0.7541970494430004,-0.916,3637.282810609319,-0.37204880952380953,2203622,235,0.5127118644067796,3289170,3102785,14.605612928193958,15.006145811278436,14.947810653243994
Twin Harbors,2002,1.3925376344086022,-0.633857936892973,-0.18799999999999997,7342.059069247312,-0.7832348310291859,11478383,226,0.8530259365994236,2520322,4094506,16.255976085276348,14.7398972291025,15.225156633071695
Twin Harbors,2003,0.940488440860215,-0.07220047706795274,0.508,6505.972563727599,-0.2127276325546904,5003940,230,0.6992481203007519,2677519,3289170,15.425736160089379,14.800401177450665,15.006145811278436
Twin Harbors,2004,0.06854354838709677,1.2367598076884376,0.23600000000000002,5704.952203010753,-0.097786232718894,3262542,231,0.23054755043227665,3475932,2520322,14.99801720409344,15.061373202460302,14.7398972291025
Twin Harbors,2005,0.3898943548387097,0.3970732962312288,0.386,5409.554187240144,-0.37332667050691243,3091728,220,0.10658307210031348,3934566,2677519,14.94424071586782,15.185311141501955,14.800401177450665
Twin Harbors,2006,1.5832583333333334,-0.6046899033756667,0.12799999999999997,9061.619585376344,-0.5051964861751153,1724588,222,0.07303370786516854,2241658,3475932,14.360498739340933,14.622726328605589,15.061373202460302
Twin Harbors,2007,1.336286559139785,0.14204895327554393,0.326,6656.46772874552,-0.4567144141638858,4145700,215,0.09308510638297872,3925788,3934566,15.237582210459685,15.183077653379394,15.185311141501955
Twin Harbors,2008,3.291920698924731,-1.0071901486947636,-1.178,7837.49142594982,-0.29406409370199693,2500305,232,0.1541501976284585,2818092,2241658,14.731923282397034,14.851570618175417,14.622726328605589
Twin Harbors,2009,0.783185752688172,0.011517944143620673,-0.03799999999999999,7511.340756415771,-0.789154589093702,2859722,221,0.048859934853420196,2054381.0212309088,3925788,14.866234975274335,14.5354851543271,15.183077653379394
Twin Harbors,2010,1.5765895161290324,-0.7784216544569443,-0.81,6394.7616302795695,-0.47944840629800306,5571684.399998137,223,0.29473684210526313,4704458,2818092,15.533207971932795,15.364021127766616,14.851570618175417
Twin Harbors,2011,1.7051524193548386,-0.20769620646269135,-1.3900000000000001,11180.497728458782,-0.4383415925101965,8757894,217,0.11941659070191431,5744411,2054381.0212309088,15.985466023050323,15.5637379400752,14.5354851543271
Twin Harbors,2012,1.838247311827957,-0.13624780030587874,-1.516,9876.534461935484,-0.27829014976958527,1398700,231,0.34523809523809523,6657152.369567599,4704458,14.151053791767396,15.711202378944543,15.364021127766616
Twin Harbors,2013,1.558429569892473,0.2377891454723568,-0.8,7360.804993835125,-0.11056791474654379,3113981.400578473,222,0.19696969696969696,3239459,5744411,14.95141265851896,14.990916898517941,15.5637379400752
Twin Harbors,2014,1.6282586021505376,0.7129734528450048,0.578,7942.913146953405,-0.3511673579109063,2831118,215,0.34492753623188405,4741577.183512065,6657152.369567599,14.856182244610062,15.371880377463436,15.711202378944543
Twin Harbors,2015,3.3302163978494623,0.4837841887392551,1.1920000000000002,4895.172918136201,-0.32089040600667407,3069920.60337371,205,0.3753351206434316,1677810.4505683032,3239459,14.937162257135697,14.333000198107978,14.990916898517941
Twin Harbors,2016,2.327968548387097,0.28827462644853397,0.662,6857.669249605735,-0.274792876344086,1533197.355069725,220,0.42424242424242425,3614103.4764309837,4741577.183512065,14.242865887382512,15.100354381830392,15.371880377463436
Twin Harbors,2017,2.1933978494623654,0.1923455301643382,0.33199999999999996,11111.238286451613,-0.19662891705069124,1752008.627169549,207,0.25120772946859904,4608068,1677810.4505683032,14.376273474649883,15.343319238193427,14.333000198107978
Twin Harbors,2018,2.337052688172043,0.4156877046836132,-0.10200000000000001,9419.517548960574,-0.20318442780337942,1391999,212,0.00546448087431694,5210727,3614103.4764309837,14.14625140148544,15.466229943342249,15.100354381830392
Twin Harbors,2019,2.745706989247312,1.1844789404549805,0.422,7135.549417060932,-0.14049000741564702,2878450.5886878395,217,0.034482758620689655,8529444.57103777,4608068,14.872762717304617,15.959034802580836,15.343319238193427
Twin Harbors,2020,1.3988989247311827,0.43278171551220507,-0.666,7441.279512544803,-0.11728865207373272,4559005.68834474,207,0.037996545768566495,5646633.656312946,5210727,15.332615106912444,15.546570112513542,15.466229943342249
Twin Harbors,2021,3.0482298387096773,-0.06478253940333208,-1.304,5467.283921433692,-0.02344646697388634,2323486.432036238,210,0.5177304964539007,3434858,8529444.57103777,14.658579388039394,15.04948614362835,15.959034802580836
Twin Harbors,2022,1.2056139784946236,0.3648663448731456,-1.824,7044.793565591398,-0.09592908986175114,3285569,212,0.031746031746031744,5858108.701601524,5646633.656312946,15.005050406469188,15.583337362292143,15.546570112513542
Twin Harbors,2023,2.451983333333333,0.5717271369332769,-1.85,5978.163650752688,-0.030915943641082688,4328537.01542431,217,0.147117296222664,NA,3434858,15.280740171160673,NA,15.04948614362835
Twin Harbors,2024,2.2597413978494627,0.07038314694571479,-2.21,4976.834915555555,-0.028977937788018427,NA,221,0.0546448087431694,NA,5858108.701601524,NA,NA,15.583337362292143
Long Beach,1988,0.16784569892473117,NA,0.406,NA,-0.007489074500768051,NA,NA,NA,NA,NA,NA,NA,NA
Long Beach,1989,0.20394220430107526,NA,0.138,NA,0.026482949308755766,NA,NA,NA,NA,NA,NA,NA,NA
Long Beach,1990,0.3728255376344086,0.3361304320670168,0.098,7176.512357849462,-0.047553993855606755,NA,NA,NA,NA,NA,NA,NA,NA
Long Beach,1991,0.8310682795698925,-0.9029374489409633,-0.7060000000000001,7798.832396845878,-0.20449870226177233,NA,NA,NA,NA,NA,NA,NA,NA
Long Beach,1992,0.11031424731182796,-0.4506148299507632,1.3519999999999999,5170.138180587814,-0.004618221966205836,NA,NA,NA,NA,NA,NA,NA,NA
Long Beach,1993,0.05613521505376344,0.2815420784989806,1.992,6504.734338064516,-0.028272043010752687,NA,NA,NA,NA,NA,NA,NA,NA
Long Beach,1994,0.09399543010752688,-0.4158026977918836,-0.26400000000000007,5206.194905921147,-0.09641046466973888,NA,NA,NA,NA,NA,NA,NA,NA
Long Beach,1995,0.23440913978494624,-0.03804128084150247,1.324,6829.738126451613,-0.1033980533926585,NA,NA,NA,2119325,NA,NA,14.566608199722939,NA
Long Beach,1996,0.24380913978494625,-0.6503313070906901,0.8160000000000001,9818.104419784946,0.006728494623655924,3831718,186,0.7333333333333333,2422618,NA,15.158823824550755,14.700359331571084,NA
Long Beach,1997,-0.006956182795698924,0.9486442020325503,2.144,12005.683788387096,-0.2449221198156682,2645228,173,0.14728682170542637,4090683,2119325,14.78826781993757,15.224222506742299,14.566608199722939
Long Beach,1998,0.25546021505376343,-0.203933674596631,-0.16,7664.698049605735,-0.3179401689708141,5582944,164,0.38528896672504376,4472665,2422618,15.535226793792614,15.313494985803016,14.700359331571084
Long Beach,1999,0.6843069892473118,-0.8365802280847844,-1.358,8501.819792974911,-0.11618960882461996,961200,169,0.19811320754716982,7959677,4090683,13.775937782844451,15.889898979107814,15.224222506742299
Long Beach,2000,0.4335704301075269,-0.21515303154236579,-0.728,7010.498774480287,-0.05602807219662058,16525001,148,0.10899014778325124,11729090,4472665,16.620385004216395,16.277582638762635,15.313494985803016
Long Beach,2001,1.2888991935483871,-0.7541970494430004,-0.916,3637.282810609319,-0.1373181835637481,39094638,144,0.5785413744740533,4424363,7959677,17.481495880001784,15.30263687125942,15.889898979107814
Long Beach,2002,0.858166129032258,-0.633857936892973,-0.18799999999999997,7342.059069247312,-0.3100906490015361,21160972,163,0.5043192102015631,6265021,11729090,16.867669099627147,15.650492498261995,16.277582638762635
Long Beach,2003,0.7523104838709678,-0.07220047706795274,0.508,6505.972563727599,-0.1401868186874305,24964188,141,0.4981287425149701,4464062,4424363,17.03295287585213,15.311569671835723,15.30263687125942
Long Beach,2004,0.22444112903225805,1.2367598076884376,0.23600000000000002,5704.952203010753,0.015628091397849455,18349025,172,0.2535282258064516,6093834,6265021,16.72508699753823,15.622787998248672,15.650492498261995
Long Beach,2005,0.5369180107526882,0.3970732962312288,0.386,5409.554187240144,-0.08862279185867895,4380820,147,0.16481069042316257,4151123,4464062,15.292746479442032,15.238889458010291,15.311569671835723
Long Beach,2006,1.2512155913978495,-0.6046899033756667,0.12799999999999997,9061.619585376344,-0.22122803379416284,444971,151,0.6078431372549019,3509940,6093834,13.00576439048549,15.07110950127885,15.622787998248672
Long Beach,2007,1.0114430107526882,0.14204895327554393,0.326,6656.46772874552,-0.1499753058954394,5894291,155,0.2800751879699248,5611837,4151123,15.589494813303967,15.5403886748789,15.238889458010291
Long Beach,2008,2.038511559139785,-1.0071901486947636,-1.178,7837.49142594982,-0.055996966205837176,3582973,148,0.22741433021806853,4254159,3509940,15.091703460673992,15.263407650630574,15.07110950127885
Long Beach,2009,1.1596819892473118,0.011517944143620673,-0.03799999999999999,7511.340756415771,-0.27596937403993854,13652853,149,0.2601880877742947,3648805,5611837,16.4294590687445,15.109910274692217,15.5403886748789
Long Beach,2010,1.61670188172043,-0.7784216544569443,-0.81,6394.7616302795695,-0.17719212749615976,2781402,183,0.4413793103448276,5356383,4254159,14.838465675088731,15.493799491825081,15.263407650630574
Long Beach,2011,1.2107744623655914,-0.20769620646269135,-1.3900000000000001,11180.497728458782,-0.14251352428624398,14450287,173,0.5092879256965944,7387752,3648805,16.486224833917174,15.815334051789828,15.109910274692217
Long Beach,2012,1.7883720430107528,-0.13624780030587874,-1.516,9876.534461935484,-0.2812371543778802,814599,148,0.45454545454545453,9694093,5356383,13.610451246599329,16.08702728890447,15.493799491825081
Long Beach,2013,1.2977317204301075,0.2377891454723568,-0.8,7360.804993835125,0.0574739247311828,25633364,166,0.08385370205173952,11924512,7387752,17.059405342165956,16.294106671469468,15.815334051789828
Long Beach,2014,0.6000467741935483,0.7129734528450048,0.578,7942.913146953405,-0.15744903993855608,22329350,141,0.5134211810639336,12239058.999644667,9694093,16.92141251457046,16.320142952979104,16.08702728890447
Long Beach,2015,2.2166860215053763,0.4837841887392551,1.1920000000000002,4895.172918136201,-0.4120202817945866,6099129.591803957,158,0.36209813874788493,3062033.4112805305,11924512,15.623656629094167,14.934589766727607,16.294106671469468
Long Beach,2016,1.5636475806451613,0.28827462644853397,0.662,6857.669249605735,-0.23338170122887864,191525.54363086645,149,0,2084734.1189097008,12239058.999644667,12.162776465813922,14.55015188417694,16.320142952979104
Long Beach,2017,1.315085752688172,0.1923455301643382,0.33199999999999996,11111.238286451613,-0.21143634792626728,9947737.26284994,138,0.22519509476031216,13013667,3062033.4112805305,16.112855672504175,16.3815106708812,14.934589766727607
Long Beach,2018,1.259755376344086,0.4156877046836132,-0.10200000000000001,9419.517548960574,-0.20715322580645162,25598579,156,0.04472106961733518,24791967.53302395,2084734.1189097008,17.058047400096676,17.02603026887416,14.55015188417694
Long Beach,2019,2.039966666666667,1.1844789404549805,0.422,7135.549417060932,-0.06842872636262513,34470221.28917891,158,0.28135368281353684,21648062.840846512,13013667,17.355606358233942,16.89042653223617,16.3815106708812
Long Beach,2020,1.2645489247311827,0.43278171551220507,-0.666,7441.279512544803,-0.07689771505376344,21923271.31368688,159,0.18996415770609318,14663725,24791967.53302395,16.90305924767218,16.50088731491612,17.02603026887416
Long Beach,2021,2.971634946236559,-0.06478253940333208,-1.304,5467.283921433692,-0.10699431643625193,796817,153,0.11594202898550725,6000513,21648062.840846512,13.588380320366296,15.607355523537413,16.89042653223617
Long Beach,2022,1.843481182795699,0.3648663448731456,-1.824,7044.793565591398,-0.14175710445468512,20727248,157,0.42770419426048567,5973718,14663725,16.846959721137175,15.60288007209096,16.50088731491612
Long Beach,2023,2.0197177419354837,0.5717271369332769,-1.85,5978.163650752688,-0.32962829996292176,10145083,160,0.07574094401756312,NA,6000513,16.132499712578717,NA,15.607355523537413
Long Beach,2024,1.981977688172043,0.07038314694571479,-2.21,4976.834915555555,-0.17627357910906297,NA,165,0.07637231503579953,NA,5973718,NA,NA,15.60288007209096
