beach,season,survey_year,habitat_m2,pre_recruits,recruits,harvest_total,exploitation_rate,TAC,survey_date_first,survey_date_last,survey_doy,n_measured,n_dated,p_pre,p_76_100,p_101_120,p_gt120,p_pre_lt30,median_length_mm,survey_doy_imputed,pre_density,rec_density
Kalaloch,1997-98,1997,1236150,3801258,503381,64558,25.4,128367,1997-08-02,1997-08-05,216,400,400,0.87,0.0725,0.0275,0.03,0.8735632183908046,19.845,FALSE,3.0750782672005825,0.407216761719856
Kalaloch,1998-99,1998,1236150,148081,860286,0,25.4,218512.644,1998-08-07,1998-08-10,222,91,91,0.10989010989010989,0.6153846153846154,0.27472527472527475,0,0,88.76,FALSE,0.11979209642842698,0.6959398131294746
Kalaloch,1999-00,1999,1236150,74343,766639,36618,25.4,194726.306,1999-07-28,1999-07-31,211,94,94,0.0851063829787234,0.0851063829787234,0.6702127659574468,0.1595744680851064,0.75,109.66,FALSE,0.06014075961655139,0.6201828257088541
Kalaloch,2000-01,2000,1236150,3144457,1282935,89043,25.4,325865.49,2000-07-30,2000-08-02,213,1003,1003,0.7058823529411765,0.21335992023928216,0.03589232303090728,0.0448654037886341,0.043785310734463276,64.38,FALSE,2.5437503539214497,1.03784734862274
Kalaloch,2001-02,2001,1236150,5416711,6178486,169020,25.4,1569335.4440000001,2001-08-02,2001-08-05,216,1860,950,0.43870967741935485,0.4645161290322581,0.08602150537634409,0.010752688172043012,0.03553921568627451,77,FALSE,4.381920478906282,4.998168507058205
Kalaloch,2002-03,2002,1245716,9034958,5343031,9355,25.4,1357129.874,2002-08-08,2002-08-11,222,4670,4670,0.7659528907922912,0.039828693790149895,0.11777301927194861,0.07644539614561027,0.8618954431087503,18.49,FALSE,7.252823275931272,4.289124487443366
Kalaloch,2003-04,2003,1245716,7095019,2129400,197054,30,540867.6,2003-07-28,2003-07-31,211,1019,1019,0.7222767419038273,0.06673209028459273,0.06575073601570167,0.1452404317958783,0.8654891304347826,19.55,FALSE,5.695534937337242,1.709378381589383
Kalaloch,2004-05,2004,1245716,4486022,1775861,97732,30,451068.694,2004-07-29,2004-08-01,213,1196,1196,0.6914715719063546,0.18812709030100336,0.05852842809364549,0.061872909698996656,0.36275695284159615,63.739999999999995,FALSE,3.6011594938172102,1.4255745290258774
Kalaloch,2005-06,2005,1245716,3771213,1486625,50026,30,377602.75,2005-08-02,2005-08-05,215,762,762,0.7034120734908137,0.15879265091863518,0.11548556430446194,0.02230971128608924,0.024253731343283583,57.21,FALSE,3.02734571924901,1.1933899861605695
Kalaloch,2006-07,2006,1245716,409413,781596,14404,30,198525.384,2006-07-23,2006-07-26,205,168,168,0.34523809523809523,0.375,0.26785714285714285,0.011904761904761904,0.13793103448275862,85.755,FALSE,0.32865677249068004,0.6274271182195621
Kalaloch,2007-08,2007,1350936,791486,271868,3176,30,69054.472,2007-07-30,2007-08-02,213,199,199,0.7638190954773869,0.04020100502512563,0.16080402010050251,0.035175879396984924,0.9736842105263158,19.96,FALSE,0.5858797159895065,0.20124417440944647
Kalaloch,2008-09,2008,1350936,6034937,1263639,8789,30,320964.306,2008-07-29,2008-08-01,214,1234,1234,0.8290113452188006,0.16045380875202594,0.004862236628849271,0.005672609400324149,0.015640273704789834,68,FALSE,4.4672264267145145,0.93538035850699075
Kalaloch,2009-10,2009,1350936,3244015.9198873797,3532256.862757504,53373,30,897193.243140406,2009-07-22,2009-07-25,205,879,879,0.5119453924914675,0.17633674630261661,0.3083048919226394,0.0034129692832764505,0.9333333333333333,49.24,FALSE,2.401309847311331,2.614673724556533
Kalaloch,2010-11,2010,1350936,3042018,2038773,29516,30,517848.342,2010-07-13,2010-07-16,197,678,678,0.5929203539823009,0.1607669616519174,0.2153392330383481,0.030973451327433628,0.04975124378109453,69,FALSE,2.2517854287693866,1.5091558741494786
Kalaloch,2011-12,2011,1362708.5771762982,2321862,1138272,4082,30,289121.088,2011-07-29,2011-08-01,211,661,661,0.670196671709531,0.2405446293494705,0.08018154311649017,0.009077155824508321,0.7404063205417607,30.51,FALSE,1.7038580653914919,0.8353011194503825
Kalaloch,2012-13,2012,1362708.5771762982,903369,894041,1052,39.1,227086.414,2012-07-31,2012-08-03,214,254,254,0.547244094488189,0.35039370078740156,0.09448818897637795,0.007874015748031496,0.6618705035971223,72.5,FALSE,0.6629216364601542,0.6560764458183452
Kalaloch,2013-14,2013,1362708.5771762982,536262,1033286,2527,40,262454.64400000003,2013-07-21,2013-07-26,203,296,296,0.5236486486486487,0.35135135135135137,0.11824324324324324,0.006756756756756757,0.10967741935483871,75,FALSE,0.3935265463076497,0.758258968429697
Kalaloch,2014-15,2014,1362708.5771762982,549684,990040,934,40,251470.16,2014-07-14,2014-07-15,196,133,133,0.3533834586466165,0.37593984962406013,0.2631578947368421,0.007518796992481203,0.23404255319148937,85.63,FALSE,0.4033760476792578,0.7265236431192692
Kalaloch,2015-16,2015,1362708.5771762982,89708933,501890,0,40,127480.06,2015-06-30,2015-07-01,181,5602,5602,0.9937522313459479,0.00517672259907176,8.925383791503035e-4,1.785076758300607e-4,0.051553799173702175,53,FALSE,65.83134097965984,0.36830325163137856
Kalaloch,2016-17,2016,1362708.5771762982,985530,5715655,1710.0684275184274,38.5,1451776.37,2015-07-04,2016-07-07,188,1282,1282,0.15990639625585024,0.8229329173166927,0.01638065522620905,7.8003120124805e-4,0.06829268292682927,81.62,FALSE,0.7232140580212247,4.1943340606570105
Kalaloch,2017-18,2017,1362708.5771762982,100324349,192476,779,36.6,48888.904,2017-06-10,2017-07-26,206,12994,12994,0.9972294905340927,0.0017700477143296905,9.235031553024473e-4,7.695859627520394e-5,0.04715233832381541,50,FALSE,73.62127947259607,0.1412451665922836
Kalaloch,2018-19,2018,1362708.5771762982,1868151,6121148,4491,40,1554771.592,2018-06-28,2018-07-15,195,1448,1448,0.2341160220994475,0.7569060773480663,0.008977900552486187,0,0.02654867256637168,84,FALSE,1.3709101353651427,4.4918980496063075
Kalaloch,2019-20,2019,1362708.5771762982,10990138.77660818,1728823.8495066168,0,40,439121.2577746807,2019-06-17,2019-07-18,171,2217,2217,0.8980604420387912,0.05728461885430762,0.044654939106901215,0,0.009542943244600702,53,FALSE,8.064922288359787,1.268667328042328
Kalaloch,2020-21,2020,1362708.5771762982,7215994,2854354,1764,40,725005.916,2020-07-22,2020-07-24,205,869,869,0.6892980437284235,0.2945914844649022,0.01611047180667434,0,0.005008347245409015,72,FALSE,5.295331753875387,2.094618062736918
Kalaloch,2021-22,2021,1362708.5771763,97441943.61536248,800433.568190939,0,40,203310.12632049853,2021-07-12,2021-07-13,194,4907,4907,0.9873649887915223,0.009781944161402078,0.0028530670470756064,0,0.04623323013415893,56,FALSE,71.5060763888888,0.5873842592592584
Kalaloch,2022-23,2022,1362708.5771763,1168711.870008839,1202227.56128777,47439.75570229321,40,305365.8005670936,2022-07-12,2022-07-16,196,251,251,0.44621513944223107,0.5378486055776892,0.01593625498007968,0,0.03571428571428571,78,FALSE,0.8576388888888876,0.8822337962962951
Kalaloch,2023-24,2023,1362708.5771763,4717808,528741,0,40,134300.214,2023-06-17,2023-07-21,170,1571,1571,0.9598981540420115,0.03500954805856143,0.005092297899427116,0,0.007957559681697613,56,FALSE,3.4620813863048245,0.38800739120290595
Kalaloch,2024-25,2024,1362708.5771763,540588.3852166391,205037.17017698928,0,40,52079.44122495528,2024-06-23,2024-07-24,178,151,151,0.5894039735099338,0.3841059602649007,0.026490066225165563,0,0.02247191011235955,64,FALSE,0.39670138888888834,0.15046296296296274
Kalaloch,NA,2025,NA,NA,NA,NA,NA,NA,2025-07-14,2025-07-15,195,122,122,0.860655737704918,0.10655737704918032,0.03278688524590164,0,0.02857142857142857,62.355000000000004,FALSE,NA,NA
Mocrocks,1997-98,1997,2325140,19750368,2638590,892191,25.4,670201.86,1997-07-19,1997-07-22,201,1366,1366,0.8843338213762811,0.04758418740849195,0.038799414348462666,0.029282576866764276,0.6639072847682119,20.97,FALSE,8.494270452531891,1.1348090867646679
Mocrocks,1998-99,1998,2325140,2913691,6242839,0,25.4,1585681.106,1998-07-22,1998-07-25,205,532,532,0.29135338345864664,0.29887218045112784,0.32894736842105265,0.08082706766917293,0,89.885,FALSE,1.2531249731198981,2.684930369784185
Mocrocks,1999-00,1999,2325140,5937786,2792792,724414,25.4,709369.1680000001,1999-07-12,1999-07-15,194,529,529,0.6332703213610587,0.05671077504725898,0.15500945179584122,0.15500945179584122,0.25970149253731345,59.09,FALSE,2.553732678462372,1.2011285341957905
Mocrocks,2000-01,2000,2325140,5575492,3699951,864185,25.4,939787.554,2000-07-15,2000-07-18,199,1070,1070,0.5869158878504673,0.2,0.09439252336448598,0.11869158878504672,0.321656050955414,65.035,FALSE,2.3979166845867343,1.5912809551252827
Mocrocks,2001-02,2001,2325140,6040699,5244123,866652,25.4,1332007.242,2001-07-20,2001-07-23,203,679,679,0.5007363770250368,0.20471281296023564,0.1796759941089838,0.11487481590574374,0.17058823529411765,74.98,FALSE,2.597993669198414,2.255400965103177
Mocrocks,2002-03,2002,2325140,7016619,5352669,6240,25.4,1359577.926,2002-07-22,2002-07-25,204,1476,1476,0.5636856368563685,0.11314363143631437,0.1016260162601626,0.22154471544715448,0.49759615384615385,67.27000000000001,FALSE,3.0177189330534935,2.302084605658154
Mocrocks,2003-04,2003,2325140,11076882,3986456,1308344,30,1195936.8,2003-07-12,2003-07-15,194,937,937,0.7182497331910352,0.05549626467449306,0.06510138740661686,0.16115261472785486,0.45468053491827637,53.43,FALSE,4.763963460264758,1.7145014923832544
Mocrocks,2004-05,2004,2198582,9099346,5319346,1485004,30,1595803.8,2004-07-16,2004-07-19,200,1816,1816,0.6216960352422908,0.20594713656387664,0.11178414096916299,0.0605726872246696,0.21523472099202834,67.445,FALSE,4.138733965801594,2.4194439870789446
Mocrocks,2005-06,2005,2198582,3433757,4592593,1324586,30,1377777.9,2005-07-22,2005-07-25,204,1042,1042,0.42034548944337813,0.255278310940499,0.2667946257197697,0.05758157389635317,0.12100456621004566,80.03,FALSE,1.5618052908647482,2.088888656415817
Mocrocks,2006-07,2006,2198582,5346828,4106309,1269281,30,1231892.7,2006-07-09,2006-07-12,191,1202,1202,0.562396006655574,0.1447587354409318,0.08485856905158069,0.2079866888519135,0.08136094674556213,70.66499999999999,FALSE,2.4319438619983242,1.8677079135551915
Mocrocks,2007-08,2007,2198582,2927413,2503092,840567,30,750927.6,2007-07-11,2007-07-14,194,674,674,0.5400593471810089,0.06379821958456973,0.22551928783382788,0.17062314540059348,0.06318681318681318,70.95,FALSE,1.331500485312806,1.1385029077832893
Mocrocks,2008-09,2008,2198582,5058265,4678093,1439178,30,1403427.9,2008-07-16,2008-07-19,199,1223,1223,0.5126737530662305,0.24529844644317253,0.06541291905151267,0.17661488143908421,0.1291866028708134,74.47,FALSE,2.3006942656675986,2.127777358315496
Mocrocks,2009-10,2009,2198582,1414149,4197541,1040868,30,1259262.3,2009-07-18,2009-07-21,200,620,620,0.25,0.03225806451612903,0.38064516129032255,0.3370967741935484,0.8903225806451613,115.535,FALSE,0.6432095778096973,1.9092037504173145
Mocrocks,2010-11,2010,2198582,18064334,3637245,1042507,30,1091173.5,2010-07-09,2010-07-12,192,2719,2719,0.8311879367414491,0.12541375505700625,0.01250459727841118,0.030893710923133505,0.4433628318584071,43.04,FALSE,8.216356724470591,1.6543594917087467
Mocrocks,2011-12,2011,2180922,8211210.573092881,4038871,1214526,30,1211661.3,2011-07-11,2011-07-14,194,1565,1565,0.6741214057507987,0.11501597444089456,0.17955271565495207,0.031309904153354634,0.8293838862559242,23.81,FALSE,3.7650179938085273,1.8519098803166734
Mocrocks,2012-13,2012,2180922,10276881,6064449,1803289,39.1,1819334.7,2012-07-17,2012-07-20,201,1940,1940,0.6329896907216495,0.16443298969072165,0.13041237113402063,0.07216494845360824,0.16856677524429967,58.519999999999996,FALSE,4.712172649915953,2.780681289839802
Mocrocks,2013-14,2013,2180922,6663172.18847156,11935249,2931256.392037208,40,4177337.15,2013-07-21,2013-07-24,203,2369,2369,0.35542422963275644,0.254959898691431,0.19121992401857324,0.19839594765723934,0.09263657957244656,85.66,FALSE,3.0552088467499345,5.472570316590873
Mocrocks,2014-15,2014,2180922,12981705,11201544,1756090,40,4480617.600000001,2014-07-10,2014-07-16,194,3052,3052,0.536697247706422,0.035386631716906945,0.23656618610747052,0.1913499344692005,0.37545787545787546,60.39,FALSE,5.952393070453689,5.1361506738893
Mocrocks,2015-16,2015,2180922,5475844,8475370,1976762,40,3390148,2014-07-14,2015-07-17,197,1619,1619,0.39283508338480544,0.18344657195799877,0.13094502779493514,0.29277331686226066,0.11477987421383648,91,FALSE,2.510793141616252,3.886140815673371
Mocrocks,2016-17,2016,2180922,975023.3901635761,4893086.962600901,1072332.086692934,38.5,1883838.4806013468,2016-07-18,2016-07-21,202,644,644,0.16459627329192547,0.037267080745341616,0.40683229813664595,0.391304347826087,0.03773584905660377,116.05000000000001,FALSE,0.44706935422888855,2.243586410977055
Mocrocks,2017-18,2017,2180922,11427124.48278621,4253303.457807546,889661.9233281935,36.6,1556709.0655575616,2017-07-21,2017-07-24,203,2002,2002,0.7242757242757243,0.13336663336663337,0.03796203796203796,0.1043956043956044,0.02620689655172414,62.165,FALSE,5.239584213826175,1.9502318092107584
Mocrocks,2018-19,2018,2180922,6947903.719652981,7543871,2591402.990553636,40,3017548.4000000004,2016-07-13,2018-07-13,193,1850,1850,0.47081081081081083,0.3254054054054054,0.17189189189189188,0.03189189189189189,0.15958668197474168,76,FALSE,3.1857644242448746,3.459028337556318
Mocrocks,2019-20,2019,2180922,7500707,8249452,1879484.8883830658,40,3299780.8000000003,2019-07-01,2019-07-16,183,1907,1907,0.4593602517042475,0.15207131620346093,0.23544834819087573,0.15312008390141585,0.1495433789954338,81.87,FALSE,3.439236708144537,3.7825525167796004
Mocrocks,2020-21,2020,2180922,7140413.030163184,11653105,1095781,40,4661242,2020-07-02,2020-07-22,202,2204,2204,0.3779491833030853,0.29310344827586204,0.23321234119782214,0.09573502722323049,0.08043217286914765,87.995,FALSE,3.274034115004197,5.343201178217286
Mocrocks,2021-22,2021,2180922,48183070.7243025,9844546.413309697,2605994,40,3937818.565323879,2021-07-08,2021-07-11,191,6480,6480,0.8308641975308642,0.03364197530864198,0.07608024691358024,0.05941358024691358,0.3163075780089153,38.815,FALSE,22.092982107706053,4.513937872748175
Mocrocks,2022-23,2022,2180922,7704916.008671665,9823658.528375953,919439,40,3929463.4113503816,2022-07-11,2022-07-14,193,2133,2133,0.4435067979371777,0.19737458977965308,0.22972339428035632,0.12939521800281295,0.26215644820295986,82,FALSE,3.5328709640563325,4.504360324842407
Mocrocks,2023-24,2023,2180922,9618587,7009915,788923,40,2803966,2023-07-15,2023-07-18,197,1849,1849,0.5743645213628988,0.12709572742022715,0.12979989183342347,0.1687398593834505,0.09887005649717515,66,FALSE,4.410330584954437,3.214197940137245
Mocrocks,2024-25,2024,2180922,4622343.793434528,9200766.2336549,621856.3625311041,40,3680306.49346196,2024-07-19,2024-07-22,202,1751,1751,0.32724157624214734,0.29011993146773274,0.278697886921759,0.10394060536836093,0.019197207678883072,89.87,FALSE,2.119444800609342,4.218750708945528
Mocrocks,NA,2025,NA,NA,NA,NA,NA,NA,2025-07-10,2025-07-13,193,1771,1771,0.515527950310559,0.2540937323546019,0.15697346132128742,0.07340485601355166,0.012048192771084338,74,FALSE,NA,NA
Copalis,1997-98,1997,3237537,3768905,1180874,406097,25.4,299941.996,1997-04-23,1997-05-11,129,435,435,0.774712643678161,0.07816091954022988,0.06206896551724138,0.08505747126436781,0.6142433234421365,33.28,FALSE,1.1641272362292694,0.3647445573594989
Copalis,1998-99,1998,3237537,1777219,3013553,0,25.4,765442.462,1998-04-26,1998-05-14,120,368,368,0.34782608695652173,0.25271739130434784,0.30978260869565216,0.08967391304347826,0.0625,89.45,FALSE,0.5489416800487531,0.9308165435638265
Copalis,1999-00,1999,3237537,2034445,2954952,774493,25.4,750557.808,1999-04-16,1999-05-03,110,400,400,0.405,0.0475,0.245,0.3025,0.12962962962962962,108.80000000000001,FALSE,0.62839281836779,0.9127160554458528
Copalis,2000-01,2000,3325833,9540718,3236440,824906,25.4,822055.76,2000-06-01,2000-06-07,156,1474,1474,0.7455902306648575,0.18113975576662145,0.027137042062415198,0.04613297150610583,0.38398544131028206,50.285,FALSE,2.8686701948053317,0.9731216209593205
Copalis,2001-02,2001,3287571,17488883,8122270,1955865,25.4,2063056.58,2001-06-04,2001-06-10,158,2869,2869,0.6789822237713489,0.17148832345765075,0.0724991286162426,0.07703032415475776,0.6309034907597536,42.93,FALSE,5.319697430108734,2.4705991140571566
Copalis,2002-03,2002,3287571,3282696,7090319,169157,25.4,1800941.026,2002-06-09,2002-06-14,163,1211,1211,0.31131296449215523,0.1263418662262593,0.15772089182493806,0.4046242774566474,0.4297082228116711,112.62,FALSE,0.9985171422913756,2.1567044483602027
Copalis,2003-04,2003,3434732,11727251,2841229,1005303,30,852368.7,NA,NA,167.5,NA,NA,NA,NA,NA,NA,NA,NA,TRUE,3.4143132564636773,0.8272054413561233
Copalis,2004-05,2004,3434732,8852948,7105212,2481237,30,2131563.6,2004-06-02,2004-06-08,156,1686,1686,0.5302491103202847,0.2491103202846975,0.11447212336892053,0.10616844602609728,0.14429530201342283,71.315,FALSE,2.5774785339875135,2.068636504973314
Copalis,2005-06,2005,3434732,4799194,4953508,1769836,30,1486052.4,2005-06-04,2005-06-11,160,1079,1079,0.4902687673772011,0.1195551436515292,0.26506024096385544,0.12511584800741427,0.42344045368620037,78,FALSE,1.3972542835947608,1.4421818063243361
Copalis,2006-07,2006,3434732,3146425,2838707,998347,30,851612.1,2006-06-09,2006-06-14,163,710,710,0.5084507042253521,0.2647887323943662,0.0647887323943662,0.1619718309859155,0.06925207756232687,74.99000000000001,FALSE,0.9160612822193988,0.8264711773727906
Copalis,2007-08,2007,3375868,6567921,4751308,1536464,30,1425392.4,2007-06-12,2007-06-19,168,1381,1381,0.5778421433743663,0.1716147719044171,0.13106444605358436,0.11947863866763216,0.17669172932330826,67,FALSE,1.9455502999524863,1.4074329920482673
Copalis,2008-09,2008,3375868,9953166,6453563,2036810,30,1936068.9,2008-06-16,2008-06-21,171,2034,2034,0.6027531956735497,0.18190757128810225,0.09587020648967552,0.11946902654867257,0.1199021207177814,65,FALSE,2.948327955950884,1.911675160284703
Copalis,2009-10,2009,3375868,608425,6810540,2261530,30,2043162,2009-06-20,2009-06-26,174,881,881,0.08059023836549375,0.039727582292849034,0.5051078320090806,0.3745743473325766,0.4225352112676056,118,FALSE,0.18022772217397126,2.017418927517308
Copalis,2010-11,2010,3375868,6791312,4554449,1343492,30,1366334.7,2010-06-10,2010-06-16,164,1362,1362,0.604258443465492,0.22466960352422907,0.02569750367107195,0.14537444933920704,0.3195625759416768,66,FALSE,2.011723207187011,1.349119396848455
Copalis,2011-12,2011,3372924,7344699,2475820,736985,30,742746,2011-06-13,2011-06-18,167,1244,1244,0.747588424437299,0.11254019292604502,0.10209003215434084,0.03778135048231511,0.5924731182795699,36.849999999999994,FALSE,2.177546544185401,0.7340278049549886
Copalis,2012-13,2012,3372924,9898813.275365595,7151263.529760273,2370118,30,2145379.0589280818,2012-06-02,2012-06-07,157,2000,2000,0.589,0.118,0.186,0.107,0.599320882852292,42.825,FALSE,2.934786931269603,2.120197054472699
Copalis,2013-14,2013,3372924,1394801.4306300632,7472918.897618129,2410182.1384186,40,2615521.614166345,2013-06-20,2013-06-25,174,1095,1095,0.15799086757990868,0.24840182648401826,0.27031963470319637,0.3232876712328767,0.27167630057803466,109.91,FALSE,0.4135288641635753,2.2155610080802677
Copalis,2014-15,2014,3372924,6848606.887695922,5680975.315824114,1090544,36.5,1891764.78016943,2014-06-24,2014-07-11,178,1378,1378,0.5442670537010159,0.1748911465892598,0.08925979680696662,0.19158200290275762,0.14,71.69,FALSE,2.030465817698804,1.6842879696738242
Copalis,2015-16,2015,3372924,7077967,6440689,2009272,39,2511868.71,2015-06-14,2015-06-19,168,1504,1504,0.5146276595744681,0.2360372340425532,0.16156914893617022,0.08776595744680851,0.11627906976744186,73,FALSE,2.0984661972816463,1.9095268674894543
Copalis,2016-17,2016,3372924,2780283.1992922747,5708079.173169448,1943386.173702763,36.5,2083448.8982068484,2016-06-19,2016-06-24,173,974,974,0.3347022587268994,0.1273100616016427,0.2669404517453799,0.27104722792607805,0.17791411042944785,107.305,FALSE,0.8242946474015646,1.692323685078421
Copalis,2017-18,2017,3372924,6232276.077650437,4040482.437591441,967052.3385719492,32.8,1325278.2395299927,2017-06-22,2017-06-27,175,1219,1219,0.605414273995078,0.13125512715340443,0.11894995898277276,0.1443806398687449,0.08672086720867209,60.58,FALSE,1.8477368827908476,1.1979168334630252
Copalis,2018-19,2018,3372924,8332329,5236188,1788878.7242826994,35.6,1864082.9279999998,2018-06-12,2018-06-17,165,1663,1663,0.6073361395069152,0.19903788334335537,0.1413108839446783,0.052315093205051115,0.22376237623762377,68,FALSE,2.4703577667329593,1.5524180206847233
Copalis,2019-20,2019,3372924,6375231,10536758,2835315.6625862094,40,4214703.2,2019-06-15,2019-06-20,169,2007,2007,0.38216243148978574,0.25759840558046837,0.20079720976581963,0.15944195316392626,0.121251629726206,84,FALSE,1.8901199671264457,3.123923930690404
Copalis,2020-21,2020,3372924,12560196,11848503.289816255,628653,40,4739401.315926502,2020-06-19,2020-06-24,174,2651,2651,0.5118823085628065,0.23311957751791776,0.15843078083741985,0.0965673330818559,0.07148120854826824,74,FALSE,3.7238301248412355,3.512828421220358
Copalis,2021-22,2021,3372924,15426336.391075434,16519110.132892301,4133267,40,6607644.053156921,2021-06-22,2021-06-27,176,3756,3756,0.4858892438764643,0.13045793397231098,0.16586794462193824,0.21778487752928646,0.3835616438356164,76.72999999999999,FALSE,4.573579597724536,4.897563696333597
Copalis,2022-23,2022,3372924,8845252,14369717,1185177,40,5747886.800000001,2022-06-13,2022-06-18,167,2717,2717,0.37799043062200954,0.22672064777327935,0.18292234081707767,0.21236658078763343,0.17039922103213243,84,FALSE,2.6224284923111223,4.260314492707217
Copalis,2023-24,2023,3372924,9383846,6922690,1105545,39.5,2734462.5500000003,2023-06-15,2023-06-20,169,1711,1711,0.5774400935125658,0.11338398597311514,0.12624196376388078,0.18293395675043833,0.15182186234817813,62.13,FALSE,2.7821101216629844,2.052429879831268
Copalis,2024-25,2024,3372924,4209106.973030375,5931332.790994406,791059.2604412388,37.2,2212387.1310409135,2024-06-20,2024-06-25,175,1203,1203,0.4031587697423109,0.16957605985037408,0.31504571903574397,0.11221945137157108,0.09278350515463918,90,FALSE,1.2479104103829126,1.7585136193387119
Copalis,NA,2025,NA,NA,NA,NA,NA,NA,2025-06-23,2025-06-29,178,1248,1248,0.40625,0.266025641025641,0.1642628205128205,0.16346153846153846,0.04930966469428008,82,FALSE,NA,NA
Twin Harbors,1997-98,1997,2148547,12221602,3272094,817005,25.4,831111.876,1997-04-25,1997-09-16,232,1217,1217,0.7313064913722268,0.10106820049301561,0.13640098603122433,0.031224322103533278,0.8460674157303371,17.64,FALSE,5.688310285974661,1.522933405692312
Twin Harbors,1998-99,1998,2148547,2828460,2988789,0,25.4,759152.406,1998-08-20,1998-09-09,233,615,615,0.4943089430894309,0.2926829268292683,0.16747967479674797,0.04552845528455285,0.4506578947368421,76.3,FALSE,1.3164524676444127,1.3910745261797857
Twin Harbors,1999-00,1999,1966068,6815215,2551068,672930,25.4,647971.272,1999-08-08,1999-08-14,223,1048,1048,0.7223282442748091,0.11736641221374046,0.09923664122137404,0.061068702290076333,0.6895640686922061,30.095,FALSE,3.466418760693933,1.297548202808855
Twin Harbors,2000-01,2000,1966068,16308572,2222668,557935,25.4,564557.672,2000-08-14,2000-08-30,241,1795,1795,0.8651810584958217,0.05459610027855153,0.06239554317548746,0.017827298050139277,0.9349645846748229,10.87,FALSE,8.295019297399683,1.1305143057106875
Twin Harbors,2001-02,2001,2110285,8655755,3102785,725721,25.4,788107.39,2001-08-16,2001-09-04,232,1195,1195,0.7230125523012553,0.12133891213389121,0.06443514644351464,0.09121338912133892,0.8113425925925926,17.66,FALSE,4.101699533475336,1.4703156208758532
Twin Harbors,2002-03,2002,2351629,2203622,4094506,0,25.4,1040004.524,2002-08-19,2002-09-06,235,627,627,0.3763955342902711,0.28548644338118023,0.21212121212121213,0.12599681020733652,0.5127118644067796,89.95,FALSE,0.9370619260095874,1.741136038040014
Twin Harbors,2003-04,2003,2351629,11478383,3289170,840317,30,986751,2003-08-09,2003-08-27,226,1743,1743,0.7963281698221457,0.1038439472174412,0.04130808950086059,0.058519793459552494,0.8530259365994236,13.47,FALSE,4.881034806085483,1.3986772573394868
Twin Harbors,2004-05,2004,2357515,5003940,2520322,645559,30,756096.6,2004-08-03,2004-09-10,230,622,622,0.6414790996784566,0.2170418006430868,0.11254019292604502,0.028938906752411574,0.6992481203007519,52.175,FALSE,2.122548530974352,1.069058733454506
Twin Harbors,2005-06,2005,2357515,3262542,2677519,483206,30,803255.7,2005-08-06,2005-08-22,231,631,631,0.5499207606973059,0.24722662440570523,0.18066561014263074,0.022187004754358162,0.23054755043227665,72.67,FALSE,1.383890240359022,1.1357378426012135
Twin Harbors,2006-07,2006,2136744,3091728,3475932,904035,30,1042779.6,2006-08-06,2006-08-11,220,705,705,0.4524822695035461,0.40425531914893614,0.10354609929078014,0.03971631205673759,0.10658307210031348,78.31,FALSE,1.4469342139254866,1.6267423706349473
Twin Harbors,2007-08,2007,2136744,1724588,3934566,969050,30,1180369.8,2007-07-29,2007-08-12,222,613,613,0.2903752039151713,0.048939641109298535,0.47145187601957583,0.18923327895595432,0.07303370786516854,110.32,FALSE,0.8071102574758605,1.8413838999898913
Twin Harbors,2008-09,2008,1933692,4145700,2241658,794596,30,672497.4,2008-07-20,2008-08-05,215,598,598,0.6287625418060201,0.27424749163879597,0.03177257525083612,0.06521739130434782,0.09308510638297872,69.765,FALSE,2.1439298502553665,1.1592632125488445
Twin Harbors,2009-10,2009,1933692,2500305,3925788,1024023,30,1177736.4,2009-08-16,2009-08-22,232,681,681,0.37151248164464024,0.2261380323054332,0.315712187958884,0.08663729809104258,0.1541501976284585,88.22,FALSE,1.2930213291465238,2.030203362272792
Twin Harbors,2010-11,2010,1933692,2859722,2818092,1042366,30,845427.6,2010-07-25,2010-08-12,221,613,613,0.5008156606851549,0.265905383360522,0.16639477977161501,0.06688417618270799,0.048859934853420196,74.8,FALSE,1.4788921917244318,1.457363427060773
Twin Harbors,2011-12,2011,1821850,5571684.399998137,2054381.0212309088,750793,30,616314.3063692726,2011-08-02,2011-08-14,223,919,919,0.7236126224156693,0.191512513601741,0.07072905331882481,0.014145810663764961,0.29473684210526313,53.26,FALSE,3.0582563877367166,1.1276345589543095
Twin Harbors,2012-13,2012,1821850,8757894,4704458,1537299,39.1,1881783.2000000002,2012-07-30,2012-08-17,217,1694,1694,0.6475796930342385,0.17532467532467533,0.15879574970484062,0.01829988193624557,0.11941659070191431,64.88,FALSE,4.807143288415621,2.5822422263084226
Twin Harbors,2013-14,2013,1821850,1398700,5744411,1714479,40,2297764.4,2013-08-05,2013-08-22,231,778,778,0.2159383033419023,0.15681233933161953,0.4254498714652956,0.20179948586118251,0.34523809523809523,109.27,FALSE,0.7677360924335154,3.1530647418832505
Twin Harbors,2014-15,2014,1821850,3113981.400578473,6657152.369567599,1678117.5634047533,40,2662860.9478270398,2014-08-08,2014-08-25,222,1129,1129,0.29229406554472986,0.312666076173605,0.1470327723649247,0.24800708591674048,0.19696969696969696,89.37,FALSE,1.7092413758423983,3.6540617337144106
Twin Harbors,2015-16,2015,1821850,2831118,3239459,0,40,1198599.9956705624,2015-07-29,2015-08-04,215,732,732,0.4713114754098361,0.17896174863387979,0.21311475409836064,0.1366120218579235,0.34492753623188405,79,FALSE,1.553979745862722,1.778115102780141
Twin Harbors,2016-17,2016,1821850,3069920.60337371,4741577.183512065,867449.8168247234,38.5,1896630.873404826,2016-07-04,2016-08-04,205,956,956,0.3901673640167364,0.21443514644351463,0.17364016736401675,0.2217573221757322,0.3753351206434316,90.5,FALSE,1.6850567299029613,2.6026166717962864
Twin Harbors,2017-18,2017,1821850,1533197.355069725,1677810.4505683032,632295,36.6,506699,2017-07-27,2017-08-09,220,332,332,0.49698795180722893,0.1355421686746988,0.2319277108433735,0.1355421686746988,0.42424242424242425,76,FALSE,0.8415606965829926,0.9209377558900586
Twin Harbors,2018-19,2018,1821850,1752008.627169549,3614103.4764309837,1188410,40,1373359.3210437738,2018-07-16,2018-07-28,207,610,610,0.33934426229508197,0.419672131147541,0.1180327868852459,0.12295081967213115,0.25120772946859904,82,FALSE,0.9616645866397063,1.9837546869561071
Twin Harbors,2019-20,2019,1815964,1391999,4608068,755166.0561261297,40,1843227.2000000002,2019-07-14,2019-08-03,212,751,751,0.2436750998668442,0.5179760319573902,0.13715046604527298,0.10119840213049268,0.00546448087431694,88,FALSE,0.7665344687449751,2.53753268236595
Twin Harbors,2020-21,2020,1815964,2878450.5886878395,5210727,307171.80056991527,40,2084290.8,2020-07-31,2020-08-06,217,990,990,0.3515151515151515,0.2696969696969697,0.2191919191919192,0.1595959595959596,0.034482758620689655,86,FALSE,1.585081305955316,2.869399944051754
Twin Harbors,2021-22,2021,1815964,4559005.68834474,8529444.57103777,2120314,40,3411777.828415108,2021-07-21,2021-08-10,207,1670,1670,0.3467065868263473,0.3161676646706587,0.11976047904191617,0.21736526946107784,0.037996545768566495,84,FALSE,2.5105154553420332,4.696923821748542
Twin Harbors,2022-23,2022,1815964,2323486.432036238,5646633.656312946,1465516.9524623146,40,2258653.4625251787,2022-07-27,2022-08-09,210,903,903,0.3122923588039867,0.17054263565891473,0.18161683277962348,0.33554817275747506,0.5177304964539007,110,FALSE,1.2794782451834055,3.1094414076011123
Twin Harbors,2023-24,2023,1815964,3285569,3434858,1145617.6735108257,40,1281202.034,2023-07-30,2023-08-03,212,763,763,0.4954128440366973,0.24508519003931847,0.07863695937090433,0.18086500655307994,0.031746031746031744,76,FALSE,1.809269897420874,1.8914791262381854
Twin Harbors,2024-25,2024,1815964,4328537.01542431,5858108.701601524,0,40,2343243.4806406097,2024-08-01,2024-08-08,217,1165,1165,0.4317596566523605,0.3055793991416309,0.18798283261802576,0.07467811158798283,0.147117296222664,80,FALSE,2.383602877273068,3.2258947322752674
Twin Harbors,NA,2025,NA,NA,NA,NA,NA,NA,2025-08-07,2025-09-09,221,811,811,0.22564734895191121,0.37361282367447596,0.17879161528976573,0.2219482120838471,0.0546448087431694,90,FALSE,NA,NA
Long Beach,1997-98,1997,7063716,3831718,2119325,495615,25.4,538308.55,1997-05-22,1997-07-23,186,641,641,0.6552262090483619,0.1684867394695788,0.12012480499219969,0.056162246489859596,0.7333333333333333,37.44,FALSE,0.5424507440559615,0.30002975770826573
Long Beach,1998-99,1998,7063716,2645228,2422618,0,25.4,615344.972,1998-05-25,1998-07-13,173,522,522,0.4942528735632184,0.29310344827586204,0.13984674329501914,0.07279693486590039,0.14728682170542637,75.47999999999999,FALSE,0.37448108049644124,0.3429665065809554
Long Beach,1999-00,1999,7063716,5582944,4090683,1194779,25.4,1039033.4819999998,1999-05-15,1999-07-01,164,1059,1059,0.5391879131255902,0.1558073654390935,0.18885741265344666,0.11614730878186968,0.38528896672504376,70.96,FALSE,0.7903692617313607,0.5791120424433825
Long Beach,2000-01,2000,7063716,961200,4472665,1098115,25.4,1136056.91,2000-05-03,2000-07-04,169,562,562,0.18861209964412812,0.35231316725978645,0.34341637010676157,0.11565836298932385,0.19811320754716982,98.74,FALSE,0.13607568594207356,0.6331886785935334
Long Beach,2001-02,2001,7078432,16525001,7959677,1865729,25.4,2021757.9579999999,2001-05-06,2001-07-06,148,2493,2493,0.6514239871640594,0.24508624147613317,0.03650220617729643,0.06698756518251103,0.10899014778325124,63.35,FALSE,2.3345567210365235,1.1244972050307187
Long Beach,2002-03,2002,7078432,39094638,11729090,0,25.4,2979188.86,2002-05-13,2002-06-27,144,1667,1667,0.8554289142171566,0.04619076184763048,0.07978404319136173,0.01859628074385123,0.5785413744740533,30.76,FALSE,5.523064712636923,1.6570181079651538
Long Beach,2003-04,2003,7078432,21160972,4424363,1290978,30,1327308.9,2003-05-02,2003-07-02,163,2965,2965,0.8198988195615514,0.04350758853288364,0.10421585160202361,0.03237774030354131,0.5043192102015631,36.09,FALSE,2.989499934448759,0.6250484570594166
Long Beach,2004-05,2004,7078432,24964188,6265021,2810608,30,1879506.3,2004-05-04,2004-07-05,141,3378,3378,0.7910005920663115,0.10746003552397869,0.08081705150976909,0.020722320899940794,0.4981287425149701,39.635,FALSE,3.5267963300346743,0.8850859907957016
Long Beach,2005-06,2005,7078432,18349025,4464062,2042621,30,1339218.6,2005-05-09,2005-07-23,172,2475,2475,0.8016161616161617,0.06505050505050505,0.11636363636363636,0.01696969696969697,0.2535282258064516,45.87,FALSE,2.5922442993024446,0.6306569025456485
Long Beach,2006-07,2006,7078432,4380820,6093834,2686232,30,1828150.2,2006-05-12,2006-07-15,147,1104,1104,0.4067028985507246,0.11775362318840579,0.40851449275362317,0.06702898550724638,0.16481069042316257,95.78,FALSE,0.6188969534495775,0.8609016799200727
Long Beach,2007-08,2007,6945988,444971,4151123,1423881,30,1245336.9,2007-05-14,2007-07-28,151,502,502,0.10159362549800798,0.0697211155378486,0.44621513944223107,0.38247011952191234,0.6078431372549019,115.72,FALSE,0.06406158490340035,0.5976288758345105
Long Beach,2008-09,2008,6945988,5894291,3509940,1389027,30,1052982,2008-05-08,2008-07-06,155,849,849,0.6266195524146054,0.18492343934040048,0.05889281507656066,0.12956419316843346,0.2800751879699248,64.35,FALSE,0.8485892863621417,0.5053190417259575
Long Beach,2009-10,2009,6945988,3582973,5611837,1774864,30,1683551.1,2009-05-11,2009-08-08,148,870,870,0.3689655172413793,0.32873563218390806,0.22413793103448276,0.07816091954022988,0.22741433021806853,83.72,FALSE,0.51583345666592,0.8079249489057568
Long Beach,2010-11,2010,6945988,13652853,4254159,1459610,30,1276247.7,2010-05-17,2010-08-13,149,1657,1657,0.7700663850331925,0.1092335546167773,0.06698853349426674,0.05371152685576343,0.2601880877742947,48.86,FALSE,1.9655739399492196,0.6124627626768143
Long Beach,2011-12,2011,7143189,2781402,3648805,1425685,30,1094641.5,2011-05-16,2011-08-30,183,667,667,0.43478260869565216,0.15142428785607195,0.3748125937031484,0.038980509745127435,0.4413793103448276,90.18,FALSE,0.38937818948931635,0.5108089678153553
Long Beach,2012-13,2012,7143189,14450287,5356383,2382398,34.5,1847952.135,2012-05-07,2012-07-21,173,1825,1825,0.70794520547945206,0.15835616438356165,0.08438356164383562,0.049315068493150684,0.5092879256965944,38.08,FALSE,2.0229461939198305,0.7498587815610087
Long Beach,2013-14,2013,7143189,814599,7387752,2423612,39,2881223.28,2013-05-12,2013-07-12,148,789,789,0.09759188846641319,0.11026615969581749,0.6070975918884665,0.1850443599493029,0.45454545454545453,109.31,FALSE,0.11403856176842024,1.0342372293383248
Long Beach,2014-15,2014,7143189,25633364,9694093,2399845,40,3877637.2,2014-06-10,2014-07-29,166,3161,3161,0.7092692186017083,0.2024675735526732,0.024675735526732048,0.06358747231888642,0.08385370205173952,62.58,FALSE,3.588504238093098,1.3571099686708556
Long Beach,2015-16,2015,7143189,22329350,11924512,2689735,40,4769804.8,2015-05-18,2016-06-03,141,3082,3082,0.6648280337443219,0.13303049967553537,0.17293964957819596,0.029201817001946788,0.5134211810639336,47,FALSE,3.1259637677233516,1.6693541218075008
Long Beach,2016-17,2016,7143189,6099129.591803957,12239058.999644667,1601767,40,4895623.599857867,2016-05-10,2016-07-03,158,1814,1814,0.32579933847850057,0.1819184123484013,0.3296582138919515,0.16262403528114663,0.36209813874788493,100,FALSE,0.8538384735170743,1.7133886559132996
Long Beach,2017-18,2017,7143189,191525.54363086645,3062033.4112805305,839747,28.5,872679.5222149512,2017-05-11,2017-07-12,149,251,251,0.07569721115537849,0.1394422310756972,0.43824701195219123,0.3466135458167331,0,116,FALSE,0.026812330407450572,0.42866476181444035
Long Beach,2018-19,2018,7143189,9947737.26284994,2084734.1189097008,645290,16,333557.45902555215,2018-05-01,2018-08-13,138,1109,1109,0.8088367899008115,0.08746618575293057,0.025247971145175834,0.07844905320108206,0.22519509476031216,44,FALSE,1.3926185157427502,0.29184921733272084
Long Beach,2019-20,2019,7143189,25598579,13013667,1644196,40,5205466.8,2019-05-06,2019-08-30,156,3314,3314,0.6544960772480386,0.2392878696439348,0.07875678937839468,0.027459263729631866,0.04472106961733518,68,FALSE,3.5836345643381406,1.82182873783684
Long Beach,2020-21,2020,7143189,34470221.28917891,24791967.53302395,520200,40,9916787.01320958,2020-05-22,2020-08-19,158,5235,5235,0.5757402101241643,0.10009551098376314,0.23419293218720152,0.08997134670487106,0.28135368281353684,64,FALSE,4.825606782793918,3.4707142052413773
Long Beach,2021-22,2021,7143189,21923271.31368688,21648062.840846512,3337846,40,8659225.136338605,2020-05-29,2021-07-23,159,3933,3933,0.4965675057208238,0.1385710653445207,0.20900076277650648,0.155860666158149,0.18996415770609318,76,FALSE,3.069115392815013,3.0305879966001896
Long Beach,2022-23,2022,7143189,796817,14663725,1656655,40,5865490,2022-05-16,2028-06-28,153,1281,1281,0.053864168618266976,0.2029664324746292,0.3708040593286495,0.37236533957845436,0.11594202898550725,118,FALSE,0.11154919742428766,2.0528261256982
Long Beach,2023-24,2023,7143189,20727248,6000513,1490909,40,2154184,2023-05-18,2023-07-07,157,2354,2354,0.7697536108751062,0.1308411214953271,0.027612574341546302,0.07179269328802039,0.42770419426048567,40,FALSE,2.901679907951477,0.8400327920764801
Long Beach,2024-25,2024,7143189,10145083,5973718,1225499.8742503026,40,2138591,2024-05-22,2024-08-07,160,1445,1445,0.6304498269896194,0.20968858131487889,0.13771626297577855,0.022145328719723183,0.07574094401756312,64,FALSE,1.42024563538778,0.8362816663537812
Long Beach,NA,2025,NA,NA,NA,NA,NA,NA,2025-05-25,2025-07-27,165,1899,1899,0.6619273301737757,0.0832016850974197,0.15639810426540285,0.09847288046340179,0.07637231503579953,60,FALSE,NA,NA
