year,month,q_beaver_cms,q_willamette_cms,q_dalles_cms
1990,1,NA,1748.1513496774194,4539.822451612904
1990,2,NA,1866.4816457142856,5119.272914285714
1990,3,NA,1037.1256361290323,5481.584412903226
1990,4,NA,751.0559253333333,6093.77536
1990,5,NA,700.0643716129033,6476.326193548387
1990,6,NA,652.2302933333333,8959.435519999999
1990,7,NA,256.4862668387097,5158.224825806451
1990,8,NA,223.06330838709675,4048.1149212903224
1990,9,NA,266.2628704,3157.3232
1990,10,NA,453.3428335483871,3214.596211612903
1990,11,NA,1220.5484693333333,4636.404053333334
1990,12,NA,1175.1471999999999,5856.096929032257
1991,1,NA,1239.2710503225805,5889.8944
1991,2,NA,1077.45424,5772.581942857143
1991,3,NA,1187.0219870967742,6290.8968258064515
1991,4,NA,1094.9162666666666,6702.58656
1991,5,NA,997.2080825806453,8403.695483870968
1991,6,NA,441.6476906666666,8290.215146666667
1991,7,6656.274890322581,249.56235251612904,5935.566658064517
1991,8,5223.992877419355,216.9340913548387,4650.349316129033
1991,9,4136.140586666666,285.9808021333333,3491.744608
1991,10,4144.300696774194,373.39811303225804,3527.177145806452
1991,11,5637.87488,1246.1279786666666,3902.0550399999997
1991,12,6265.320361290323,1622.735329032258,3994.8610683870966
1992,1,5645.091096774194,883.48416,4277.663690322581
1992,2,6249.224827586207,1207.6626979310345,3813.003586206896
1992,3,5570.188593548387,524.7742451612903,4433.4974348387095
1992,4,5554.812266666666,724.6646677333333,4240.723968
1992,5,6753.100077419354,396.3347210322581,5958.402787096774
1992,6,5774.739413333334,201.75719999999998,5311.287786666667
1992,7,3951.563767741935,195.40418890322582,3480.9568206451613
1992,8,3459.856237419355,207.13282477419355,3042.1377651612906
1992,9,3191.8696959999997,217.5862912,2738.23456
1992,10,3340.3776103225805,271.2840784516129,2705.4418787096774
1992,11,4625.077333333334,808.2558613333333,3208.859776
1992,12,6685.505135483871,1581.4476077419356,4032.9517316129036
1993,1,6677.284129032258,1346.2354787096774,4144.300696774194
1993,2,5410.5314285714285,743.5182628571429,3790.9116
1993,3,7016.1722838709675,1812.7319225806452,4109.224402580645
1993,4,7739.925333333333,2040.5086079999999,4453.288746666666
1993,5,11018.888980645163,1323.3080051612903,8575.423174193547
1993,6,8530.907946666666,1065.4667946666666,6485.491093333333
1993,7,5608.553290322581,385.83923612903226,4778.231638709677
1993,8,4022.812490322581,335.6910967741935,3449.442962580645
1993,9,3346.479424,360.8504213333334,2945.513536
1993,10,3555.1285677419355,410.9589780645161,2918.8226683870967
1993,11,3853.538922666666,337.2247712,3230.663712
1993,12,4967.314787096774,821.8266116129032,3292.969806451613
1994,1,5637.783535483871,1251.3285264516128,3336.997863225806
1994,2,5911.132,908.4636228571429,4048.2910857142856
1994,3,5615.860851612903,984.7852283870968,3670.314002580645
1994,4,5568.026773333334,773.614976,4236.570837333334
1994,5,6649.880774193549,354.75469729032255,5930.085987096774
1994,6,6112.653226666666,352.9877898666666,5451.9278933333335
1994,7,4686.887122580645,222.51524129032256,4259.394787096774
1994,8,3032.1812129032255,215.93843612903225,2604.2321548387094
1994,9,2616.566709333333,248.338336,2145.1863786666668
1994,10,3242.730322580645,392.58046141935483,2648.7169341935482
1994,11,4908.245333333333,1331.5503253333334,3064.255317333333
1994,12,6657.188335483871,2188.3405729032256,3472.3704361290324
1995,1,7358.714219354839,2376.9669987096772,4084.9267612903222
1995,2,8954.176685714287,2409.1528914285714,5408.5088
1995,3,7050.8832,1253.9775174193546,5141.782812903226
1995,4,6352.402133333334,939.4570346666666,5129.116373333333
1995,5,8738.929858064515,887.6860077419354,7415.347819354839
1995,6,8692.313706666668,436.645056,7944.750186666667
1995,7,6183.110296774194,259.25400567741934,5616.774296774193
1995,8,4358.046864516129,236.50008670967742,4004.543587096774
1995,9,3466.825824,305.4533216,2957.406592
1995,10,4652.176206451612,549.9853316129032,3525.350255483871
1995,11,7263.2591999999995,1506.3593706666666,4623.472714666666
1995,12,12199.060129032257,3334.3488722580646,7313.955406451612
1996,1,10995.139406451612,2982.6724851612903,7053.623535483871
1996,2,15388.716137931035,4232.678091034482,9638.452855172414
1996,3,10654.424361290323,1104.6292335483872,8754.458425806451
1996,4,11007.684053333332,1424.7125973333334,9077.422186666667
1996,5,11492.053574193547,1263.203313548387,9680.691819354837
1996,6,11597.617386666667,479.120256,10696.199253333332
1996,7,7306.64784516129,279.8339251612903,6696.466477419355
1996,8,5482.497858064517,250.6767556129032,5068.7072
1996,9,4135.196693333333,339.41460373333337,3602.0857386666667
1996,10,4634.8207483870965,671.5648825806452,3657.4344258064516
1996,11,6619.523946666666,2202.480704,3796.150208
1996,12,10663.558812903226,4405.089290322581,5274.232361290323
1997,1,12581.793651612903,3517.403282580645,7786.20655483871
1997,2,10730.04457142857,1860.0092342857145,7889.262742857142
1997,3,11006.100748387096,2099.0969806451612,7997.212387096774
1997,4,10982.198933333333,1071.4133226666665,9255.818026666668
1997,5,14371.232722580646,800.8173729032258,12970.00784516129
1997,6,14569.937493333333,515.648928,13791.225493333333
1997,7,7907.694761290322,352.68117677419355,7554.191483870967
1997,8,5895.375070967742,303.94887741935486,5509.901212903226
1997,9,5020.5686399999995,440.79818666666665,4206.932586666666
1997,10,6012.296051612903,817.2593858064515,4727.99215483871
1997,11,6325.97312,1270.857984,4254.127253333333
1997,12,6750.359741935484,1156.7869522580645,4998.371922580645
1998,1,8147.930838709677,2548.968722580645,4791.0198709677425
1998,2,7908.477714285714,1540.231657142857,5754.378285714285
1998,3,7252.754580645161,1362.9515251612902,5367.403767741935
1998,4,5904.0527999999995,738.502144,4826.126613333334
1998,5,10479.04289032258,884.0322270967742,9517.1851354838709
1998,6,9690.00896,636.1841066666667,8650.7824
1998,7,6142.9187096774185,311.52133780645164,5721.820490322581
1998,8,4726.165264516128,260.3136020645161,4200.020851612903
1998,9,4027.5928533333336,292.94673493333335,3262.3785279999997
1998,10,4142.473806451612,424.752,2976.278369032258
1998,11,6627.075093333334,1493.2392533333334,3321.938197333333
1998,12,9346.37089032258,3067.348851612903,4461.2661677419355
1999,1,11491.140129032257,3204.3656258064516,6171.235509677419
1999,2,10974.782628571429,2633.4624,6414.766514285714
1999,3,10771.345341935485,1912.7541677419356,7427.222606451613
1999,4,8996.24736,998.6391466666665,7406.7309866666665
1999,5,10232.412696774192,1108.9224258064517,8394.561032258065
1999,6,10766.991253333332,752.2829866666667,9704.16736
1999,7,7770.677987096775,389.1276387096774,7106.6033548387095
1999,8,6315.5598451612905,294.2206864516129,5823.212903225806
1999,9,4554.285333333333,318.18644266666666,4006.9215893333335
1999,10,4261.221677419355,375.42596129032256,3623.1802322580643
1999,11,5716.218026666666,1152.49376,4245.632213333333
1999,12,8830.274374193548,2321.9776,5666.100335483871
2000,1,8210.04510967742,2059.8188387096775,5684.369238709677
2000,2,7709.004689655172,1558.4004413793102,5387.027089655173
2000,3,7028.960516129032,1276.996335483871,5320.818064516129
2000,4,8989.640106666668,873.1013333333333,7732.374186666667
2000,5,8661.287019354837,882.3880258064515,7372.415896774193
2000,6,6732.7911466666665,573.8871466666667,5926.7062399999995
2000,7,5195.676077419354,287.8265703225806,4759.962735483871
2000,8,4034.687277419355,252.01952,4040.80736
2000,9,3455.9710506666665,303.08414933333336,3260.773909333333
2000,10,3753.346167741935,421.0982193548387,3113.5691767741937
2000,11,4423.08416,474.7783466666667,3609.4481066666667
2000,12,5142.696258064516,705.179664516129,4059.350296774194
2001,1,4344.345187096774,479.55870967741936,3677.5302193548387
2001,2,4007.838514285714,479.36297142857137,3563.8715428571427
2001,3,4023.725935483871,517.9234064516129,3380.4778529032255
2001,4,4261.6784,712.6394666666666,3275.309866666667
2001,5,4948.132438709677,664.9880774193548,3908.63184516129
2001,6,4296.602453333334,361.605536,3727.90672
2001,7,2786.007741935484,213.38078967741933,2457.3501729032255
2001,8,3011.0806296774194,201.23196903225806,2816.2427767741938
2001,9,2550.777344,211.243328,2368.7947093333332
2001,10,2785.8250529032257,277.7786735483871,2462.5568103225805
2001,11,4559.0048,880.65248,3031.1246613333333
2001,12,7737.793961290323,2611.5397161290325,3453.0053987096776
2002,1,7383.377238709677,2130.1541161290324,3995.409135483871
2002,2,6271.159885714285,1309.652,4169.6488
2002,3,5713.599483870968,1301.6593548387098,3594.9547767741938
2002,4,8127.865493333333,1254.43424,6207.04256
2002,5,7699.4292645161295,682.3435354838709,6698.293367741935
2002,6,10129.863253333333,482.3294933333333,9120.84128
2002,7,6852.6656,268.55287741935484,6456.2303999999995
2002,8,4367.181316129032,239.50532129032257,4277.663690322581
2002,9,3184.035381333333,265.894752,2999.787402666667
2002,10,3544.4412593548386,316.96547096774196,3040.767597419355
2002,11,4375.889493333333,395.585696,3604.72864
2002,12,5200.243303225806,1006.2511896774193,3472.9185032258065
2003,1,6687.332025806451,1900.8793806451613,3427.1549006451614
2003,2,7059.985028571428,1658.5554285714286,3773.2136
2003,3,8229.227458064515,1919.1482838709676,4406.459458064516
2003,4,8961.323306666667,1392.337056,5729.432533333334
2003,5,8512.395458064515,706.0931096774193,6849.925264516129
2003,6,7473.747413333333,397.75665066666664,6938.559893333333
2003,7,4251.173780645161,231.37565935483872,4158.915819354838
2003,8,3794.4512,212.74137806451614,3718.6352516129036
2003,9,2960.3326613333334,260.42017066666665,2678.014165333333
2003,10,3385.8671793548388,273.1201032258065,3022.6813832258063
2003,11,4298.49024,417.2008533333333,3510.3393066666667
2003,12,6526.565677419355,1902.7976154838711,4010.937703225806
2004,1,6957.7117935483875,2134.2646193548385,3984.4477935483874
2004,2,6435.725131034483,1675.7686951724138,3840.4415889655174
2004,3,5431.344929032258,887.8686967741936,4038.3410580645163
2004,4,5731.32032,734.3490133333332,4592.98496
2004,5,7176.938632258065,614.748593548387,6224.215329032258
2004,6,7413.33824,529.5241599999999,6297.65632
2004,7,4601.023277419355,240.0533883870968,4153.435148387096
2004,8,4143.387251612903,255.30792258064514,3668.5784567741935
2004,9,4000.219946666666,344.99301333333335,3230.94688
2004,10,4153.343803870967,508.6062658064516,3151.65984
2004,11,4726.07392,619.288416,3516.0026666666668
2004,12,6073.496877419355,1120.1578012903226,4365.354425806451
2005,1,5110.725677419355,642.3346374193549,4222.8569806451615
2005,2,4425.511314285714,411.40265142857146,4121.105714285714
2005,3,4495.977083870967,571.7892676129032,3758.6441496774187
2005,4,5830.42912,980.2332266666666,4112.543253333333
2005,5,8353.456,899.2867612903226,6588.679948387096
2005,6,6571.385386666666,542.9274453333333,5527.43936
2005,7,5491.632309677419,275.8147664516129,4980.103019354839
2005,8,4203.674632258065,229.52136567741934,3851.0848
2005,9,3018.098933333333,271.99230293333335,2677.542218666667
2005,10,3726.582224516129,340.71504516129033,3131.564046451613
2005,11,4629.7968,1065.561184,3491.5558293333333
2005,12,6040.612851612904,1682.7486761290322,3800.845316129032
2006,1,10566.733625806452,4244.779664516129,5157.311380645161
2006,2,7034.702171428571,1768.1818971428572,5038.367771428571
2006,3,5677.975122580645,988.164975483871,4654.003096774193
2006,4,9817.43456,1035.545376,8644.175146666666
2006,5,11005.187303225806,754.1403251612903,9662.422916129033
2006,6,10445.123626666667,569.3564586666666,8878.260693333332
2006,7,5606.7264,249.5349491612903,5111.639122580645
2006,8,4223.770425806451,229.00070193548387,3868.440258064516
2006,9,3217.921152,276.9099872,2630.441941333333
2006,10,3536.494286451613,344.36882580645164,2747.9170787096773
2006,11,7866.40704,2122.627328,3672.972128
2006,12,7743.274632258065,2357.7846503225805,4000.25039483871
2007,1,7749.668748387097,1801.8619251612904,4837.605574193549
2007,2,6098.2251428571435,1190.3169142857141,4079.641828571429
2007,3,8192.689651612902,1328.8800206451613,5677.061677419355
2007,4,8358.175466666667,780.694176,6486.434986666666
2007,5,8769.073548387098,567.8888567741935,7407.126812903226
2007,6,7115.067946666666,357.1597984,6075.841386666666
2007,7,5537.304567741935,227.4113073548387,4845.826580645161
2007,8,4363.527535483871,217.56436851612904,4014.5914838709677
2007,9,2928.901013333333,235.4258752,2533.598485333333
2007,10,3515.211014193548,473.9044841290322,2744.354642580645
2007,11,4457.0643199999995,833.92976,3229.908597333333
2007,12,7089.247896774194,1984.1855793548386,3664.741987096774
2008,1,7176.938632258065,1994.5988541935483,4160.742709677419
2008,2,6231.648882758621,1351.8830896551724,3802.653307586207
2008,3,6091.765780645162,1187.0219870967742,4047.475509677419
2008,4,6594.038826666666,903.30592,4564.66816
2008,5,11046.29233548387,1252.5160051612902,8747.15086451613
2008,6,12776.54016,965.9804373333334,10200.655253333332
2008,7,7052.710090322581,380.8335566451613,5851.529703225806
2008,8,4445.7376,282.2454203870968,3708.5873548387094
2008,9,3325.336213333333,305.49107733333335,2637.898698666667
2008,10,3394.4535638709676,393.5121754838709,2728.186663225806
2008,11,4842.1728,917.0867626666667,3405.0951999999997
2008,12,4690.540903225807,808.3076232258064,3833.7293419354837
2009,1,8690.51726451613,2367.010446451613,5066.880309677419
2009,2,4639.9099428571435,632.9816114285713,3719.6139428571432
2009,3,5468.796180645161,1137.1478812903224,3884.8822709677424
2009,4,8327.97088,971.832576,6558.17088
2009,5,10030.541316129033,1131.9412438709678,7830.051922580645
2009,6,9326.610026666667,459.015328,8145.799466666667
2009,7,5406.681909677419,261.3549295483871,4668.618219354838
2009,8,4017.331819354839,270.891297032258,3378.9249961290325
2009,9,3043.678442666667,291.85181866666665,2331.416533333333
2009,10,3343.2092903225807,337.3170291612903,2570.1606503225808
2009,11,5070.594986666666,1049.13744,3342.7038506666668
2009,12,5002.939148387097,1008.626147096774,3810.893212903226
2010,1,6147.485935483871,1890.6487948387094,3384.8623896774193
2010,2,4827.003085714286,920.5993942857143,3367.6765714285716
2010,3,5245.915561290322,998.3955612903225,3174.678658064516
2010,4,6847.00224,1416.0287786666665,3790.2980693333334
2010,5,8090.383793548387,979.3959019354837,5804.03055483871
2010,6,11967.623573333332,1399.6050346666666,9589.956266666668
2010,7,6283.589264516128,424.752,5329.952516129032
2010,8,4096.801548387097,281.05794167741936,3556.4987354838713
2010,9,3199.232064,309.43655146666663,2492.727904
2010,10,3850.536732903226,446.46459148387095,2943.3029987096775
2010,11,5639.7626666666665,1206.9564053333334,3577.261344
2010,12,7731.39984516129,2604.597532903226,3987.462162580645
2011,1,9362.812903225808,2188.3405729032256,5783.021316129032
2011,2,7374.503771428571,834.3342857142857,6096.202514285715
2011,3,9369.207019354837,1886.355602580645,6480.893419354838
2011,4,12211.148053333332,1781.8818346666665,8533.739626666667
2011,5,13429.470761290322,1057.9521858064516,11206.145238709678
2011,6,15912.153813333334,863.379232,13801.60832
2011,7,10668.126038709677,451.97266580645163,9328.101987096774
2011,8,6314.6464,289.43423380645163,5634.12975483871
2011,9,4315.48032,337.94213013333336,3482.9664
2011,10,4455.785496774193,374.9509698064516,3397.559277419355
2011,11,5829.485226666667,760.1173013333333,3801.0584533333335
2011,12,5667.013780645161,663.8828087741936,3994.495690322581
2012,1,8910.657548387097,2667.44256,4205.501522580645
2012,2,7206.137379310345,1398.654631724138,4106.912441379311
2012,3,10120.972387096775,2279.5024,5910.903638709678
2012,4,13530.710933333332,2079.963349333333,9496.510826666667
2012,5,12860.394425806451,1007.9867354838709,10141.981625806453
2012,6,11707.109013333333,679.4144213333333,9991.110933333333
2012,7,10529.282374193548,379.1436830967742,9267.814606451613
2012,8,6680.937909677419,296.95188748387096,5748.3104
2012,9,4229.586026666666,298.7705568,3341.1936213333333
2012,10,4049.8504670967736,500.5222761290322,2753.1237161290323
2012,11,7373.6947199999995,1724.8706773333333,3811.5356693333338
2012,12,9774.776670967742,2612.7271948387092,5175.580283870968
2013,1,7292.032722580645,972.7277522580644,5229.473548387096
2013,2,6149.8021714285715,852.33568,4123.128342857143
2013,3,5638.696980645162,844.2060180645161,3765.22095483871
2013,4,9229.389013333333,902.2676373333333,6737.510613333334
2013,5,10143.808516129033,610.8207793548387,8295.90895483871
2013,6,8192.994133333332,464.39552,7048.995413333333
2013,7,6859.973161290322,304.9902049032258,5950.181780645161
2013,8,4926.20975483871,289.0779901935484,4319.682167741935
2013,9,3870.2458346666663,415.2469941333333,2875.1934826666666
2013,10,4843.08624516129,631.555984516129,3134.761104516129
2013,11,5400.957653333334,851.7693439999999,3366.961909333333
2013,12,5655.138993548388,731.7609187096774,3689.3136619354837
2014,1,5653.312103225806,736.8762116129033,3716.8083612903224
2014,2,7809.368914285714,2391.6571542857146,3528.27328
2014,3,11081.003251612903,2165.961166451613,6573.151380645161
2014,4,10156.292266666667,1115.68192,6970.652266666666
2014,5,11526.764490322581,836.9898012903226,8915.224774193548
2014,6,9560.695573333333,461.09189333333336,7942.8624
2014,7,7134.006709677419,353.22010941935486,6061.622090322581
2014,8,5100.677780645161,300.66960929032257,4242.039329032257
2014,9,3449.269408,275.9944106666666,2605.334378666667
2014,10,3615.964015483871,434.9734513548387,2667.168526451613
2014,11,5879.511573333333,1076.604736,3640.5965866666666
2014,12,8151.584619354838,2143.3077264516132,4657.656877419355
2015,1,7815.4367999999995,1323.6733832258064,5553.746580645161
2015,2,9113.964342857142,1228.4434628571428,6682.7648
2015,3,7367.848670967742,685.9059716129033,5657.879329032257
2015,4,6450.56704,534.054848,5054.5488
2015,5,5824.126348387096,356.88302451612907,5254.136567741935
2015,6,4890.31136,292.95617386666663,4376.833386666666
2015,7,4108.676335483871,244.96772335483868,3719.91407483871
2015,8,4194.540180645161,241.43269058064516,3793.53775483871
2015,9,3156.9456426666666,212.5270229333333,2709.1626453333333
2015,10,2952.985517419355,207.22416929032258,2610.1695483870967
2015,11,5301.848853333334,683.7563306666667,3539.7887786666665
2015,12,9604.875870967742,3069.3584309677417,3781.4802787096773
2016,1,7257.321806451612,1960.8013832258064,4116.897341935483
2016,2,7516.645737931035,1445.5238179310345,4795.303613793103
2016,3,9123.490270967743,1802.3186477419356,5877.106167741935
2016,4,9377.580266666668,685.1721706666667,7938.142933333333
2016,5,7545.970477419355,516.2792051612903,7081.940335483871
2016,6,5820.990186666666,435.88994133333335,5552.92448
2016,7,4656.743432258065,319.5779241290323,4318.768722580645
2016,8,3961.6116645161287,245.10474012903225,3588.9260387096774
2016,9,3010.642176,245.1102208,2570.4103253333333
2016,10,5078.481063225806,1004.6435261935484,3140.515809032258
2016,11,6571.385386666666,1432.83008,4019.0978133333338
2016,12,7080.11344516129,1912.7541677419356,4362.614090322581
2017,1,6880.9824,1444.6135225806452,4913.421522580645
2017,2,10182.923542857143,2644.991382857143,6149.8021714285715
2017,3,14695.50575483871,2534.2622554838713,9986.695948387098
2017,4,14770.986773333332,1473.2287146666665,11046.383679999999
2017,5,14945.78972903226,1097.5957058064516,11861.085419354838
2017,6,12042.191146666668,510.7406826666667,10426.24576
2017,7,5753.791070967743,315.1933873548387,5182.88784516129
2017,8,4069.398193548387,320.12599122580644,3649.2134193548386
2017,9,3649.280405333333,313.14605226666663,3082.944405333333
2017,10,3937.862090322581,683.8872578064515,2613.366606451613
2017,11,6306.15136,1535.7144533333333,3383.763210666667
2017,12,6470.845522580645,922.5796129032258,4249.346890322581
2018,1,8835.75504516129,1587.2023122580645,5549.1793548387095
2018,2,8768.094857142858,898.1482171428571,6731.3078857142855
2018,3,7323.089858064516,1001.5012748387097,5677.061677419355
2018,4,10329.96864,1335.8922346666666,7702.1696
2018,5,14068.882374193548,448.13619612903227,12762.655793548387
2018,6,8819.739306666666,393.7356650666666,7793.727253333333
2018,7,5181.06095483871,263.56546683870965,4844.913135483871
2018,8,3968.9192258064513,219.67442683870968,3779.8360774193548
2018,9,2731.060970666667,223.277968,2642.6181653333333
2018,10,2769.38304,202.68434683870967,2549.2427561290324
2018,11,3988.893226666666,266.6687445333333,3569.2382506666668
2018,12,5280.626477419355,932.5361651612903,3494.8411870967743
2019,1,5745.570064516129,1073.6634425806453,3750.879865806451
2019,2,5630.997942857143,1067.8467542857143,3882.435542857143
2019,3,5359.182761290323,808.9470348387097,4280.4040258064515
2019,4,10045.856746666666,2226.266816,7091.470613333334
2019,5,8710.613058064515,524.4088670967742,8095.864464516129
2019,6,6544.01248,344.46443306666663,6219.313173333334
2019,7,3991.75535483871,184.21448567741933,3900.4108387096776
2019,8,3746.9520516129037,171.98345496774195,3610.026621935484
2019,9,2911.627765333333,229.8191488,2445.344458666667
2019,10,3240.3553651612906,295.1889383225806,2474.796975483871
2019,11,3960.5764266666665,246.84698453333334,3277.858378666667
2019,12,4357.133419354838,457.3437233548387,3291.5996387096775
2020,1,7419.91504516129,1873.5673703225807,3974.3998967741936
2020,2,8114.227862068965,1353.6406841379312,5114.599944827586
2020,3,4513.332541935483,428.86250322580645,3699.4529032258065
2020,4,5446.264533333334,635.6177706666667,4506.146773333334
2020,5,9713.57584516129,547.2449961290322,8812.005470967742
2020,6,9981.672,536.60336,9005.686293333332
2020,7,6281.762374193549,255.17090580645163,6057.968309677419
2020,8,4169.877161290323,204.80353961290322,4263.962012903226
2020,9,2966.939914666667,260.9487509333334,2861.3182506666667
2020,10,3220.5336051612903,369.48856774193547,2712.292717419355
2020,11,5197.076693333333,806.0471509333333,3717.0519466666665
2020,12,6058.88175483871,1475.3966245161291,3821.8545548387096
2021,1,8589.124851612904,2252.2817341935483,4851.307251612903
2021,2,7460.465485714286,1641.6664799999999,4519.563542857143
2021,3,5126.25424516129,756.5152825806451,3556.0420129032254
2021,4,5155.545386666667,486.482624,4155.962346666666
2021,5,6649.880774193549,372.68562580645164,6093.592670967742
2021,6,6405.26016,388.2894005333333,6152.296746666666
2021,7,4442.083819354839,181.2549233548387,4187.232619354839
2021,8,3824.594890322581,147.64014141935485,3602.079649032258
2021,9,2786.467509333333,215.12272959999999,2732.5712
2021,10,3112.9297651612906,364.8482663225806,3022.5900387096776
2021,11,5920.098986666666,1065.844352,4098.384853333334
2021,12,7713.130941935485,1846.5293935483871,4445.7376
2022,1,8730.708851612902,2097.2700903225805,4488.669522580645
2022,2,5811.011885714285,498.4768114285714,3564.882857142857
2022,3,7195.207535483871,1123.5375483870969,3802.6722064516125
2022,4,5869.128746666666,974.8530346666665,3902.9989333333338
2022,5,9376.514580645162,1684.2101883870969,6721.129496774193
2022,6,13747.8064,1201.6706026666666,10510.252266666666
2022,7,7851.974606451612,387.28247948387093,5725.474270967742
2022,8,5247.742451612903,221.74794735483871,4041.9948387096774
2022,9,3148.7337706666667,249.45213013333336,2948.533994666667
2022,10,2744.171953548387,370.0366348387097,2740.974895483871
2022,11,4790.258666666667,677.7154133333333,3292.299946666667
2022,12,5594.851612903226,1150.1188025806453,3192.2168051612903
2023,1,5843.308696774194,1488.7329238709679,2958.648877419355
2023,2,4495.292,568.9654171428571,3092.5990857142856
2023,3,4353.479638709678,994.9244696774193,3212.129909677419
2023,4,6222.144853333333,1724.776288,4036.0878933333333
2023,5,11554.16784516129,897.8252490322581,9442.282632258064
2023,6,5705.8351999999995,347.3716245333333,4456.120426666666
2023,7,4147.954477419355,217.17158709677418,3747.8654967741936
2023,8,3781.662967741935,192.17972748387098,3379.747096774194
2023,9,2630.064384,207.76980053333332,2719.1679146666665
2023,10,2949.4230812903224,380.24895174193546,2647.529455483871
2023,11,4721.354453333333,655.7226986666667,2972.9808319999997
2023,12,6268.974141935484,1744.6802580645162,2586.2372851612904
2024,1,6962.279019354839,2632.2749212903227,2820.992691612903
2024,2,5797.132468965518,1619.2327393103446,3224.4047227586207
2024,3,6380.414451612904,1568.842064516129,3531.378993548387
2024,4,5889.8944,736.803136,4595.81664
2024,5,6849.925264516129,960.4875870967741,5403.028129032257
2024,6,6352.402133333334,472.48468586666667,5348.099626666666
2024,7,4483.188851612904,267.5663566451613,4112.330116129032
2024,8,3622.7235096774193,208.93231174193548,3418.659860645161
2024,9,2753.4312426666665,250.65087466666665,2602.31392
2024,10,2682.3317161290324,321.01203303225805,2430.9516077419357
2024,11,5212.178986666666,1235.461984,3170.537706666667
2024,12,5932.826322580645,1478.410993548387,3519.504206451613
2025,1,6499.162322580645,1920.8838296774193,3747.8654967741936
2025,2,5651.224228571428,1339.4857714285713,3707.4781714285714
2025,3,7009.778167741935,1911.4753445161289,4369.921651612904
2025,4,7575.687893333333,1134.7485653333333,5662.416106666667
2025,5,6483.63375483871,471.97711483870967,5767.492748387096
2025,6,5289.57824,272.21883733333334,4739.288426666666
2025,7,3736.90415483871,183.66641858064514,3521.6964748387095
2025,8,3592.5798193548385,174.60504258064515,3281.277708387097
2025,9,2680.18512,198.05713813333332,2532.654592
2025,10,3144.7176567741935,316.72797522580646,2850.9536929032256
2025,11,4500.483413333333,542.549888,3421.6133333333332
2025,12,8810.178580645163,1872.9279587096773,4148.867922580645
2026,1,6980.547922580645,991.3620335483871,3785.3167483870966
2026,2,6086.089371428571,951.5456114285714,3614.437257142857
2026,3,8025.529187096775,1230.5019767741935,4971.882012903226
2026,4,6701.317186206897,695.8591407407407,5385.85536
2026,5,6825.26224516129,380.0936660645161,5872.538941935483
2026,6,5582.185173333333,279.2885984,5173.47936
2026,7,4141.087889655173,192.74606348387098,4102.282219354839
2026,8,3423.227086451613,158.3000464516129,3329.416268387097
2026,9,2481.137544827586,193.65657257142857,2403.3151668965515
