year,month,tau_along_anom,tau_along_clim,n_tau_along,ekman_anom,ekman_clim,n_ekman,hs_anom,hs_clim,n_hs,hs2_anom,hs2_clim,n_hs2,storm_anom,storm_clim,n_storm
1990,1,0.021244524934763337,-0.04346117135093125,1,0.19371895933182431,-0.3950287423332433,1,0.4768574090184306,3.0380461192418053,1,3.3274112942952305,10.760348504887103,1,0.17239512895401335,0.19371513931441786,1
1990,2,-0.00550410341878762,-0.02358349043317241,1,-0.049809507788130966,-0.21618706177108854,1,0.4410823785638217,2.7817170822996253,1,4.037413063394593,9.177554802588357,1,0.16645749306020957,0.13759334284466052,1
1990,3,0.0189224880302109,-0.031393675134892315,1,0.17487690855290508,-0.2864238315235854,1,-0.5008931381193958,2.665874766366925,1,-2.968096585125534,8.51652694236105,1,-0.09174183436081049,0.13157365470881927,1
1990,4,0.017604155490967943,-0.013295056158115008,1,0.16020604563105845,-0.12124090984207082,1,-0.4920381052005766,2.271133662954427,1,-2.4356644615855614,6.065962832180807,1,-0.044612956785414146,0.047469747583718275,1
1990,5,-0.009539798387159152,0.005886255569044331,1,-0.08754687830696121,0.054241152176877624,1,0.026603016280014557,1.7459837116450603,1,0.07397419834715212,3.502661425063787,1,-0.00775103457106092,0.006087080187303581,1
1990,6,-0.014630310223432865,0.01012452179940359,1,-0.13410413309079597,0.09291438823800793,1,0.16554547210729761,1.5781520879503164,1,0.4437998508964349,2.8926578281877036,1,-0.0041768359461229285,0.003790113011179824,1
1990,7,0.001878964056103814,0.018496526308605724,1,0.01821009276934363,0.16962703021083023,1,0.07685649938686095,1.3756230183104603,1,0.27343224058728516,2.115424334863351,1,-4.4217608445667276e-5,4.4430154313741316e-5,1
1990,8,-0.004452735594434938,0.011839587323091209,1,-0.0404821628742501,0.10903444588391291,1,-0.02098403630617187,1.371162251293646,1,-0.23575426613558292,2.1478446610543926,1,-0.0015247589619623405,0.0017783309952738562,1
1990,9,0.00839297535295069,0.003330154314226717,1,0.07753874971362101,0.030617009004195946,1,-0.38674399204559273,1.7606557391483988,1,-1.5582857303390205,3.7330431835167914,1,-0.01998760664374267,0.02144356607479433,1
1990,10,-0.0040270664563906156,-0.015302611714341333,1,-0.03635139611831035,-0.13950021211025795,1,0.40959619306513295,2.383572742281081,1,1.768276123869847,6.984763063880868,1,0.024119630224915544,0.08766654137026772,1
1990,11,-0.00763296287591538,-0.03598439743619079,1,-0.06922671265565604,-0.32709510869141695,1,0.0652305724116339,2.962644343457769,1,-0.23280417347814286,10.449535112702439,1,-0.03845127365102662,0.19658611961503186,1
1991,3,0.023768846031467134,-0.031393675134892315,1,0.21927758881529494,-0.2864238315235854,1,-0.34588082990023034,2.665874766366925,1,-2.7805898970767506,8.51652694236105,1,-0.12600784287069663,0.13157365470881927,1
1991,4,0.004549865814530994,-0.013295056158115008,1,0.04060709280383249,-0.12124090984207082,1,0.019695696184667745,2.271133662954427,1,0.1653694485390164,6.065962832180807,1,0.0292175044111913,0.047469747583718275,1
1991,5,-0.0019181143831093058,0.005886255569044331,1,-0.01771960709895946,0.054241152176877624,1,0.23163792073012374,1.7459837116450603,1,0.8614619109810636,3.502661425063787,1,-0.0037024515751095037,0.006087080187303581,1
1991,6,6.982523074225847e-4,0.01012452179940359,1,0.006330932506533517,0.09291438823800793,1,-0.12991315638038273,1.5781520879503164,1,-0.5188725336880378,2.8926578281877036,1,-0.0041768359461229285,0.003790113011179824,1
1991,7,-0.0013332078478965415,0.018496526308605724,1,-0.011218731436458376,0.16962703021083023,1,-0.11776366532350772,1.3756230183104603,1,-0.3593043801660733,2.115424334863351,1,-4.4217608445667276e-5,4.4430154313741316e-5,1
1991,8,-0.01637671073106597,0.011839587323091209,1,-0.1497255591237648,0.10903444588391291,1,0.27773714367520086,1.371162251293646,1,1.1322463421022382,2.1478446610543926,1,0.023827353714093998,0.0017783309952738562,1
1991,9,0.013295260453918455,0.003330154314226717,1,0.12245181500238546,0.030617009004195946,1,-0.08194649019143672,1.7606557391483988,1,-0.5759270616027238,3.7330431835167914,1,-0.01998760664374267,0.02144356607479433,1
1991,10,0.02466520090192291,-0.015302611714341333,2,0.22069967899428386,-0.13950021211025795,2,-0.5223020828733772,2.383572742281081,2,-3.1035927565681756,6.984763063880868,2,-0.08614175824432604,0.08766654137026772,2
1991,11,0.002922131948026484,-0.03598439743619079,2,0.025269217909153766,-0.32709510869141695,2,-0.030380604075275385,2.962644343457769,2,-0.07845513544650211,10.449535112702439,2,-0.014072003879772704,0.19658611961503186,2
1991,12,0.025440845122194272,-0.0396607922339353,2,0.22097579521037822,-0.36234644429461615,2,-0.07236427500362368,3.2290487723991776,2,-1.1323337861497054,12.373965380752756,2,-0.05414396654486778,0.2589516329947506,2
1992,1,-0.020458424151690545,-0.04346117135093125,2,-0.19973840983071728,-0.3950287423332433,2,0.29364603080737073,3.0380461192418053,2,1.6418058880718662,10.760348504887103,2,0.05445856628053086,0.19371513931441786,2
1992,2,-1.9654337287800766e-4,-0.02358349043317241,2,-0.007390129560522975,-0.21618706177108854,2,-0.24897673035387247,2.7817170822996253,2,-1.965225002822136,9.177554802588357,2,-0.0735986076765573,0.13759334284466052,2
1992,3,0.04800135741049348,-0.031393675134892315,2,0.43222132925428874,-0.2864238315235854,2,-0.7440937338964649,2.665874766366925,2,-4.701716795956375,8.51652694236105,2,-0.1392960617240027,0.13157365470881927,2
1992,4,-0.0030159006803938677,-0.013295056158115008,2,-0.02323371311294767,-0.12124090984207082,2,-0.22026873445509174,2.271133662954427,2,-1.2763471988003374,6.065962832180807,2,-0.046532196871948164,0.047469747583718275,2
1992,5,0.017600025030922024,0.005886255569044331,2,0.16295098171657338,0.054241152176877624,2,-0.16747253944978627,1.7459837116450603,2,-0.784550302034786,3.502661425063787,2,-0.007197037707393624,0.006087080187303581,2
1992,6,4.859540538332078e-5,0.01012452179940359,2,0.003002934871955983,0.09291438823800793,2,-0.17874378388591944,1.5781520879503164,2,-0.7531659594719552,2.8926578281877036,2,-0.004322349947903573,0.003790113011179824,2
1992,7,-0.004529794836589488,0.018496526308605724,2,-0.03431386291874422,0.16962703021083023,2,0.013416875129373052,1.3756230183104603,2,-0.06744237979708718,2.115424334863351,2,-2.4780165594077526e-5,4.4430154313741316e-5,2
1992,8,-0.004838173653754028,0.011839587323091209,2,-0.0385063810335322,0.10903444588391291,2,0.006663193409526261,1.371162251293646,2,-0.04338573744970558,2.1478446610543926,2,-0.0017301979293989978,0.0017783309952738562,2
1992,9,-0.002585909371082309,0.003330154314226717,2,-0.017246911312697316,0.030617009004195946,2,-0.10856666183579083,1.7606557391483988,2,-0.4760001642719986,3.7330431835167914,2,-0.01702210986259572,0.02144356607479433,2
1992,10,0.00433977385088384,-0.015302611714341333,2,0.03959315836860296,-0.13950021211025795,2,-0.18022985566418048,2.383572742281081,2,-1.3808015459910432,6.984763063880868,2,-0.059493543071520716,0.08766654137026772,2
1992,11,0.024529900398641554,-0.03598439743619079,2,0.22043096811954674,-0.32709510869141695,2,-0.3014640539543424,2.962644343457769,2,-2.2172367162665694,10.449535112702439,2,-0.10067579712130888,0.19658611961503186,2
1992,12,0.02728492659117871,-0.0396607922339353,2,0.23896142800961642,-0.36234644429461615,2,-0.2052261555431451,3.2290487723991776,2,-1.7998977885403304,12.373965380752756,2,-0.06632595294526579,0.2589516329947506,2
1993,1,0.03803822291455568,-0.04346117135093125,2,0.32989062844034683,-0.3950287423332433,2,-0.8644453398347802,3.0380461192418053,2,-5.13612172936878,10.760348504887103,2,-0.15354678148764433,0.19371513931441786,2
1993,2,0.033132402682717374,-0.02358349043317241,2,0.28060587893040845,-0.21618706177108854,2,-0.76001757594399,2.7817170822996253,2,-4.854174260923684,9.177554802588357,2,-0.14425440815666485,0.13759334284466052,2
1993,3,0.006577057255526917,-0.031393675134892315,1,0.06177227938887607,-0.2864238315235854,1,-0.25162436321850007,2.665874766366925,1,-1.4754230552145031,8.51652694236105,1,-0.0380747250115539,0.13157365470881927,1
1993,4,-0.028827202200407177,-0.013295056158115008,1,-0.2651822287120698,-0.12124090984207082,1,0.43855319573659207,2.271133662954427,1,1.9768678344362705,6.065962832180807,1,0.017748825420896515,0.047469747583718275,1
1993,5,-0.02088605047712665,0.005886255569044331,1,-0.19149737290363222,0.054241152176877624,1,0.12576594183182904,1.7459837116450603,1,0.5992665898548214,3.502661425063787,1,-0.00775103457106092,0.006087080187303581,1
1993,6,0.007041563574115512,0.01012452179940359,2,0.055991303996253176,0.09291438823800793,2,-0.16100846444198288,1.5781520879503164,2,-0.6840853549324105,2.8926578281877036,2,-0.004322349947903573,0.003790113011179824,2
1993,7,-0.015783491470068037,0.018496526308605724,2,-0.1376612469739972,0.16962703021083023,2,0.09661544424630387,1.3756230183104603,2,0.3264052545062628,2.115424334863351,2,-2.4780165594077526e-5,4.4430154313741316e-5,2
1993,8,0.0022749831056729057,0.011839587323091209,2,0.024283527232076274,0.10903444588391291,2,0.12808991403190634,1.371162251293646,2,0.354045214582228,2.1478446610543926,2,-0.0017301979293989978,0.0017783309952738562,2
1993,9,0.011626175553614724,0.003330154314226717,2,0.10425512655008855,0.030617009004195946,2,-0.4355541686493215,1.7606557391483988,2,-1.7577552629644804,3.7330431835167914,2,-0.01843254709813874,0.02144356607479433,2
1993,10,0.010442786591344412,-0.015302611714341333,2,0.0976112989202998,-0.13950021211025795,2,-0.8091666332237256,2.383572742281081,2,-4.097015982405715,6.984763063880868,2,-0.07893075705974742,0.08766654137026772,2
1993,11,0.035251311398613004,-0.03598439743619079,2,0.31440309783128395,-0.32709510869141695,2,-0.6658719971836347,2.962644343457769,2,-4.454323465373872,10.449535112702439,2,-0.15195247500304085,0.19658611961503186,2
1993,12,-0.0010306324852513424,-0.0396607922339353,2,-3.894294507452696e-4,-0.36234644429461615,2,-0.15962032128780965,3.2290487723991776,2,-1.2617576067311962,12.373965380752756,2,-0.051004085428686834,0.2589516329947506,2
1994,1,0.025277530791738074,-0.04346117135093125,2,0.233096879359051,-0.3950287423332433,2,-0.5463923329248471,3.0380461192418053,2,-3.9887583628182335,10.760348504887103,2,-0.16356117475757295,0.19371513931441786,2
1994,2,-0.028675945444405933,-0.02358349043317241,2,-0.255903285632895,-0.21618706177108854,2,-0.16813628652090182,2.7817170822996253,2,-1.0189660325314687,9.177554802588357,2,-0.005829382094431879,0.13759334284466052,2
1994,3,0.005359305288740303,-0.031393675134892315,2,0.04454523108219056,-0.2864238315235854,2,0.018032693234448918,2.665874766366925,2,0.06620588135818142,8.51652694236105,2,0.005675614630623363,0.13157365470881927,2
1994,4,8.84453931117235e-4,-0.013295056158115008,2,0.010614136376515988,-0.12124090984207082,2,-0.04270755449969165,2.271133662954427,2,-0.7188981425583352,6.065962832180807,2,-0.04105942825592503,0.047469747583718275,2
1994,5,-0.0019902618271061766,0.005886255569044331,2,-0.014301067704860112,0.054241152176877624,2,0.15416505218669202,1.7459837116450603,2,0.3341315805889943,3.502661425063787,2,-0.004475949272019474,0.006087080187303581,2
1994,6,-0.011123629620112546,0.01012452179940359,2,-0.09760300990482057,0.09291438823800793,2,-0.042939033145956124,1.5781520879503164,2,0.4580524621170432,2.8926578281877036,2,0.04212402174192701,0.003790113011179824,2
1994,7,-0.0010256109512083167,0.018496526308605724,2,-0.008513129706394439,0.16962703021083023,2,0.06366049773680475,1.3756230183104603,2,0.12527774838109149,2.115424334863351,2,-2.4780165594077526e-5,4.4430154313741316e-5,2
1994,8,-0.002691619922008605,0.011839587323091209,2,-0.016567627263244646,0.10903444588391291,2,-0.36842608329847865,1.371162251293646,2,-1.053846676570586,2.1478446610543926,2,-0.0017301979293989978,0.0017783309952738562,2
1994,9,-0.003365607335451979,0.003330154314226717,1,-0.03021498031741839,0.030617009004195946,1,-0.01323434834964919,1.7606557391483988,1,-0.3803354242984035,3.7330431835167914,1,-0.01687748755253481,0.02144356607479433,1
1994,10,0.004943765079722738,-0.015302611714341333,1,0.045351359865819466,-0.13950021211025795,1,0.0011526790350627014,2.383572742281081,1,-0.12361500079037126,6.984763063880868,1,-0.007298077386989125,0.08766654137026772,1
1994,11,NA,NA,NA,NA,NA,NA,0.5676528595097882,2.962644343457769,1,3.026029945903514,10.449535112702439,1,0.10186538503460764,0.19658611961503186,1
1994,12,-0.016872642946680005,-0.0396607922339353,1,-0.15454860955987276,-0.36234644429461615,1,0.2865563155088467,3.2290487723991776,2,1.379509817826202,12.373965380752756,2,0.06931580881813316,0.2589516329947506,2
1995,1,0.01019072386291462,-0.04346117135093125,1,0.09244780128943521,-0.3950287423332433,1,-0.43050829588421985,3.0380461192418053,1,-3.1376387643489156,10.760348504887103,1,-0.12181082929135378,0.19371513931441786,1
1995,2,0.02118345794933222,-0.02358349043317241,1,0.19469283376023253,-0.21618706177108854,1,-0.4384686361706792,2.7817170822996253,1,-2.723439730600403,9.177554802588357,1,-0.09385665762091358,0.13759334284466052,1
1995,3,NA,NA,NA,NA,NA,NA,-0.3347053295783858,2.665874766366925,1,-1.3091996935832746,8.51652694236105,1,-0.03765422358343584,0.13157365470881927,1
1995,4,NA,NA,NA,NA,NA,NA,-0.028278672542838966,2.271133662954427,1,-0.4215729006041696,6.065962832180807,1,-0.03908769109065692,0.047469747583718275,1
1995,5,0.014431733967529049,0.005886255569044331,2,0.12641004898640634,0.054241152176877624,2,0.013560331096877942,1.7459837116450603,2,-0.08565593737327938,3.502661425063787,2,-0.007197037707393624,0.006087080187303581,2
1995,6,-0.0033777909339609046,0.01012452179940359,2,-0.028302905664144465,0.09291438823800793,2,0.2365907352279495,1.5781520879503164,2,1.0847724382005235,2.8926578281877036,2,0.001967449637985398,0.003790113011179824,2
1995,7,-0.005715706040509229,0.018496526308605724,2,-0.049137934545655654,0.16962703021083023,2,-0.12453076885060062,1.3756230183104603,2,-0.4025864053933779,2.115424334863351,2,-2.4780165594077526e-5,4.4430154313741316e-5,2
1995,8,-0.005276217876620107,0.011839587323091209,2,-0.042074348474765516,0.10903444588391291,2,-0.03506171573212435,1.371162251293646,2,-0.08367201300731242,2.1478446610543926,2,-0.0017301979293989978,0.0017783309952738562,2
1995,9,-0.010038192240170715,0.003330154314226717,1,-0.09134692905114163,0.030617009004195946,1,-0.11650735734863603,1.7606557391483988,1,-0.49219747956370463,3.7330431835167914,1,-0.01687748755253481,0.02144356607479433,1
1995,10,0.0035961120353267717,-0.015302611714341333,1,0.033004621982784164,-0.13950021211025795,1,0.08052000768264027,2.383572742281081,1,-0.15366202187627198,6.984763063880868,1,-0.05764196153246768,0.08766654137026772,1
1995,11,-0.025712110449042713,-0.03598439743619079,2,-0.2481080666740547,-0.32709510869141695,2,-0.036853391606881995,2.962644343457769,2,-0.860842231025317,10.449535112702439,2,-0.06220937650994093,0.19658611961503186,2
1995,12,-0.0024531059141742854,-0.0396607922339353,2,-0.028275811663932008,-0.36234644429461615,2,-0.02054700165688256,3.2290487723991776,2,-0.7422072441946173,12.373965380752756,2,-0.05497307565739222,0.2589516329947506,2
1996,1,0.01795228961980059,-0.04346117135093125,1,0.16355662144215163,-0.3950287423332433,1,-0.358205072495914,3.0380461192418053,1,-2.7587374431345237,10.760348504887103,1,-0.12566202869165363,0.19371513931441786,1
1996,2,-0.002589052297241498,-0.02358349043317241,1,-0.023102802925894162,-0.21618706177108854,1,-0.1224168391305104,2.7817170822996253,1,-0.5870625900084375,9.177554802588357,1,0.030931925888600144,0.13759334284466052,1
1996,3,0.029232187375597248,-0.031393675134892315,1,0.26933086018363744,-0.2864238315235854,1,-0.8319936668286797,2.665874766366925,1,-4.53018982578069,8.51652694236105,1,-0.09761309549882949,0.13157365470881927,1
1996,4,-0.026015948794262087,-0.013295056158115008,1,-0.23942648314179887,-0.12124090984207082,1,0.33803951906947033,2.271133662954427,1,1.827062348460491,6.065962832180807,1,0.06317083469728063,0.047469747583718275,1
1996,5,-0.003252200352695101,0.005886255569044331,2,-0.025795010979321596,0.054241152176877624,2,-0.13827404879289085,1.7459837116450603,2,-0.42815650796562654,3.502661425063787,2,-0.006485800154050807,0.006087080187303581,2
1996,6,0.0030080072122991275,0.01012452179940359,2,0.027264325061467712,0.09291438823800793,2,-0.1620948591617822,1.5781520879503164,2,-0.7175674007620292,2.8926578281877036,2,-0.004322349947903573,0.003790113011179824,2
1996,7,0.002590118405356602,0.018496526308605724,2,0.020072044444437,0.16962703021083023,2,0.1512985004416332,1.3756230183104603,2,0.4158256447214524,2.115424334863351,2,-2.4780165594077526e-5,4.4430154313741316e-5,2
1996,8,0.001962595021171949,0.011839587323091209,2,0.01837242773861703,0.10903444588391291,2,-0.07682495423323035,1.371162251293646,2,-0.3571853872328765,2.1478446610543926,2,-0.0017301979293989978,0.0017783309952738562,2
1996,9,-0.0022036801444703566,0.003330154314226717,2,-0.011428354816743027,0.030617009004195946,2,-0.3400165736627162,1.7606557391483988,2,-1.4461851624904505,3.7330431835167914,2,-0.01843254709813874,0.02144356607479433,2
1996,10,-1.7038408838397943e-4,-0.015302611714341333,1,-0.001017786704587302,-0.13950021211025795,1,0.129618295335336,2.383572742281081,1,0.6719793970050373,6.984763063880868,1,0.011358068183065614,0.08766654137026772,1
1996,11,0.023828316003211603,-0.03598439743619079,1,0.2190108017409077,-0.32709510869141695,1,-0.8339379948701411,2.962644343457769,1,-5.446156996348945,10.449535112702439,1,-0.19531401874906584,0.19658611961503186,1
1996,12,0.005196727362892957,-0.0396607922339353,1,0.04764343949090472,-0.36234644429461615,1,-0.2327767141472516,3.2290487723991776,1,-1.059811255359255,12.373965380752756,1,-0.047234995355157974,0.2589516329947506,1
1997,1,0.012071746857576213,-0.04346117135093125,2,0.10282517380051533,-0.3950287423332433,2,-0.6956885269091226,3.0380461192418053,2,-4.005248025824108,10.760348504887103,2,-0.14218127732929725,0.19371513931441786,2
1997,2,0.015688723084653394,-0.02358349043317241,2,0.1500593035536594,-0.21618706177108854,2,-0.26035962835026344,2.7817170822996253,2,-1.810582643069772,9.177554802588357,2,-0.0501891607521617,0.13759334284466052,2
1997,3,-0.031702876323567476,-0.031393675134892315,2,-0.26274022227084437,-0.2864238315235854,2,0.32355168415100516,2.665874766366925,2,1.8524135387510237,8.51652694236105,2,0.053427677925771605,0.13157365470881927,2
1997,4,-0.0015832248077659056,-0.013295056158115008,2,8.800115546394626e-4,-0.12124090984207082,2,-0.2864918614119218,2.271133662954427,2,-1.6001218905777572,6.065962832180807,2,-0.035184729485582406,0.047469747583718275,2
1997,5,-0.01800118833998532,0.005886255569044331,2,-0.15721427374663405,0.054241152176877624,2,-0.2860121138312749,1.7459837116450603,2,-1.0218779558346502,3.502661425063787,2,-0.006513977598104006,0.006087080187303581,2
1997,6,-0.016524727221994218,0.01012452179940359,2,-0.14423843979050016,0.09291438823800793,2,0.17208812976721577,1.5781520879503164,2,0.5320604511386694,2.8926578281877036,2,-0.004322349947903573,0.003790113011179824,2
1997,7,-0.0023174710347470566,0.018496526308605724,1,-0.021028585995092188,0.16962703021083023,1,-0.143755740174133,1.3756230183104603,1,-0.4090235798338688,2.115424334863351,1,-5.342722742487768e-6,4.4430154313741316e-5,1
1997,8,-0.029785143947116316,0.011839587323091209,1,-0.2727934828746579,0.10903444588391291,1,0.04739314185166497,1.371162251293646,1,0.26200095761768055,2.1478446610543926,1,-0.001935636896835655,0.0017783309952738562,1
1997,9,-0.044114883606769587,0.003330154314226717,1,-0.4035459612679736,0.030617009004195946,1,0.27807236994045625,1.7606557391483988,1,1.6491374951255735,3.7330431835167914,1,0.03501592058210754,0.02144356607479433,1
1997,10,-0.04192470828236945,-0.015302611714341333,1,-0.38404161927380925,-0.13950021211025795,1,0.1893585546538801,2.383572742281081,1,1.7840927334464878,6.984763063880868,1,0.1117862357612905,0.08766654137026772,1
1997,11,0.032995036347255126,-0.03598439743619079,1,0.30218468701142825,-0.32709510869141695,1,-0.2606734758328425,2.962644343457769,1,-2.1715486764204153,10.449535112702439,1,-0.07577451042232121,0.19658611961503186,1
1997,12,NA,NA,NA,NA,NA,NA,-0.07736938124984521,3.2290487723991776,1,-1.6276082422506088,12.373965380752756,1,-0.06772401567429244,0.2589516329947506,1
1998,1,NA,NA,NA,NA,NA,NA,0.3715853480948415,3.0380461192418053,1,2.764158068615104,10.760348504887103,1,0.09641168171543256,0.19371513931441786,1
1998,5,0.0030567921847925675,0.005886255569044331,1,0.028175021193057596,0.054241152176877624,1,0.207561262641561,1.7459837116450603,1,0.6830325498909365,3.502661425063787,1,0.0036662375067891364,0.006087080187303581,1
1998,6,0.004337080337728965,0.01012452179940359,2,0.035718575373810714,0.09291438823800793,2,0.1662808824275457,1.5781520879503164,2,0.4843846144809817,2.8926578281877036,2,-0.004322349947903573,0.003790113011179824,2
1998,7,-0.010075446890538776,0.018496526308605724,2,-0.08684255434952133,0.16962703021083023,2,-0.04242357198270763,1.3756230183104603,2,-0.19197933005780699,2.115424334863351,2,-2.4780165594077526e-5,4.4430154313741316e-5,2
1998,8,0.013111779677318159,0.011839587323091209,2,0.11628666799526469,0.10903444588391291,2,-0.1336856330652214,1.371162251293646,2,-0.5267338279654704,2.1478446610543926,2,-0.0017301979293989978,0.0017783309952738562,2
1998,9,0.01396216937203617,0.003330154314226717,2,0.1251288919147153,0.030617009004195946,2,0.08048044505887995,1.7606557391483988,2,-0.05683216420598835,3.7330431835167914,2,-0.01843254709813874,0.02144356607479433,2
1998,10,-0.00463412144053651,-0.015302611714341333,2,-0.038291136006742305,-0.13950021211025795,2,-0.11622696513347312,2.383572742281081,2,-1.2902138923909154,6.984763063880868,2,-0.05903219623237753,0.08766654137026772,2
1998,11,-0.05506042376412657,-0.03598439743619079,2,-0.49228095924783277,-0.32709510869141695,2,0.6043681031481811,2.962644343457769,2,4.282228342995111,10.449535112702439,2,0.15007354741711212,0.19658611961503186,2
1998,12,NA,NA,NA,NA,NA,NA,1.276954883790414,3.2290487723991776,1,9.48536316400357,12.373965380752756,1,0.38952660626616176,0.2589516329947506,1
1999,1,-0.042229600967056184,-0.04346117135093125,1,-0.3874602505419049,-0.3950287423332433,1,0.2834591070291617,3.0380461192418053,1,2.698407420690896,10.760348504887103,1,0.10310734941553155,0.19371513931441786,1
1999,2,-0.14550562647109971,-0.02358349043317241,1,-1.333719944017802,-0.21618706177108854,1,1.9905648539660594,2.7817170822996253,1,15.767323614426802,9.177554802588357,1,0.5862722533425305,0.13759334284466052,1
1999,3,-0.056175525508704895,-0.031393675134892315,1,-0.5151892095365126,-0.2864238315235854,1,1.0277198772322136,2.665874766366925,1,7.696648350346441,8.51652694236105,1,0.2913975385614688,0.13157365470881927,1
1999,4,0.02478841497406301,-0.013295056158115008,1,0.22624894122204942,-0.12124090984207082,1,-0.08007425034000978,2.271133662954427,1,0.14755460196051887,6.065962832180807,1,0.05034720424577478,0.047469747583718275,1
1999,5,-0.006747145184016882,0.005886255569044331,1,-0.06164531158305356,0.054241152176877624,1,0.1808495198415207,1.7459837116450603,1,0.5696835765052665,3.502661425063787,1,-0.006643040843726327,0.006087080187303581,1
1999,6,-0.017363635876466055,0.01012452179940359,1,-0.1589228420774158,0.09291438823800793,1,0.06858167154916657,1.5781520879503164,1,0.18093486393153443,2.8926578281877036,1,-0.004467863949684218,0.003790113011179824,1
1999,7,-9.147447914984192e-4,0.018496526308605724,2,-0.007624749838787268,0.16962703021083023,2,0.028046343295409497,1.3756230183104603,2,0.132984265770117,2.115424334863351,2,6.91552212629418e-4,4.4430154313741316e-5,2
1999,8,-8.901170874408872e-4,0.011839587323091209,2,-0.003395721605177251,0.10903444588391291,2,-0.1596099935761459,1.371162251293646,2,-0.5401503113559816,2.1478446610543926,2,-0.0017301979293989978,0.0017783309952738562,2
1999,9,0.016776895033863017,0.003330154314226717,2,0.1449692057282678,0.030617009004195946,2,0.02024445788093621,1.7606557391483988,2,-0.16758245161450464,3.7330431835167914,2,-0.005811673023264342,0.02144356607479433,2
1999,10,0.007951055353866874,-0.015302611714341333,2,0.05939617216438841,-0.13950021211025795,2,-0.17138583351261427,2.383572742281081,2,-0.7344499838270029,6.984763063880868,2,-0.04099811997526672,0.08766654137026772,2
1999,11,-0.0282594284409098,-0.03598439743619079,2,-0.24547553351571866,-0.32709510869141695,2,0.3601518811675277,2.962644343457769,2,1.852629370018321,10.449535112702439,2,0.06570867964424756,0.19658611961503186,2
1999,12,-0.009305115919320182,-0.0396607922339353,2,-0.0840866720428634,-0.36234644429461615,2,-0.1212735026213467,3.2290487723991776,2,-0.8895437270853497,12.373965380752756,2,0.04444027175687394,0.2589516329947506,2
2000,1,-0.01367501432282154,-0.04346117135093125,2,-0.10489918681989467,-0.3950287423332433,2,0.01746582857897251,3.0380461192418053,2,-0.03487520448379933,10.760348504887103,2,0.012788726018180279,0.19371513931441786,2
2000,2,-0.0041733821870476,-0.02358349043317241,1,-0.03761789340191628,-0.21618706177108854,1,0.07636006125130144,2.7817170822996253,1,0.18078464185550008,9.177554802588357,1,-0.004168733604631373,0.13759334284466052,1
2000,3,0.00795373467909416,-0.031393675134892315,1,0.07438492874173347,-0.2864238315235854,1,0.6535013588718673,2.665874766366925,1,3.457699316152654,8.51652694236105,1,0.08774588311168285,0.13157365470881927,1
2000,4,0.015521344173538659,-0.013295056158115008,1,0.14112403820855826,-0.12124090984207082,1,-0.33351510277926927,2.271133662954427,1,-1.5009253359466055,6.065962832180807,1,-0.005643357646323475,0.047469747583718275,1
2000,5,-0.01297632578406908,0.005886255569044331,2,-0.11338272480498102,0.054241152176877624,2,-0.22840857146147495,1.7459837116450603,2,-0.4547179478258565,3.502661425063787,2,-0.0020725867557098757,0.006087080187303581,2
2000,6,0.004633446597554959,0.01012452179940359,1,0.042606930461314835,0.09291438823800793,1,0.10830408193697247,1.5781520879503164,2,0.40779906744472993,2.8926578281877036,2,0.004152226323282867,0.003790113011179824,2
2000,7,-0.010369761642692921,0.018496526308605724,1,-0.0948009281478126,0.16962703021083023,1,-0.1202057038017415,1.3756230183104603,1,-0.4159565802234341,2.115424334863351,1,-4.4217608445667276e-5,4.4430154313741316e-5,1
2000,8,0.008521342715380291,0.011839587323091209,2,0.07269221369677012,0.10903444588391291,2,0.16191075990119475,1.371162251293646,2,0.356781263191662,2.1478446610543926,2,-0.0017301979293989978,0.0017783309952738562,2
2000,9,-0.004894309413121307,0.003330154314226717,2,-0.03661274576932796,0.030617009004195946,2,-0.18869553531708955,1.7606557391483988,2,-0.8157735739232929,3.7330431835167914,2,-0.01843254709813874,0.02144356607479433,2
2000,10,-6.820296418237646e-4,-0.015302611714341333,2,-0.007304080977650899,-0.13950021211025795,2,0.23319500302151155,2.383572742281081,2,1.4294896312625036,6.984763063880868,2,0.02992992265020829,0.08766654137026772,2
2000,11,0.01858503067039246,-0.03598439743619079,1,0.17097360854828036,-0.32709510869141695,1,-0.21643876948242713,2.962644343457769,1,-2.0341041616756685,10.449535112702439,1,-0.09559491762547032,0.19658611961503186,1
2000,12,0.009630911943116703,-0.0396607922339353,2,0.11425833722467876,-0.36234644429461615,2,-0.4621097704077016,3.2290487723991776,2,-2.716394906148361,12.373965380752756,2,-0.09889066965114593,0.2589516329947506,2
2001,1,0.020165206581571955,-0.04346117135093125,1,0.18417971069947928,-0.3950287423332433,1,0.37339905819426594,3.0380461192418053,1,1.646556770865234,10.760348504887103,1,0.03754197998858798,0.19371513931441786,1
2001,2,0.01863899388895881,-0.02358349043317241,1,0.1701171236336492,-0.21618706177108854,1,-0.20977867440273468,2.7817170822996253,1,-1.7035826450716762,9.177554802588357,1,-0.06459527451967823,0.13759334284466052,1
2001,3,0.015969328395375557,-0.031393675134892315,1,0.14577735338384418,-0.2864238315235854,1,0.23931220781273338,2.665874766366925,1,1.0393829690008014,8.51652694236105,1,0.014496882744126085,0.13157365470881927,1
2001,4,-0.00812530579461658,-0.013295056158115008,2,-0.06746844089963377,-0.12124090984207082,2,-0.11815632208229572,2.271133662954427,2,-0.9169988129226542,6.065962832180807,2,-0.03740522217806486,0.047469747583718275,2
2001,5,0.0034348827022955063,0.005886255569044331,2,0.029977270146555417,0.054241152176877624,2,0.23211850108872603,1.7459837116450603,2,1.2276860803007899,3.502661425063787,2,0.04550821763902747,0.006087080187303581,2
2001,6,-0.002260287283944905,0.01012452179940359,2,-0.017810079957830745,0.09291438823800793,2,-0.20909164871145575,1.5781520879503164,2,-0.7637844080474815,2.8926578281877036,2,-0.004322349947903573,0.003790113011179824,2
2001,7,0.00273589921813592,0.018496526308605724,2,0.031133400058042066,0.16962703021083023,2,-0.01114824594188666,1.3756230183104603,2,-0.09918020677835293,2.115424334863351,2,-2.4780165594077526e-5,4.4430154313741316e-5,2
2001,8,-0.01519715902461936,0.011839587323091209,2,-0.13204978731473133,0.10903444588391291,2,0.14073081870139412,1.371162251293646,2,0.5994003329183911,2.1478446610543926,2,0.009900473756751191,0.0017783309952738562,2
2001,9,0.01058256865353677,0.003330154314226717,2,0.09608974464988311,0.030617009004195946,2,0.23680102318368815,1.7606557391483988,2,0.7401419597281871,3.7330431835167914,2,0.004123522748302389,0.02144356607479433,2
2001,10,0.006268883240672955,-0.015302611714341333,2,0.05423054556716682,-0.13950021211025795,2,0.3399544177057679,2.383572742281081,2,2.112934757015475,6.984763063880868,2,0.009365072224708785,0.08766654137026772,2
2001,11,-0.01406511170295643,-0.03598439743619079,2,-0.1109204680096944,-0.32709510869141695,2,0.35920888665187434,2.962644343457769,2,2.841834804372462,10.449535112702439,2,0.07848830345900161,0.19658611961503186,2
2001,12,-0.013956097078887359,-0.0396607922339353,2,-0.12691850806640295,-0.36234644429461615,2,0.6252995011259165,3.2290487723991776,2,4.272171919706513,12.373965380752756,2,0.10385019881642273,0.2589516329947506,2
2002,1,-0.003699217699435368,-0.04346117135093125,2,-0.030455472291077586,-0.3950287423332433,2,0.36419497603763673,3.0380461192418053,2,2.301832864646521,10.760348504887103,2,0.10172142566026206,0.19371513931441786,2
2002,2,-0.007243576800226653,-0.02358349043317241,2,-0.07328111709413963,-0.21618706177108854,2,0.15457134197996492,2.7817170822996253,1,0.10083733499603892,9.177554802588357,1,-0.014696301168870019,0.13759334284466052,1
2002,3,0.01892443290004199,-0.031393675134892315,1,0.17285101369115766,-0.2864238315235854,1,-0.22953228919183416,2.665874766366925,1,-1.0117966190530578,8.51652694236105,1,0.016528438589668515,0.13157365470881927,1
2002,4,0.01283621714816228,-0.013295056158115008,1,0.11674697831235743,-0.12124090984207082,1,-0.3207122411204896,2.271133662954427,1,-1.521045696879093,6.065962832180807,1,-0.008161776838313595,0.047469747583718275,1
2002,5,-0.0070287610383176465,0.005886255569044331,1,-0.0642253800592963,0.054241152176877624,1,-0.1556804092849416,1.7459837116450603,1,-0.5727972130657921,3.502661425063787,1,-0.006643040843726327,0.006087080187303581,1
2002,6,-0.011089989258341192,0.01012452179940359,1,-0.10144582995854617,0.09291438823800793,1,0.13687907414656916,1.5781520879503164,1,0.3956544699921407,2.8926578281877036,1,-0.004467863949684218,0.003790113011179824,1
2002,7,0.005272482441383722,0.018496526308605724,2,0.04553488975424135,0.16962703021083023,2,0.046112644647059414,1.3756230183104603,2,0.08754000847729777,2.115424334863351,2,-2.4780165594077526e-5,4.4430154313741316e-5,2
2002,8,0.00936558341566739,0.011839587323091209,2,0.07881365551811849,0.10903444588391291,2,0.007701319912281066,1.371162251293646,2,0.09716883194414604,2.1478446610543926,2,-0.0017301979293989978,0.0017783309952738562,2
2002,9,0.007973717046836299,0.003330154314226717,2,0.07196067447958358,0.030617009004195946,2,-0.13996041974862747,1.7606557391483988,2,-0.7974979578844689,3.7330431835167914,2,-0.01843254709813874,0.02144356607479433,2
2002,10,0.030971897482155557,-0.015302611714341333,2,0.27199454753913294,-0.13950021211025795,2,-0.6163492619816321,2.383572742281081,2,-3.599799736867863,6.984763063880868,2,-0.0881909385721949,0.08766654137026772,2
2002,11,-0.007094930978412136,-0.03598439743619079,2,-0.07027418724323024,-0.32709510869141695,2,0.0681206464744017,2.962644343457769,2,1.0291053838493782,10.449535112702439,2,0.09551741739425071,0.19658611961503186,2
2002,12,-0.03845221294748134,-0.0396607922339353,2,-0.33701280236958536,-0.36234644429461615,2,0.40453730477754557,3.2290487723991776,2,3.200709302354402,12.373965380752756,2,0.11266958572429306,0.2589516329947506,2
2003,1,-0.017645680570665824,-0.04346117135093125,2,-0.16434476415469004,-0.3950287423332433,2,0.19772343076122476,3.0380461192418053,2,1.2440726721028061,10.760348504887103,2,0.03756013162143686,0.19371513931441786,2
2003,2,0.01789043371368743,-0.02358349043317241,1,0.16452326804815245,-0.21618706177108854,1,-0.5829558511741655,2.7817170822996253,2,-3.7532378652703375,9.177554802588357,2,-0.12714579026396594,0.13759334284466052,2
2003,3,-0.03238628295904958,-0.031393675134892315,1,-0.29519656409600287,-0.2864238315235854,1,0.5103473030900441,2.665874766366925,2,3.3044962392604,8.51652694236105,2,0.06434529857078361,0.13157365470881927,2
2003,4,-0.018419098193745705,-0.013295056158115008,1,-0.16982672711320207,-0.12124090984207082,1,0.14639176726901929,2.271133662954427,2,0.30677332634338816,6.065962832180807,2,-0.02707842785506933,0.047469747583718275,2
2003,5,0.003347107169217643,0.005886255569044331,2,0.028594917847063497,0.054241152176877624,2,-0.1627992800796093,1.7459837116450603,2,-0.8217715381930766,3.502661425063787,2,-0.007197037707393624,0.006087080187303581,2
2003,6,0.014592276501572504,0.01012452179940359,2,0.12832140673336517,0.09291438823800793,2,0.10039876229063373,1.5781520879503164,2,0.3319862748487945,2.8926578281877036,2,-0.0029315293637589284,0.003790113011179824,2
2003,7,-0.0024242874394832742,0.018496526308605724,2,-0.019805356205594572,0.16962703021083023,2,2.2885798253297033e-4,1.3756230183104603,2,-0.030437500279717665,2.115424334863351,2,-2.4780165594077526e-5,4.4430154313741316e-5,2
2003,8,0.007045933452199597,0.011839587323091209,2,0.06375763892613952,0.10903444588391291,2,-0.0053217249385309594,1.371162251293646,2,-0.09430684758411982,2.1478446610543926,2,-0.0017301979293989978,0.0017783309952738562,2
2003,9,0.008869546253744396,0.003330154314226717,2,0.07951313184706811,0.030617009004195946,2,-0.06163413088301728,1.7606557391483988,2,-0.6189607323588724,3.7330431835167914,2,-0.01843254709813874,0.02144356607479433,2
2003,10,-0.023582042452474472,-0.015302611714341333,2,-0.20968166872893715,-0.13950021211025795,2,0.5414834152895606,2.383572742281081,2,4.281640132660603,6.984763063880868,2,0.1409598705749739,0.08766654137026772,2
2003,11,0.01213208580050734,-0.03598439743619079,2,0.11648742941573846,-0.32709510869141695,2,-0.12742838874066942,2.962644343457769,2,-0.20582841151818954,10.449535112702439,2,-0.004831566283897198,0.19658611961503186,2
2003,12,-0.008718329932516589,-0.0396607922339353,2,-0.08866288012054609,-0.36234644429461615,2,0.27301050508304253,3.2290487723991776,2,1.4539773376136553,12.373965380752756,2,0.03228815120588856,0.2589516329947506,2
2004,1,0.005837504006372026,-0.04346117135093125,2,0.05360520157576528,-0.3950287423332433,2,-0.07737233184505972,3.0380461192418053,2,-1.1319428469691122,10.760348504887103,2,-0.0661055085929039,0.19371513931441786,2
2004,2,-0.0035747622386046404,-0.02358349043317241,2,-0.02822022488506122,-0.21618706177108854,2,0.22198445853234341,2.7817170822996253,2,0.7645517948621939,9.177554802588357,2,-0.013471542753771987,0.13759334284466052,2
2004,3,0.013616938209076234,-0.031393675134892315,2,0.12120990912883177,-0.2864238315235854,2,0.029120428319099098,2.665874766366925,2,-0.1485950844844007,8.51652694236105,2,-0.020101821138919288,0.13157365470881927,2
2004,4,0.017121742336404067,-0.013295056158115008,2,0.1553614751353248,-0.12124090984207082,2,-0.1117562708338446,2.271133662954427,2,-0.7737965322100405,6.065962832180807,2,-0.006926130614500692,0.047469747583718275,2
2004,5,-0.008333920235967678,0.005886255569044331,2,-0.07082846151854288,0.054241152176877624,2,-0.18269970964608975,1.7459837116450603,2,-0.8227588126826363,3.502661425063787,2,-0.007197037707393624,0.006087080187303581,2
2004,6,2.4964109090719767e-4,0.01012452179940359,2,0.002099176615819837,0.09291438823800793,2,0.042861137896104594,1.5781520879503164,2,0.2814484241389474,2.8926578281877036,2,-0.004322349947903573,0.003790113011179824,2
2004,7,-0.00713571772074947,0.018496526308605724,2,-0.06152805584328632,0.16962703021083023,2,0.06586229096516899,1.3756230183104603,2,0.2583575999944691,2.115424334863351,2,-2.4780165594077526e-5,4.4430154313741316e-5,2
2004,8,-0.00849601499744469,0.011839587323091209,2,-0.07123725056479181,0.10903444588391291,2,0.07729495273814259,1.371162251293646,2,0.3006021673000067,2.1478446610543926,2,-0.0017301979293989978,0.0017783309952738562,2
2004,9,0.0019462592498716634,0.003330154314226717,2,0.02107499478873205,0.030617009004195946,2,0.3260573279153748,1.7606557391483988,3,1.2981280377972475,3.7330431835167914,3,0.010877076085298957,0.02144356607479433,3
2004,10,0.005228446651196689,-0.015302611714341333,2,0.0511638133185609,-0.13950021211025795,2,0.08518303338215753,2.383572742281081,3,0.3155154299507035,6.984763063880868,3,0.0349373672098202,0.08766654137026772,3
2004,11,0.022789476773700513,-0.03598439743619079,2,0.19656907359104586,-0.32709510869141695,2,-0.15835574471993957,2.962644343457769,3,-1.4013857624551709,10.449535112702439,3,-0.058132904160439716,0.19658611961503186,3
2004,12,0.023081402266011172,-0.0396607922339353,2,0.2038005256893192,-0.36234644429461615,2,-0.22292227699178355,3.2290487723991776,3,-2.0863882168137495,12.373965380752756,3,-0.09252217804354322,0.2589516329947506,3
2005,1,0.004403050345996925,-0.04346117135093125,1,0.039423109093532104,-0.3950287423332433,1,-0.6152106676244233,3.0380461192418053,2,-4.074936141236117,10.760348504887103,2,-0.1473773899470588,0.19371513931441786,2
2005,2,0.022496646357517653,-0.02358349043317241,1,0.20672381839261098,-0.21618706177108854,1,-0.4467944626252519,2.7817170822996253,2,-3.203371900624978,9.177554802588357,2,-0.1090502930391221,0.13759334284466052,2
2005,3,-0.002500211990645661,-0.031393675134892315,1,-0.02139056771207296,-0.2864238315235854,1,0.09082588810280703,2.665874766366925,2,0.24831642843808158,8.51652694236105,2,0.0076948053310301546,0.13157365470881927,2
2005,4,-0.013049721947909132,-0.013295056158115008,2,-0.13254296884566752,-0.12124090984207082,2,-0.05406615785155575,2.271133662954427,2,-0.15852898317082056,6.065962832180807,2,-0.009765965112670512,0.047469747583718275,2
2005,5,-0.02736340873524734,0.005886255569044331,2,-0.24672523024205037,0.054241152176877624,2,0.06771177536829201,1.7459837116450603,3,0.859284088333387,3.502661425063787,3,0.03764534342222883,0.006087080187303581,3
2005,6,-0.0037072698297538264,0.01012452179940359,2,-0.027131901413400186,0.09291438823800793,2,0.0818379413105533,1.5781520879503164,3,0.17565877520467424,2.8926578281877036,3,-0.002252798139964777,0.003790113011179824,3
2005,7,-0.0011961992130513736,0.018496526308605724,2,-0.014311123156396764,0.16962703021083023,2,0.2205958318795319,1.3756230183104603,3,0.6391306194884427,2.115424334863351,3,-2.316755076995735e-5,4.4430154313741316e-5,3
2005,8,0.008015606376483733,0.011839587323091209,2,0.07530048995716947,0.10903444588391291,2,-0.07745150349656621,1.371162251293646,3,-0.2966291548647694,2.1478446610543926,3,-0.0015752348901994903,0.0017783309952738562,3
2005,9,0.008696810507086905,0.003330154314226717,2,0.07750999737565763,0.030617009004195946,2,0.03632557540255379,1.7606557391483988,3,0.0981956918685212,3.7330431835167914,3,0.0019108046663165765,0.02144356607479433,3
2005,10,-0.029587560254225053,-0.015302611714341333,2,-0.2642895586285881,-0.13950021211025795,2,0.44985072797567793,2.383572742281081,3,1.9214822741624635,6.984763063880868,3,0.02278770395368816,0.08766654137026772,3
2005,11,0.01807353721085004,-0.03598439743619079,2,0.16191892360624824,-0.32709510869141695,2,0.00963734275526334,2.962644343457769,3,0.023433015050113186,10.449535112702439,3,0.025961557949687977,0.19658611961503186,3
2005,12,0.010058202470948345,-0.0396607922339353,2,0.08775942012295225,-0.36234644429461615,2,-0.21753672627409798,3.2290487723991776,3,-1.4565347277415162,12.373965380752756,3,-0.011710601442992082,0.2589516329947506,3
2006,1,-0.06520416753150893,-0.04346117135093125,1,-0.5979453991691503,-0.3950287423332433,1,0.9970489538949935,3.0380461192418053,2,6.887204183427944,10.760348504887103,2,0.24303222296543212,0.19371513931441786,2
2006,2,0.024570149572409012,-0.02358349043317241,1,0.22445635053745328,-0.21618706177108854,1,0.08816480603929525,2.7817170822996253,2,2.130739601383414,9.177554802588357,2,0.022525934009930127,0.13759334284466052,2
2006,3,-0.03219974210852757,-0.031393675134892315,1,-0.29553125349701964,-0.2864238315235854,1,0.3722811266145147,2.665874766366925,2,2.8081229930463194,8.51652694236105,2,0.10470955488341123,0.13157365470881927,2
2006,4,-0.003670662682068411,-0.013295056158115008,1,-0.03448342878546403,-0.12124090984207082,1,-0.0666720585561785,2.271133662954427,2,-0.47235824993039177,6.065962832180807,2,-0.009080890176256896,0.047469747583718275,2
2006,5,0.008383572060794726,0.005886255569044331,1,0.07697716293355582,0.054241152176877624,1,0.022476113032265356,1.7459837116450603,2,0.11063378234743568,3.502661425063787,2,0.001040983337039119,0.006087080187303581,2
2006,6,0.011223650231730315,0.01012452179940359,1,0.10298413007166381,0.09291438823800793,1,0.07387846038122366,1.5781520879503164,2,0.13083992100442135,2.8926578281877036,2,-0.0033886813347877983,0.003790113011179824,2
2006,7,0.0014611541319786002,0.018496526308605724,2,0.014865963151211472,0.16962703021083023,2,0.029340232067140953,1.3756230183104603,3,0.17838480558865444,2.115424334863351,3,-2.316755076995735e-5,4.4430154313741316e-5,3
2006,8,0.014654111835451348,0.011839587323091209,2,0.12822010754937394,0.10903444588391291,2,0.10809940737564915,1.371162251293646,3,0.19174001146156466,2.1478446610543926,3,-0.0015752348901994903,0.0017783309952738562,3
2006,9,0.012960647941233644,0.003330154314226717,2,0.11871147713695393,0.030617009004195946,2,-0.031047821818081207,1.7606557391483988,3,-0.3210973620594996,3.7330431835167914,3,-0.01544923642253807,0.02144356607479433,3
2006,10,0.031865046853572894,-0.015302611714341333,2,0.2824792894691564,-0.13950021211025795,2,-0.20181974317442664,2.383572742281081,3,-1.359470329130336,6.984763063880868,3,-0.040651070471806716,0.08766654137026772,3
2006,11,-0.05935188697691095,-0.03598439743619079,2,-0.5304324109625161,-0.32709510869141695,2,0.7678206999160092,2.962644343457769,2,5.386804647962421,10.449535112702439,2,0.21966053975924638,0.19658611961503186,2
2006,12,-0.016091714903188108,-0.0396607922339353,1,-0.14762668351688357,-0.36234644429461615,1,0.8017649652475395,3.2290487723991776,2,6.860045615178167,12.373965380752756,2,0.15613538154816634,0.2589516329947506,2
2007,1,0.019775191033777978,-0.04346117135093125,1,0.18060652117644513,-0.3950287423332433,1,-0.022145462747384183,3.0380461192418053,2,-0.34944119641130783,10.760348504887103,2,-0.002499749312469523,0.19371513931441786,2
2007,2,NA,NA,NA,NA,NA,NA,0.187991874298103,2.7817170822996253,2,0.7537909538442304,9.177554802588357,2,0.0183755120194723,0.13759334284466052,2
2007,3,NA,NA,NA,NA,NA,NA,-0.0894908389368057,2.665874766366925,1,-1.3068549198352188,8.51652694236105,1,-0.09793100044150409,0.13157365470881927,1
2007,4,NA,NA,NA,NA,NA,NA,0.3846094719094722,2.271133662954427,1,1.6875639595501297,6.065962832180807,1,-0.009225184674514483,0.047469747583718275,1
2007,5,NA,NA,NA,NA,NA,NA,-0.0691655107591043,1.7459837116450603,2,-0.3228208322209299,3.502661425063787,2,-0.004379070863502886,0.006087080187303581,2
2007,6,-0.022268306396076777,0.01012452179940359,1,-0.203857761758784,0.09291438823800793,1,-0.012327223951789947,1.5781520879503164,2,0.020963567278338473,2.8926578281877036,2,-0.0026864341437765624,0.003790113011179824,2
2007,7,-0.014603109452977792,0.018496526308605724,1,-0.1335854179678433,0.16962703021083023,1,0.013066606068304752,1.3756230183104603,2,0.11937596848535316,2.115424334863351,2,-1.2642521932102383e-5,4.4430154313741316e-5,2
2007,8,0.00324441764246332,0.011839587323091209,1,0.02981210320992245,0.10903444588391291,1,-0.16361906968027598,1.371162251293646,2,-0.5413341885208253,2.1478446610543926,2,-0.001600472854318065,0.0017783309952738562,2
2007,9,-7.167124059708252e-4,0.003330154314226717,1,-0.0059467077750119494,0.030617009004195946,1,0.004499505743038226,1.7606557391483988,2,-0.09082575597108622,3.7330431835167914,2,-0.002008795789215815,0.02144356607479433,2
2007,10,-0.010270500413788816,-0.015302611714341333,2,-0.0850268269437454,-0.13950021211025795,2,0.4322105646798397,2.383572742281081,3,2.2124178887090733,6.984763063880868,3,0.059321519175514315,0.08766654137026772,3
2007,11,0.01168645128466741,-0.03598439743619079,2,0.09680639001403096,-0.32709510869141695,2,0.005400541904114123,2.962644343457769,3,0.21455921740729353,10.449535112702439,3,-0.014521977290252475,0.19658611961503186,3
2007,12,-0.01938303731362557,-0.0396607922339353,1,-0.17754798715235814,-0.36234644429461615,1,0.6676751623465202,3.2290487723991776,2,5.700791420069395,12.373965380752756,2,0.16716978851555842,0.2589516329947506,2
2008,1,7.106021063485185e-4,-0.04346117135093125,1,0.005594156789233493,-0.3950287423332433,1,0.41345993863743513,3.0380461192418053,2,2.763833891103343,10.760348504887103,2,0.10202708230716566,0.19371513931441786,2
2008,2,0.003424359136022701,-0.02358349043317241,1,0.031990023123141795,-0.21618706177108854,1,0.46268606366663056,2.7817170822996253,2,2.8963802087029555,9.177554802588357,2,0.09846740367911187,0.13759334284466052,2
2008,3,0.012895328545941666,-0.031393675134892315,2,0.12228070962851924,-0.2864238315235854,2,0.11179163337559758,2.665874766366925,3,-0.0545138938012419,8.51652694236105,3,-0.05352503031273463,0.13157365470881927,3
2008,4,0.014020110439437716,-0.013295056158115008,2,0.13178881358269495,-0.12124090984207082,2,-0.30561600326592436,2.271133662954427,3,-1.5749956131875065,6.065962832180807,3,-0.02878469986654161,0.047469747583718275,3
2008,5,0.005384358081555714,0.005886255569044331,2,0.047064904516207685,0.054241152176877624,2,0.06982828420118121,1.7459837116450603,3,0.2737528081148209,3.502661425063787,3,-0.005503058766022231,0.006087080187303581,3
2008,6,0.00223501257060754,0.01012452179940359,2,0.02097109160786181,0.09291438823800793,2,-0.04922811441773683,1.5781520879503164,3,0.27303100199001823,2.8926578281877036,3,0.037914681818454664,0.003790113011179824,3
2008,7,0.005275520575536818,0.018496526308605724,2,0.048647912627513154,0.16962703021083023,2,0.03733724707982744,1.3756230183104603,3,0.15357507993781883,2.115424334863351,3,-2.316755076995735e-5,4.4430154313741316e-5,3
2008,8,-0.007204509352696079,0.011839587323091209,2,-0.06376359133703666,0.10903444588391291,2,0.295384678527737,1.371162251293646,3,1.1014070640479223,2.1478446610543926,3,0.001566396073367023,0.0017783309952738562,3
2008,9,0.01359243532646254,0.003330154314226717,2,0.11728545459966822,0.030617009004195946,2,-0.20360724907420222,1.7606557391483988,3,-0.9109031444998896,3.7330431835167914,3,-0.013820883932116616,0.02144356607479433,3
2008,10,0.008634342106041625,-0.015302611714341333,2,0.07938047949170617,-0.13950021211025795,2,-0.002440555438480258,2.383572742281081,3,-0.3518405734146815,6.984763063880868,3,-0.007125686547243309,0.08766654137026772,3
2008,11,0.0064409235359427774,-0.03598439743619079,2,0.061725518264556606,-0.32709510869141695,2,-0.051111269400920555,2.962644343457769,3,-0.8128617368225893,10.449535112702439,3,-0.03689765468378534,0.19658611961503186,3
2008,12,0.03381926756021614,-0.0396607922339353,2,0.3074625834205978,-0.36234644429461615,2,-0.30540801810501095,3.2290487723991776,3,-1.845824135943545,12.373965380752756,3,-0.09501159497635002,0.2589516329947506,3
2009,1,0.022800993925105394,-0.04346117135093125,1,0.20832789600678556,-0.3950287423332433,1,-0.5662924916215659,3.0380461192418053,3,-3.632627629893378,10.760348504887103,3,-0.08725736803354725,0.19371513931441786,3
2009,2,0.009415949338417343,-0.02358349043317241,1,0.08561873287749401,-0.21618706177108854,1,-0.2434665974269838,2.7817170822996253,3,-2.017982863547301,9.177554802588357,3,-0.08289460225236707,0.13759334284466052,3
2009,3,0.017572862752505334,-0.031393675134892315,1,0.16046838864418206,-0.2864238315235854,1,0.12060338835448976,2.665874766366925,3,0.4787728301838546,8.51652694236105,3,-0.00968865374413331,0.13157365470881927,3
2009,4,0.014280619431319721,-0.013295056158115008,1,0.12998009974666241,-0.12124090984207082,1,0.05432927711476936,2.271133662954427,3,0.44319808077940404,6.065962832180807,3,0.007692509307830873,0.047469747583718275,3
2009,5,NA,NA,NA,NA,NA,NA,-0.115269479807307,1.7459837116450603,2,-0.18980595988529503,3.502661425063787,2,0.01028653783348438,0.006087080187303581,2
2009,6,0.021214670621283398,0.01012452179940359,2,0.19027447420999044,0.09291438823800793,2,0.024565688132780067,1.5781520879503164,3,0.3685060837284302,2.8926578281877036,3,0.0018475213412611651,0.003790113011179824,3
2009,7,0.0011172946502577526,0.018496526308605724,2,0.010303750622475707,0.16962703021083023,2,0.03334174732577659,1.3756230183104603,3,0.10542673478286362,2.115424334863351,3,-2.316755076995735e-5,4.4430154313741316e-5,3
2009,8,9.983693362962806e-5,0.011839587323091209,2,-4.384386778724032e-4,0.10903444588391291,2,0.1386489395491837,1.371162251293646,3,0.4311859919729155,2.1478446610543926,3,-0.0011272062163643647,0.0017783309952738562,3
2009,9,-6.93802468579056e-4,0.003330154314226717,2,-0.0017053314433210635,0.030617009004195946,2,0.29271537311896695,1.7606557391483988,3,1.053792959396313,3.7330431835167914,3,-0.00884870732200897,0.02144356607479433,3
2009,10,0.0027761342419128044,-0.015302611714341333,2,0.034190259957354176,-0.13950021211025795,2,-0.04256010451116676,2.383572742281081,3,-0.4266697615654296,6.984763063880868,3,0.0019334913400814494,0.08766654137026772,3
2009,11,-0.06564253953558785,-0.03598439743619079,1,-0.6014991653775384,-0.32709510869141695,1,0.9843383013909632,2.962644343457769,3,7.456767530524339,10.449535112702439,3,0.24257565203581735,0.19658611961503186,3
2009,12,-0.002511482275803667,-0.0396607922339353,1,-0.023209220625971857,-0.36234644429461615,1,-0.7693403221302575,3.2290487723991776,3,-5.179976079773888,12.373965380752756,3,-0.17615787297509686,0.2589516329947506,3
2010,1,-0.04897274019611449,-0.04346117135093125,1,-0.44923859394876603,-0.3950287423332433,1,0.3162724197998449,3.0380461192418053,3,1.9984143447611384,10.760348504887103,3,0.07066408520918531,0.19371513931441786,3
2010,2,-0.02692023703688213,-0.02358349043317241,1,-0.24728102252358822,-0.21618706177108854,1,0.011488580669915559,2.7817170822996253,3,-0.019161358924435563,9.177554802588357,3,0.013010920438460928,0.13759334284466052,3
2010,3,-0.015427997406564645,-0.031393675134892315,1,-0.14187424471614588,-0.2864238315235854,1,0.7882261722507403,2.665874766366925,3,5.332180015779393,8.51652694236105,3,0.1936431670853327,0.13157365470881927,3
2010,4,-0.023100920316337207,-0.013295056158115008,1,-0.2124968269725979,-0.12124090984207082,1,0.6748542626615815,2.271133662954427,3,4.49612875682373,6.065962832180807,3,0.12203334141917337,0.047469747583718275,3
2010,5,-0.021501724437596643,0.005886255569044331,1,-0.1968217380200754,0.054241152176877624,1,0.15134319018010697,1.7459837116450603,3,1.1470542044478922,3.502661425063787,3,0.03585280771616204,0.006087080187303581,3
2010,6,-1.9660133490747702e-4,0.01012452179940359,1,-0.0016443225096154407,0.09291438823800793,1,-0.013661857381571295,1.5781520879503164,3,0.15728580427730315,2.8926578281877036,3,-0.0036513995385661756,0.003790113011179824,3
2010,7,0.008903556142341396,0.018496526308605724,2,0.07994792308936606,0.16962703021083023,2,0.305708343280434,1.3756230183104603,3,0.9840500779865748,2.115424334863351,3,-2.316755076995735e-5,4.4430154313741316e-5,3
2010,8,0.0026765111575415453,0.011839587323091209,2,0.022955884798545836,0.10903444588391291,2,-0.043765702085607226,1.371162251293646,3,-0.24158040174949832,2.1478446610543926,3,-0.0015752348901994903,0.0017783309952738562,3
2010,9,-0.013906565816081481,0.003330154314226717,2,-0.12002688213789063,0.030617009004195946,2,0.05967763113447416,1.7606557391483988,3,0.26733225577314107,3.7330431835167914,3,-0.003837235163368754,0.02144356607479433,3
2010,10,-0.015276064213500891,-0.015302611714341333,2,-0.13451005950937026,-0.13950021211025795,2,0.5904188409400782,2.383572742281081,3,3.874862291432963,6.984763063880868,3,0.07413151354404762,0.08766654137026772,3
2010,11,-0.004094682087697183,-0.03598439743619079,2,-0.030285775714619212,-0.32709510869141695,2,0.23401123369785606,2.962644343457769,3,1.1876989878930198,10.449535112702439,3,0.001056159117322892,0.19658611961503186,3
2010,12,-0.03633392936701464,-0.0396607922339353,2,-0.3153511739995827,-0.36234644429461615,2,-0.09234441313361103,3.2290487723991776,3,-1.175042603603619,12.373965380752756,3,-0.030135484757999466,0.2589516329947506,3
2011,1,0.0133275764548574,-0.04346117135093125,2,0.11506591824745413,-0.3950287423332433,2,-0.13647836551083237,3.0380461192418053,3,-1.6972681253969442,10.760348504887103,3,-0.10540125426847786,0.19371513931441786,3
2011,2,0.0012727987959414752,-0.02358349043317241,2,0.009860309426035219,-0.21618706177108854,2,-0.06400351090471874,2.7817170822996253,3,-0.4340839583357079,9.177554802588357,3,0.022826752092268813,0.13759334284466052,3
2011,3,-0.06142787287434489,-0.031393675134892315,2,-0.5386149258890807,-0.2864238315235854,2,0.5680633186526832,2.665874766366925,3,3.3656523296416205,8.51652694236105,3,0.08442660486698637,0.13157365470881927,3
2011,4,0.005823037856729913,-0.013295056158115008,1,0.052271461129497855,-0.12124090984207082,1,0.15290032177497714,2.271133662954427,4,0.7657813025622131,6.065962832180807,4,0.0178506858941494,0.047469747583718275,4
2011,5,-0.00781616214512893,0.005886255569044331,2,-0.06731419605893306,0.054241152176877624,2,0.08953511857285985,1.7459837116450603,4,0.0792292810234889,3.502661425063787,4,-0.0057748513701804515,0.006087080187303581,4
2011,6,-0.0023054035960488467,0.01012452179940359,2,-0.01777320916962801,0.09291438823800793,2,-0.12391029482417606,1.5781520879503164,4,-0.523585339945142,2.8926578281877036,4,-0.003898220511352074,0.003790113011179824,4
2011,7,0.002419460881550639,0.018496526308605724,2,0.020244236845541212,0.16962703021083023,2,0.038721353914736724,1.3756230183104603,4,0.008131389516746163,2.115424334863351,4,-4.443025286106851e-5,4.4430154313741316e-5,4
2011,8,0.0048378410403573414,0.011839587323091209,2,0.043353134658285816,0.10903444588391291,2,-0.161900710281596,1.371162251293646,4,-0.4939201316565701,2.1478446610543926,4,-0.0016323616915891173,0.0017783309952738562,4
2011,9,-0.013880811005644866,0.003330154314226717,2,-0.12479438989120753,0.030617009004195946,2,0.37059473864712456,1.7606557391483988,4,2.0637189732884296,3.7330431835167914,4,0.045048952757106145,0.02144356607479433,4
2011,10,0.009089457943351172,-0.015302611714341333,2,0.09524526212448729,-0.13950021211025795,2,0.020884487963882464,2.383572742281081,4,-0.4102477289638524,6.984763063880868,4,-0.016874355920741164,0.08766654137026772,4
2011,11,-0.00210841464130841,-0.03598439743619079,2,-0.010412803319868531,-0.32709510869141695,2,0.5680246000092685,2.962644343457769,4,3.7071754111314417,10.449535112702439,4,0.1051614408942544,0.19658611961503186,4
2011,12,0.030737200121328457,-0.0396607922339353,2,0.2707363872293744,-0.36234644429461615,2,-0.4819579146048155,3.2290487723991776,4,-3.5302580819169838,12.373965380752756,4,-0.09785649830160711,0.2589516329947506,4
2012,1,-0.0067630849386638575,-0.04346117135093125,2,-0.05749091918658675,-0.3950287423332433,2,0.5188391905392207,3.0380461192418053,4,3.7561021075586303,10.760348504887103,4,0.12752537543521472,0.19371513931441786,4
2012,2,-0.012523482848139313,-0.02358349043317241,2,-0.10843789278541077,-0.21618706177108854,2,0.5076175581175847,2.7817170822996253,4,3.3551223073774965,9.177554802588357,4,0.05793589118616195,0.13759334284466052,4
2012,3,-0.023732269821903323,-0.031393675134892315,2,-0.2233124934549114,-0.2864238315235854,2,0.5288633695710875,2.665874766366925,4,3.774578936293414,8.51652694236105,4,0.1126719399273787,0.13157365470881927,4
2012,4,-0.010024405562579908,-0.013295056158115008,1,-0.09291741432186128,-0.12124090984207082,1,0.08360099512291833,2.271133662954427,3,0.49020383968138515,6.065962832180807,3,0.015369443863487037,0.047469747583718275,3
2012,5,0.012190647135507831,0.005886255569044331,1,0.11154005735918598,0.054241152176877624,1,0.15284434593597343,1.7459837116450603,3,0.5278865225573899,3.502661425063787,3,-0.0016724412910011973,0.006087080187303581,3
2012,6,-0.009320817790690696,0.01012452179940359,1,-0.08546037301350588,0.09291438823800793,1,-0.016932565693841998,1.5781520879503164,3,-0.055640189362598146,2.8926578281877036,3,-0.003708339365241359,0.003790113011179824,3
2012,7,0.001748536786094401,0.018496526308605724,1,0.017015162573992163,0.16962703021083023,1,-0.05546959763440203,1.3756230183104603,3,-0.039502727115942805,2.115424334863351,3,1.7564080353297103e-4,4.4430154313741316e-5,3
2012,8,0.0022027388931329713,0.011839587323091209,2,0.02179671934964939,0.10903444588391291,2,-0.15909155232912034,1.371162251293646,4,-0.4725364836518609,2.1478446610543926,4,-0.0016323616915891173,0.0017783309952738562,4
2012,9,0.01874720463447544,0.003330154314226717,2,0.1647975837091098,0.030617009004195946,2,-0.10715091958009247,1.7606557391483988,4,-0.6314434756975706,3.7330431835167914,4,-0.01895499497349163,0.02144356607479433,4
2012,10,-0.010727839701109158,-0.015302611714341333,2,-0.08953691997402922,-0.13950021211025795,2,-0.2566360798860094,2.383572742281081,4,-1.7649409036540251,6.984763063880868,4,-0.053480021356027495,0.08766654137026772,4
2012,11,-0.028525443093853704,-0.03598439743619079,2,-0.24204712163552858,-0.32709510869141695,2,-0.02181766494015851,2.962644343457769,4,-0.21677515814510004,10.449535112702439,4,0.006055604381967569,0.19658611961503186,4
2012,12,-0.03813604865822003,-0.0396607922339353,1,-0.3495893561879633,-0.36234644429461615,1,0.3010332763221974,3.2290487723991776,4,1.6196840492182902,12.373965380752756,4,0.05560914893420203,0.2589516329947506,4
2013,1,0.039103165101526324,-0.04346117135093125,1,0.35768283218760183,-0.3950287423332433,1,-0.4966783875014924,3.0380461192418053,3,-3.6562357640051237,10.760348504887103,3,-0.1428443221903369,0.19371513931441786,3
2013,2,-0.0013656771294378216,-0.02358349043317241,1,-0.013158854206181809,-0.21618706177108854,1,0.46963531876266346,2.7817170822996253,4,2.540858011548497,9.177554802588357,4,0.0710192147917247,0.13759334284466052,4
2013,3,0.021775693559272224,-0.031393675134892315,1,0.19897329207884523,-0.2864238315235854,1,-0.582139576617832,2.665874766366925,4,-3.520946313661743,8.51652694236105,4,-0.09720472184511326,0.13157365470881927,4
2013,4,0.009655621080132192,-0.013295056158115008,1,0.08760744115397744,-0.12124090984207082,1,-0.36183663849430714,2.271133662954427,4,-1.636340909737692,6.065962832180807,4,-0.023540027433816516,0.047469747583718275,4
2013,5,-0.012624854585951223,0.005886255569044331,1,-0.11549488187127445,0.054241152176877624,1,-0.1127552411213732,1.7459837116450603,4,-0.4913548711959899,3.502661425063787,4,-0.004759438106661582,0.006087080187303581,4
2013,6,-0.011467439760882598,0.01012452179940359,1,-0.10490390281941925,0.09291438823800793,1,-0.12431970326386327,1.5781520879503164,4,-0.4711010351185254,2.8926578281877036,4,-0.003898220511352074,0.003790113011179824,4
2013,7,0.02391977907777046,0.018496526308605724,1,0.21934815730539706,0.16962703021083023,1,0.08640142808442978,1.3756230183104603,4,0.19883898824010804,2.115424334863351,4,-4.443025286106851e-5,4.4430154313741316e-5,4
2013,8,-0.012843709955357606,0.011839587323091209,1,-0.11758183865450762,0.10903444588391291,1,-0.19266080425917573,1.371162251293646,4,-0.592665800348421,2.1478446610543926,4,-0.0016323616915891173,0.0017783309952738562,4
2013,9,-0.0331231109365943,0.003330154314226717,1,-0.3028430863010765,0.030617009004195946,1,0.37415256642166367,1.7606557391483988,4,2.827439957122899,3.7330431835167914,4,0.09846794558048046,0.02144356607479433,4
2013,10,0.04068793435282061,-0.015302611714341333,1,0.3728272563489459,-0.13950021211025795,1,-0.5486878916391043,2.383572742281081,4,-2.763886683692774,6.984763063880868,4,-0.04703356637387478,0.08766654137026772,4
2013,11,0.03910843630916109,-0.03598439743619079,1,0.358193573881596,-0.32709510869141695,1,-0.49042043822690357,2.962644343457769,4,-3.0217356749924345,10.449535112702439,4,-0.10470885128142104,0.19658611961503186,4
2013,12,0.04767532552647699,-0.0396607922339353,1,0.4365852076934931,-0.36234644429461615,1,-1.1021079760819812,3.2290487723991776,3,-6.940378511754122,12.373965380752756,3,-0.23163910476209715,0.2589516329947506,3
2014,1,0.02963795256805346,-0.04346117135093125,1,0.2709657809079901,-0.3950287423332433,1,-0.39476723413452974,3.0380461192418053,4,-2.503547450476401,10.760348504887103,4,-0.11149038571181405,0.19371513931441786,4
2014,2,-0.017134821709650676,-0.02358349043317241,1,-0.15763038237969654,-0.21618706177108854,1,-0.2950837549488059,2.7817170822996253,4,-1.3326518806740186,9.177554802588357,4,0.021691387551852,0.13759334284466052,4
2014,3,-0.015300945024440033,-0.031393675134892315,1,-0.14071023409335917,-0.2864238315235854,1,0.1642187800326654,2.665874766366925,4,0.30400431931814464,8.51652694236105,4,-0.006663768734455205,0.13157365470881927,4
2014,4,-0.0087574047585222,-0.013295056158115008,1,-0.08108642601664785,-0.12124090984207082,1,0.1740683537078529,2.271133662954427,4,0.6309503150814134,6.065962832180807,4,-0.0016703896696570826,0.047469747583718275,4
2014,5,-0.01176353234757602,0.005886255569044331,1,-0.10760374108079425,0.054241152176877624,1,-0.2786750840528591,1.7459837116450603,4,-1.0416916348795429,3.502661425063787,4,-0.00407544269374029,0.006087080187303581,4
2014,6,0.00805738195870139,0.01012452179940359,1,0.07397585928785766,0.09291438823800793,1,0.09986604305718899,1.5781520879503164,4,0.3031720606071693,2.8926578281877036,4,-0.003898220511352074,0.003790113011179824,4
2014,7,0.009170579165795284,0.018496526308605724,2,0.07951613045939282,0.16962703021083023,2,0.05207039709555374,1.3756230183104603,4,0.11244821079084169,2.115424334863351,4,-4.443025286106851e-5,4.4430154313741316e-5,4
2014,8,0.008142392031354518,0.011839587323091209,2,0.07123234190994453,0.10903444588391291,2,-0.05498475805689014,1.371162251293646,4,-0.3081683658437683,2.1478446610543926,4,-0.0016323616915891173,0.0017783309952738562,4
2014,9,-0.00947328019046875,0.003330154314226717,2,-0.08333407213420116,0.030617009004195946,2,-0.06522610365924514,1.7606557391483988,4,-0.16675393997163884,3.7330431835167914,4,0.006336230731390817,0.02144356607479433,4
2014,10,-0.044589911727801565,-0.015302611714341333,1,-0.40845930488105836,-0.13950021211025795,1,0.2897961310703859,2.383572742281081,2,1.6062960535121236,6.984763063880868,2,0.046220732755144586,0.08766654137026772,2
2014,11,0.011802886770500245,-0.03598439743619079,1,0.1080294353386609,-0.32709510869141695,1,-0.380635058724856,2.962644343457769,2,-2.7010726284563047,10.449535112702439,2,-0.09521594723224093,0.19658611961503186,2
2014,12,-0.004477439811952921,-0.0396607922339353,1,-0.04122065353071646,-0.36234644429461615,1,-0.17666462403729358,3.2290487723991776,2,-1.062728609860739,12.373965380752756,2,-0.008029385543459075,0.2589516329947506,2
2015,1,0.016270909863091584,-0.04346117135093125,1,0.14850149142651162,-0.3950287423332433,1,-0.6247518981716664,3.0380461192418053,3,-4.288217030664288,10.760348504887103,3,-0.1412896461928014,0.19371513931441786,3
2015,2,-4.2122005735017055e-4,-0.02358349043317241,1,-0.004506060403403168,-0.21618706177108854,1,-0.5855458488417518,2.7817170822996253,3,-3.3992859065897663,9.177554802588357,3,-0.07827523622597168,0.13759334284466052,3
2015,3,0.0029301289134156536,-0.031393675134892315,2,0.024404533354918666,-0.2864238315235854,2,-0.60436886890969,2.665874766366925,4,-3.7002329742625246,8.51652694236105,4,-0.12403271652384597,0.13157365470881927,4
2015,4,0.02058675442350583,-0.013295056158115008,2,0.18050818942150354,-0.12124090984207082,2,0.15276633804460849,2.271133662954427,4,0.41389994705400507,6.065962832180807,4,-0.013104752621045343,0.047469747583718275,4
2015,5,0.01898730652627539,0.005886255569044331,2,0.1632133597562004,0.054241152176877624,2,-0.09168216711720541,1.7459837116450603,4,-0.6260114988107501,3.502661425063787,4,-0.0057748513701804515,0.006087080187303581,4
2015,6,0.020904924937735197,0.01012452179940359,1,0.19145758026815812,0.09291438823800793,1,-0.157576806416016,1.5781520879503164,4,-0.5673838576768416,2.8926578281877036,4,-0.003898220511352074,0.003790113011179824,4
2015,7,-0.004730027978054367,0.018496526308605724,1,-0.04233923975814909,0.16962703021083023,1,0.16179368906853284,1.3756230183104603,4,0.4213133533098015,2.115424334863351,4,-4.443025286106851e-5,4.4430154313741316e-5,4
2015,8,-0.0017335046260095637,0.011839587323091209,1,-0.01556949551510174,0.10903444588391291,1,0.20964162649268636,1.371162251293646,3,0.8235506982550123,2.1478446610543926,3,0.013492001445792639,0.0017783309952738562,3
2015,9,0.0015425503747180777,0.003330154314226717,1,0.014777490838161909,0.030617009004195946,1,-0.07400373405199404,1.7606557391483988,3,-0.6504192954976216,3.7330431835167914,3,-0.019890098126425806,0.02144356607479433,3
2015,10,-0.0020506945358087047,-0.015302611714341333,2,-0.02179556764443944,-0.13950021211025795,2,-0.0948469189181195,2.383572742281081,4,-1.0186133710405385,6.984763063880868,4,-0.051726955059196694,0.08766654137026772,4
2015,11,0.03193923208211004,-0.03598439743619079,2,0.2757395280162037,-0.32709510869141695,2,0.052477587238495015,2.962644343457769,4,0.42579538597930644,10.449535112702439,4,0.04131063623004774,0.19658611961503186,4
2015,12,-0.03477968395233131,-0.0396607922339353,2,-0.3007454952621502,-0.36234644429461615,2,1.006465605452608,3.2290487723991776,4,8.202552481364915,12.373965380752756,4,0.20877214013778844,0.2589516329947506,4
2016,1,-0.01860587885764736,-0.04346117135093125,2,-0.14640841561490245,-0.3950287423332433,2,0.3786217728383119,3.0380461192418053,4,2.127400359986482,10.760348504887103,4,0.11303922388197588,0.19371513931441786,4
2016,2,-0.032447324960682485,-0.02358349043317241,2,-0.28977450441315983,-0.21618706177108854,2,0.36444760450983865,2.7817170822996253,3,1.5699159277548667,9.177554802588357,3,0.04162234943029779,0.13759334284466052,3
2016,3,-0.032927138659823746,-0.031393675134892315,1,-0.30015169969100836,-0.2864238315235854,1,0.5002075800197381,2.665874766366925,4,3.7826944282236883,8.51652694236105,4,0.1110761736284678,0.13157365470881927,4
2016,4,0.013486368877516662,-0.013295056158115008,1,0.1224802881106262,-0.12124090984207082,1,-0.007575257180065933,2.271133662954427,4,-0.3365804954856564,6.065962832180807,4,-0.004488506601714885,0.047469747583718275,4
2016,5,0.01604712007584518,0.005886255569044331,1,0.14687174806798053,0.054241152176877624,1,0.001794564438586371,1.7459837116450603,4,-0.024459526498301513,3.502661425063787,4,-0.003571891901211131,0.006087080187303581,4
2016,6,0.00828652777234244,0.01012452179940359,1,0.07585212606538932,0.09291438823800793,1,-0.1431384304232775,1.5781520879503164,4,-0.7097729518692899,2.8926578281877036,4,-0.003898220511352074,0.003790113011179824,4
2016,7,0.0010425154034578623,0.018496526308605724,2,2.493205869589795e-4,0.16962703021083023,2,0.1626985423645534,1.3756230183104603,4,0.555144498194925,2.115424334863351,4,1.3607516230138635e-4,4.4430154313741316e-5,4
2016,8,0.003971277855067201,0.011839587323091209,2,0.03222320758469716,0.10903444588391291,2,0.1700809991468865,1.371162251293646,4,0.3839552488667927,2.1478446610543926,4,-0.0016323616915891173,0.0017783309952738562,4
2016,9,0.006540658541796779,0.003330154314226717,2,0.06309884298227371,0.030617009004195946,2,-0.11472744570313877,1.7606557391483988,4,-0.7252010723584928,3.7330431835167914,4,-0.016707128240712663,0.02144356607479433,4
2016,10,-0.04915502716986652,-0.015302611714341333,4,-0.3990760896680132,-0.13950021211025795,4,0.49617372465150755,2.383572742281081,6,2.7063976351508505,6.984763063880868,6,0.06569659590272121,0.08766654137026772,6
2016,11,-0.03135549459295847,-0.03598439743619079,4,-0.24011680276517058,-0.32709510869141695,4,0.8067937920928225,2.962644343457769,6,4.765782768025092,10.449535112702439,6,0.2034520061917146,0.19658611961503186,6
2016,12,0.026988861424454894,-0.0396607922339353,4,0.24535201813389262,-0.36234644429461615,4,-0.15842074875990822,3.2290487723991776,6,-1.3268400893578813,12.373965380752756,6,-0.03212885442956924,0.2589516329947506,6
2017,1,0.02067683742556838,-0.04346117135093125,3,0.18719457472603476,-0.3950287423332433,3,-0.34880932345207905,3.0380461192418053,5,-1.3871601972848628,10.760348504887103,5,-0.009892574001308337,0.19371513931441786,5
2017,2,-0.0030296726770008267,-0.02358349043317241,2,-0.010510439447726456,-0.21618706177108854,2,-0.15321229262291364,2.7817170822996253,4,-1.303890821555118,9.177554802588357,4,-0.04091604655180431,0.13759334284466052,4
2017,3,-0.015421214353049622,-0.031393675134892315,2,-0.12481032255370443,-0.2864238315235854,2,0.04347251634190639,2.665874766366925,4,-0.6624760573752845,8.51652694236105,4,-0.05494430683101863,0.13157365470881927,4
2017,4,-0.019514991370546807,-0.013295056158115008,3,-0.16897010179216765,-0.12124090984207082,3,0.30558695785571827,2.271133662954427,4,1.7138115096179851,6.065962832180807,4,0.021759095021465606,0.047469747583718275,4
2017,5,0.004775760308804235,0.005886255569044331,4,0.03779395465779457,0.054241152176877624,4,0.08797274244512583,1.7459837116450603,6,0.25550190504720505,3.502661425063787,6,-0.005632910685203861,0.006087080187303581,6
2017,6,-9.453699229951568e-4,0.01012452179940359,4,-0.008500583885476058,0.09291438823800793,4,0.12231887512534027,1.5781520879503164,6,0.22608838669666267,2.8926578281877036,6,-0.0028490777536061334,0.003790113011179824,6
2017,7,0.008959508766643061,0.018496526308605724,4,0.07845425236813504,0.16962703021083023,4,-0.22860175570995037,1.3756230183104603,6,-0.6326467882370702,2.115424334863351,6,-4.4423825174186804e-5,4.4430154313741316e-5,6
2017,8,0.005255355120619081,0.011839587323091209,4,0.04363395008773321,0.10903444588391291,4,-0.009187158347186766,1.371162251293646,5,-0.13830847662742324,2.1478446610543926,5,-0.0018495020011276555,0.0017783309952738562,5
2017,9,0.00397403641568095,0.003330154314226717,4,0.04231895004882547,0.030617009004195946,4,-0.3442814137101475,1.7606557391483988,5,-1.2412309309221543,3.7330431835167914,5,-0.0074973506308963584,0.02144356607479433,5
2017,10,0.012770730135855264,-0.015302611714341333,3,0.1055812896359875,-0.13950021211025795,3,0.21656396908258163,2.383572742281081,6,1.535537911545813,6.984763063880868,6,0.08283922082225481,0.08766654137026772,6
2017,11,-0.03807076341712195,-0.03598439743619079,3,-0.3102814580433542,-0.32709510869141695,3,0.0630056813330917,2.962644343457769,6,0.3709331719446067,10.449535112702439,6,0.006500350517731192,0.19658611961503186,6
2017,12,0.03513802333905953,-0.0396607922339353,3,0.3077821609760909,-0.36234644429461615,3,-0.8984338395567423,3.2290487723991776,6,-6.264817554072713,12.373965380752756,6,-0.19528631231472773,0.2589516329947506,6
2018,1,-0.03331179125889286,-0.04346117135093125,3,-0.26813422596607267,-0.3950287423332433,3,0.3164692243556034,3.0380461192418053,6,2.606026925180049,10.760348504887103,6,0.030805375984193185,0.19371513931441786,6
2018,2,0.02539994524445715,-0.02358349043317241,3,0.2403182936771762,-0.21618706177108854,3,-0.38076403157045424,2.7817170822996253,5,-2.148594623000405,9.177554802588357,5,-0.02478007503221175,0.13759334284466052,5
2018,3,0.019345188691117777,-0.031393675134892315,4,0.18070582413109879,-0.2864238315235854,4,-0.6791416295075051,2.665874766366925,5,-3.884163735429715,8.51652694236105,5,-0.09358507989200626,0.13157365470881927,5
2018,4,-0.01140632612858704,-0.013295056158115008,4,-0.10012905213739588,-0.12124090984207082,4,0.286033308039894,2.271133662954427,6,1.9230843519983112,6.065962832180807,6,0.04949744046088233,0.047469747583718275,6
2018,5,0.014504047453175871,0.005886255569044331,4,0.13371706683532883,0.054241152176877624,4,-0.1844081104428173,1.7459837116450603,5,-0.8103951687551997,3.502661425063787,5,-0.005776108698032892,0.006087080187303581,5
2018,6,-0.007758156338540835,0.01012452179940359,3,-0.07690943674271211,0.09291438823800793,3,-0.031131333874902776,1.5781520879503164,5,-0.2858969860692484,2.8926578281877036,5,-0.0037123923225877145,0.003790113011179824,5
2018,7,-0.0027876552521644573,0.018496526308605724,3,-0.04418058551074923,0.16962703021083023,3,0.04487829080875244,1.3756230183104603,4,0.14430474392858306,2.115424334863351,4,-4.447927609800308e-5,4.4430154313741316e-5,4
2018,8,8.610236027909368e-4,0.011839587323091209,3,4.659913859886247e-4,0.10903444588391291,3,0.054192185281236246,1.371162251293646,3,0.058249823349093365,2.1478446610543926,3,-0.001668229268131376,0.0017783309952738562,3
2018,9,-0.003469784581167645,0.003330154314226717,3,-0.036065448895786806,0.030617009004195946,3,-0.23464160144276885,1.7606557391483988,5,-1.1341764056161805,3.7330431835167914,5,-0.021736346898667564,0.02144356607479433,5
2018,10,0.00393685578879285,-0.015302611714341333,4,0.033744184780131345,-0.13950021211025795,4,-0.294114814439153,2.383572742281081,6,-2.0182003174181817,6.984763063880868,6,-0.07292489138499615,0.08766654137026772,6
2018,11,0.005686790067149099,-0.03598439743619079,4,0.025149358832791038,-0.32709510869141695,4,-0.583010320121123,2.962644343457769,6,-3.716006977928659,10.449535112702439,6,-0.12983433486450022,0.19658611961503186,6
2018,12,-0.021784344619100428,-0.0396607922339353,4,-0.2018957186628819,-0.36234644429461615,4,0.32581075337536897,3.2290487723991776,6,2.5777747608106734,12.373965380752756,6,0.07288576202128132,0.2589516329947506,6
2019,1,0.007513089792484514,-0.04346117135093125,4,0.05019103146713933,-0.3950287423332433,4,-0.12061770607956719,3.0380461192418053,6,-0.7761857055557478,10.760348504887103,6,0.004337982227638859,0.19371513931441786,6
2019,2,0.024563945408718493,-0.02358349043317241,4,0.21935616703697608,-0.21618706177108854,4,-0.19040144471186277,2.7817170822996253,6,-1.8149544959648034,9.177554802588357,6,-0.09214802395562231,0.13759334284466052,6
2019,3,0.03282388075685743,-0.031393675134892315,4,0.2808287983064978,-0.2864238315235854,4,-0.6126624969277289,2.665874766366925,6,-3.6599120742577416,8.51652694236105,6,-0.0916830019896061,0.13157365470881927,6
2019,4,0.004710834413951288,-0.013295056158115008,4,0.037543506164477915,-0.12124090984207082,4,0.10275629087914655,2.271133662954427,6,0.4749225717243611,6.065962832180807,6,0.007802987510257648,0.047469747583718275,6
2019,5,0.0058611042242137125,0.005886255569044331,4,0.06055288858513034,0.054241152176877624,4,0.14613091446015092,1.7459837116450603,6,0.6288506000845735,3.502661425063787,6,0.004339525667534729,0.006087080187303581,6
2019,6,0.013355226490667947,0.01012452179940359,4,0.12357654876781274,0.09291438823800793,4,-0.19114776470174286,1.5781520879503164,6,-0.802697463495144,2.8926578281877036,6,-0.0037897995931769164,0.003790113011179824,6
2019,7,-0.008794711761311465,0.018496526308605724,4,-0.07596723480102223,0.16962703021083023,4,-0.2946067914615796,1.3756230183104603,6,-0.8117505751646229,2.115424334863351,6,-4.4423825174186804e-5,4.4430154313741316e-5,6
2019,8,-0.004547833164265124,0.011839587323091209,4,-0.04237416234590419,0.10903444588391291,4,-0.16224998600873874,1.371162251293646,6,-0.41186755561868893,2.1478446610543926,6,-0.0015520795378102365,0.0017783309952738562,6
2019,9,-0.003356554906146415,0.003330154314226717,4,-0.024504230503016627,0.030617009004195946,4,0.12715458773303626,1.7606557391483988,6,0.3756372416833351,3.7330431835167914,6,-0.02063114325308427,0.02144356607479433,6
2019,10,0.01371828781775333,-0.015302611714341333,4,0.11223455592778254,-0.13950021211025795,4,-0.16832234476236785,2.383572742281081,6,-0.5350725870908412,6.984763063880868,6,0.013025064047542204,0.08766654137026772,6
2019,11,0.043617960628930925,-0.03598439743619079,4,0.36391530582949283,-0.32709510869141695,4,-0.9723596007987925,2.962644343457769,5,-5.636720903213918,10.449535112702439,5,-0.16383420720081354,0.19658611961503186,5
2019,12,0.005663514518381769,-0.0396607922339353,4,0.04147550007548839,-0.36234644429461615,4,-0.3183830841347314,3.2290487723991776,6,-2.5763424876975995,12.373965380752756,6,-0.08070793253510421,0.2589516329947506,6
2020,1,-0.03577698953446823,-0.04346117135093125,4,-0.3040764620220031,-0.3950287423332433,4,0.9273516719621907,3.0380461192418053,5,6.566510351878407,10.760348504887103,5,0.23784350755614733,0.19371513931441786,5
2020,2,0.014846530638312885,-0.02358349043317241,4,0.13538508421713746,-0.21618706177108854,4,0.051063920077975805,2.7817170822996253,6,0.4537933684162096,9.177554802588357,6,0.0074628776676373635,0.13759334284466052,6
2020,3,0.02721587264890118,-0.031393675134892315,4,0.23578784367451522,-0.2864238315235854,4,-0.5498327410989793,2.665874766366925,6,-3.2494327196952866,8.51652694236105,6,-0.09749079071485701,0.13157365470881927,6
2020,4,0.013959941414395147,-0.013295056158115008,4,0.10391417795074562,-0.12124090984207082,4,-0.5437841388599219,2.271133662954427,6,-2.7457256801276886,6.065962832180807,6,-0.046446711454341066,0.047469747583718275,6
2020,5,0.006826492264110943,0.005886255569044331,4,0.03451589798845554,0.054241152176877624,4,0.13424212441050457,1.7459837116450603,6,0.37091362398346134,3.502661425063787,6,-0.006086425424432886,0.006087080187303581,6
2020,6,5.100971921528999e-4,0.01012452179940359,4,3.3396191500851635e-4,0.09291438823800793,4,0.10480550051825145,1.5781520879503164,6,0.2741550462177336,2.8926578281877036,6,-0.0037897995931769164,0.003790113011179824,6
2020,7,0.0038953870871254732,0.018496526308605724,4,0.038173439178176935,0.16962703021083023,4,-0.03983588524931854,1.3756230183104603,6,-0.07902455868179233,2.115424334863351,6,-4.4423825174186804e-5,4.4430154313741316e-5,6
2020,8,0.0040518897013551445,0.011839587323091209,4,0.03614880320202688,0.10903444588391291,4,0.04188444303085818,1.371162251293646,6,0.19921075566134092,2.1478446610543926,6,-0.0017782215549970296,0.0017783309952738562,6
2020,9,-0.0032846052902124456,0.003330154314226717,4,-0.05834923908944526,0.030617009004195946,4,-0.043930715571317815,1.7606557391483988,5,0.25468997863333276,3.7330431835167914,5,0.038256079029557064,0.02144356607479433,5
2020,10,0.0177156056523526,-0.015302611714341333,4,0.152384508467817,-0.13950021211025795,4,-0.41757629003008623,2.383572742281081,6,-2.34400191763655,6.984763063880868,6,-0.046863874127986024,0.08766654137026772,6
2020,11,0.008094590022532445,-0.03598439743619079,4,0.07321771942118502,-0.32709510869141695,4,0.22512155444951565,2.962644343457769,5,1.538004226162785,10.449535112702439,5,0.06886844715189405,0.19658611961503186,5
2020,12,-0.00406159719603888,-0.0396607922339353,4,-0.04455721220344808,-0.36234644429461615,4,0.2917301358381887,3.2290487723991776,5,1.8190898818163814,12.373965380752756,5,0.06984616414029714,0.2589516329947506,5
2021,1,-0.009978780360988143,-0.04346117135093125,4,-0.09648145762685952,-0.3950287423332433,4,0.6627115716806175,3.0380461192418053,5,4.821372051877573,10.760348504887103,5,0.22220920861887938,0.19371513931441786,5
2021,2,0.02244531157307955,-0.02358349043317241,4,0.21642175987245466,-0.21618706177108854,4,0.27757003110323725,2.7817170822996253,5,1.786096103405177,9.177554802588357,5,0.021002526682311683,0.13759334284466052,5
2021,3,-0.0032430629665564387,-0.031393675134892315,4,-0.047396995291408,-0.2864238315235854,4,0.41029904493421204,2.665874766366925,4,2.2059457949377212,8.51652694236105,4,0.09105042058624535,0.13157365470881927,4
2021,4,0.02425793719889586,-0.013295056158115008,4,0.21854236472589192,-0.12124090984207082,4,-0.5966768191562508,2.271133662954427,5,-2.8225756803973567,6.065962832180807,5,-0.031123893858574083,0.047469747583718275,5
2021,5,0.010162955887826983,0.005886255569044331,4,0.09339187341354364,0.054241152176877624,4,-0.11061922602290875,1.7459837116450603,5,-0.5906168540750847,3.502661425063787,5,-0.005975102340574198,0.006087080187303581,5
2021,6,-0.007109017426914728,0.01012452179940359,4,-0.060575798366294994,0.09291438823800793,4,0.1038105070178411,1.5781520879503164,6,0.2848368619195518,2.8926578281877036,6,-8.56275325210573e-4,0.003790113011179824,6
2021,7,0.011262130715330155,0.018496526308605724,4,0.10422408509600703,0.16962703021083023,4,-0.04104293083995749,1.3756230183104603,6,-0.09886747576934547,2.115424334863351,6,-4.4423825174186804e-5,4.4430154313741316e-5,6
2021,8,0.005074104302098026,0.011839587323091209,4,0.045236718634730465,0.10903444588391291,4,0.20527156106210004,1.371162251293646,6,0.6240868858174482,2.1478446610543926,6,-0.0017782215549970296,0.0017783309952738562,6
2021,9,-0.009120240529766743,0.003330154314226717,4,-0.09521497336472173,0.030617009004195946,4,0.29472142035266874,1.7606557391483988,6,1.511914864639904,3.7330431835167914,6,0.017798496717793506,0.02144356607479433,6
2021,10,-0.024566918739401644,-0.015302611714341333,3,-0.2303215712759285,-0.13950021211025795,3,0.7962480247588317,2.383572742281081,5,4.888867254594171,6.984763063880868,5,0.11952065585360303,0.08766654137026772,5
2021,11,-0.022838452329910067,-0.03598439743619079,3,-0.21435321307281202,-0.32709510869141695,3,-0.05321495451313611,2.962644343457769,5,-0.9912935690495516,10.449535112702439,5,-0.07160335198256057,0.19658611961503186,5
2021,12,0.008819480795850692,-0.0396607922339353,4,0.07383506607096489,-0.36234644429461615,4,0.12097578889758137,3.2290487723991776,5,0.036904226208228544,12.373965380752756,5,-0.009518019866524109,0.2589516329947506,5
2022,1,0.0030224081189924924,-0.04346117135093125,4,0.019550303333672824,-0.3950287423332433,4,-0.39725847153214755,3.0380461192418053,6,-2.4806597581250065,10.760348504887103,6,-0.07531536318719342,0.19371513931441786,6
2022,2,0.02086964502004424,-0.02358349043317241,4,0.17799686113741692,-0.21618706177108854,4,-0.34255895699486866,2.7817170822996253,6,-2.402542807319974,9.177554802588357,6,-0.08296139803313192,0.13759334284466052,6
2022,3,0.006577003102695989,-0.031393675134892315,3,0.051671551679508744,-0.2864238315235854,3,-0.17170910351659063,2.665874766366925,5,-1.363481611015771,8.51652694236105,5,-0.059092966434207486,0.13157365470881927,5
2022,4,-0.007307190306789931,-0.013295056158115008,3,-0.055884564431687996,-0.12124090984207082,3,0.18550983481643601,2.271133662954427,5,1.6593936147135409,6.065962832180807,5,0.04283942436015831,0.047469747583718275,5
2022,5,-0.013451661211192898,0.005886255569044331,3,-0.11355805107807115,0.054241152176877624,3,0.23677913916808052,1.7459837116450603,5,0.9587764472436957,3.502661425063787,5,-0.001837048752210353,0.006087080187303581,5
2022,6,-0.014308507863193428,0.01012452179940359,3,-0.11984143401440217,0.09291438823800793,3,-0.07388821913047498,1.5781520879503164,5,-0.3689189260932086,2.8926578281877036,5,-0.0013328091717489715,0.003790113011179824,5
2022,7,0.0021750312561707908,0.018496526308605724,3,0.017218624881330594,0.16962703021083023,3,-0.1321542866412605,1.3756230183104603,5,-0.41673583470360137,2.115424334863351,5,-4.446506851989071e-5,4.4430154313741316e-5,5
2022,8,0.002887815712072992,0.011839587323091209,3,0.02741447984530149,0.10903444588391291,3,-0.08903914631894431,1.371162251293646,4,-0.3675291841037242,2.1478446610543926,4,-0.0019306877609189844,0.0017783309952738562,4
2022,9,0.005393626606197518,0.003330154314226717,3,0.0545221724076532,0.030617009004195946,3,-0.303094078394355,1.7606557391483988,4,-1.2769936617193745,3.7330431835167914,4,-0.01744783924165594,0.02144356607479433,4
2022,10,0.022808160823195135,-0.015302611714341333,3,0.18993222408712432,-0.13950021211025795,3,-0.08720019543185312,2.383572742281081,5,-0.0412149467011433,6.984763063880868,5,0.029024204529313494,0.08766654137026772,5
2022,11,0.02769192077742432,-0.03598439743619079,3,0.22685001431077578,-0.32709510869141695,3,-0.41241069971102245,2.962644343457769,5,-2.4918852959539946,10.449535112702439,5,-0.0667988935165431,0.19658611961503186,5
2022,12,-0.0010208960573670279,-0.0396607922339353,4,-0.005517000708446697,-0.36234644429461615,4,-0.41811239518682364,3.2290487723991776,6,-2.4861726431850806,12.373965380752756,6,-0.07246262108071688,0.2589516329947506,6
2023,1,0.0019620547444851497,-0.04346117135093125,4,0.0031458472879384992,-0.3950287423332433,4,0.12663512023041867,3.0380461192418053,6,0.3076382946924793,10.760348504887103,6,-0.013636882426189071,0.19371513931441786,6
2023,2,0.009889917044505465,-0.02358349043317241,4,0.08566486058129485,-0.21618706177108854,4,0.6504888111912153,2.7817170822996253,6,4.682960163808772,9.177554802588357,6,0.12256100080921638,0.13759334284466052,6
2023,3,0.00978067703248438,-0.031393675134892315,4,0.08669019563332402,-0.2864238315235854,4,-0.374330032019618,2.665874766366925,6,-1.913157142178136,8.51652694236105,6,-0.028345143302398648,0.13157365470881927,6
2023,4,-0.032020113009352626,-0.013295056158115008,4,-0.27904551861935617,-0.12124090984207082,4,0.16280203176319372,2.271133662954427,6,0.7368714584444788,6.065962832180807,6,0.02274623758340016,0.047469747583718275,6
2023,5,0.014713604993064646,0.005886255569044331,4,0.13442759231687085,0.054241152176877624,4,-0.0843357201181287,1.7459837116450603,6,-0.4706061668563719,3.502661425063787,6,-0.006086425424432886,0.006087080187303581,6
2023,6,0.01679359901738241,0.01012452179940359,4,0.14571995467307294,0.09291438823800793,4,-0.02228213397340981,1.5781520879503164,6,-0.14002730816796183,2.8926578281877036,6,-0.0027321088041188588,0.003790113011179824,6
2023,7,8.535305602638046e-4,0.018496526308605724,4,0.007028428138152626,0.16962703021083023,4,-0.26398067762978145,1.3756230183104603,6,-0.6656779371780649,2.115424334863351,6,-4.4423825174186804e-5,4.4430154313741316e-5,6
2023,8,0.006435014232387974,0.011839587323091209,4,0.05628796385023643,0.10903444588391291,4,-0.04042313060607511,1.371162251293646,6,0.1777451952588422,2.1478446610543926,6,1.319445624256091e-4,0.0017783309952738562,6
2023,9,-0.009442637241860648,0.003330154314226717,4,-0.07879999290374137,0.030617009004195946,4,0.3487153158348846,1.7606557391483988,5,2.1099679627046792,3.7330431835167914,5,0.09227760371905079,0.02144356607479433,5
2023,10,-4.4947667545271967e-4,-0.015302611714341333,4,-0.01228979602165587,-0.13950021211025795,4,-0.29965078273182005,2.383572742281081,6,-1.5743755753825508,6.984763063880868,6,-0.0453251707626304,0.08766654137026772,6
2023,11,0.01753080674464394,-0.03598439743619079,4,0.14401348906800118,-0.32709510869141695,4,-0.34999978953761984,2.962644343457769,6,-2.353356095964913,10.449535112702439,6,-0.07136919363590197,0.19658611961503186,6
2023,12,0.0034241994576799605,-0.0396607922339353,3,0.036702161324152556,-0.36234644429461615,3,-0.05107977376012515,3.2290487723991776,4,-0.6428340774075949,12.373965380752756,4,0.006339261573921711,0.2589516329947506,4
2024,1,0.00758431427513605,-0.04346117135093125,3,0.06082207791554139,-0.3950287423332433,3,0.1367382648275219,3.0380461192418053,4,0.9082651805381807,10.760348504887103,4,0.014798610535827985,0.19371513931441786,4
2024,2,7.211578187228835e-5,-0.02358349043317241,3,-0.0032561151278954954,-0.21618706177108854,3,-0.02169416147139964,2.7817170822996253,4,-0.49036264554773257,9.177554802588357,4,-0.032874415887698474,0.13759334284466052,4
2024,3,0.002125316448573233,-0.031393675134892315,3,0.023737102000805678,-0.2864238315235854,3,-0.09893287081300955,2.665874766366925,5,-0.4444319580700255,8.51652694236105,5,0.034044950150341265,0.13157365470881927,5
2024,4,0.01835515304018403,-0.013295056158115008,3,0.16647487930314273,-0.12124090984207082,3,-0.18430953852066037,2.271133662954427,5,-1.382625145234536,6.065962832180807,5,-0.043765551890431,0.047469747583718275,5
2024,5,0.015947801019154884,0.005886255569044331,3,0.14795230243056953,0.054241152176877624,3,0.061940370357313645,1.7459837116450603,5,0.07290317684794709,3.502661425063787,5,0.0016414470082033328,0.006087080187303581,5
2024,6,0.003936996635236478,0.01012452179940359,4,0.02844051855915978,0.09291438823800793,4,0.2002679029949463,1.5781520879503164,6,0.9908691394822068,2.8926578281877036,6,0.012535659624387326,0.003790113011179824,6
2024,7,9.344590583482497e-4,0.018496526308605724,4,0.010881015975133496,0.16962703021083023,4,-0.03567554224103324,1.3756230183104603,6,-0.24639873272124477,2.115424334863351,6,-4.4423825174186804e-5,4.4430154313741316e-5,6
2024,8,-0.004811439485817714,0.011839587323091209,4,-0.042210342345503755,0.10903444588391291,4,-0.13742145837373998,1.371162251293646,6,-0.5295562401956829,2.1478446610543926,6,-0.0017782215549970296,0.0017783309952738562,6
2024,9,0.011190125518486067,0.003330154314226717,4,0.10351468291569473,0.030617009004195946,4,0.15761443062388136,1.7606557391483988,6,0.4839951017308331,3.7330431835167914,6,0.0038887746002830297,0.02144356607479433,6
2024,10,-0.004743197566197788,-0.015302611714341333,4,-0.04540252077297663,-0.13950021211025795,4,-0.06309552387711204,2.383572742281081,6,-0.24982777404000747,6.984763063880868,6,0.0068957055514147535,0.08766654137026772,6
2024,11,-0.012527142763464186,-0.03598439743619079,4,-0.11440017516898877,-0.32709510869141695,4,0.27025050470151396,2.962644343457769,6,2.7028073878389116,10.449535112702439,6,0.10108625426437304,0.19658611961503186,6
2024,12,-0.023590577120836898,-0.0396607922339353,4,-0.2061748155475536,-0.36234644429461615,4,0.1821850369090184,3.2290487723991776,5,1.1951183994180603,12.373965380752756,5,0.08461495282760755,0.2589516329947506,5
2025,1,0.044692861092000984,-0.04346117135093125,4,0.38205918063050665,-0.3950287423332433,4,-0.8169383638998655,3.0380461192418053,6,-5.28737330981587,10.760348504887103,6,-0.1797436960190739,0.19371513931441786,6
2025,2,-0.013656758157261204,-0.02358349043317241,4,-0.1171444747366498,-0.21618706177108854,4,-0.111757162999922,2.7817170822996253,6,-0.04498251967471565,9.177554802588357,6,-0.021674881986315692,0.13759334284466052,6
2025,3,-0.023669181334377558,-0.031393675134892315,4,-0.19468520358169142,-0.2864238315235854,4,0.29112040888910373,2.665874766366925,6,0.9502313086946841,8.51652694236105,6,-0.012687364512063114,0.13157365470881927,6
2025,4,0.030950529984964163,-0.013295056158115008,4,0.277680068263631,-0.12124090984207082,4,-0.25447032993200325,2.271133662954427,6,-1.5308989582975439,6.065962832180807,6,-0.04328057796898252,0.047469747583718275,6
2025,5,0.0041380425081741215,0.005886255569044331,4,0.04650438938072517,0.054241152176877624,4,0.006301222289526723,1.7459837116450603,6,-0.18012062052394454,3.502661425063787,6,-0.005299719710177608,0.006087080187303581,6
2025,6,0.019461575059889866,0.01012452179940359,4,0.18373452123824585,0.09291438823800793,4,0.14148653485870002,1.5781520879503164,6,0.5317606776308421,2.8926578281877036,6,-0.003673167916013399,0.003790113011179824,6
2025,7,0.005209425614073478,0.018496526308605724,4,0.05444091436242688,0.16962703021083023,4,-0.1432964817548415,1.3756230183104603,6,-0.30593913433052383,2.115424334863351,6,-4.4423825174186804e-5,4.4430154313741316e-5,6
2025,8,1.0802668882708989e-4,0.011839587323091209,4,0.003667130665847788,0.10903444588391291,4,-0.023360042581160298,1.371162251293646,6,-0.0101547210712199,2.1478446610543926,6,-0.0017782215549970296,0.0017783309952738562,6
2025,9,0.005743347400476246,0.003330154314226717,4,0.06339911853137194,0.030617009004195946,4,-0.16631445863882036,1.7606557391483988,6,-0.7184875222419089,3.7330431835167914,6,-0.018424114398031374,0.02144356607479433,6
2025,10,-0.005497737151379193,-0.015302611714341333,2,-0.05385763035442421,-0.13950021211025795,2,0.3762282486577388,2.383572742281081,4,2.5468873118945807,6.984763063880868,4,0.11677669079784538,0.08766654137026772,4
2025,11,0.011793585983279491,-0.03598439743619079,2,0.10200779677424644,-0.32709510869141695,2,-0.06615150091822193,2.962644343457769,4,-0.6725954541257807,10.449535112702439,4,-0.021421169569465534,0.19658611961503186,4
2025,12,-0.01518279003522966,-0.0396607922339353,1,-0.1390667531241067,-0.36234644429461615,1,-0.5050395937665514,3.2290487723991776,4,-3.8509748687892627,12.373965380752756,4,-0.1361982065776293,0.2589516329947506,4
2026,1,0.002751421595219732,-0.04346117135093125,1,0.024291449390220952,-0.3950287423332433,1,-0.6420616876950247,3.0380461192418053,4,-3.4200308254561307,10.760348504887103,4,-0.08420443605889877,0.19371513931441786,4
2026,2,-0.0024009809362337585,-0.02358349043317241,1,-0.021379757215186746,-0.21618706177108854,1,0.0012369777359118113,2.7817170822996253,4,-0.6432765136608098,9.177554802588357,4,-0.0522019169454027,0.13759334284466052,4
2026,3,0.015535873018265665,-0.031393675134892315,1,0.14384989604614998,-0.2864238315235854,1,-0.43045873510449667,2.665874766366925,4,-2.816578768990813,8.51652694236105,4,-0.09573579012363317,0.13157365470881927,4
2026,4,0.03461069376555533,-0.013295056158115008,2,0.30160364356288805,-0.12124090984207082,2,-0.41473572291746097,2.271133662954427,4,-2.213418777064328,6.065962832180807,4,-0.04718535209515843,0.047469747583718275,4
2026,5,0.01169227496278188,0.005886255569044331,2,0.10679052120239417,0.054241152176877624,2,0.3253001852342679,1.7459837116450603,4,1.3273786946451658,3.502661425063787,4,0.02164482975761866,0.006087080187303581,4
2026,6,0.007647646379883406,0.01012452179940359,2,0.06977098947711902,0.09291438823800793,2,0.1978655207516774,1.5781520879503164,4,0.6538916257073987,2.8926578281877036,4,-0.003898220511352074,0.003790113011179824,4
2026,7,0.003971288220231178,0.018496526308605724,2,0.03981091829725469,0.16962703021083023,2,-0.020819728411063998,1.3756230183104603,4,-0.1455329697396965,2.115424334863351,4,-4.443025286106851e-5,4.4430154313741316e-5,4
2026,8,0.004031893228205706,0.011839587323091209,2,0.0380789204913138,0.10903444588391291,2,-0.13154546464759984,1.371162251293646,4,-0.5146368698930325,2.1478446610543926,4,-0.0016323616915891173,0.0017783309952738562,4
2026,9,0.0024491625683177374,0.003330154314226717,2,0.03352306251473425,0.030617009004195946,2,-0.09113829939490935,1.7606557391483988,4,-0.44251263990634737,3.7330431835167914,4,-0.013988047489161297,0.02144356607479433,4
