beach,lat,lon,d_km
Copalis,47.125,-124.125,5.424506150143975
Copalis,47.125,-124.375,13.606466605697015
Copalis,46.875,-124.125,29.247368564024743
Kalaloch,47.625,-124.375,2.139831078786953
Kalaloch,47.625,-124.625,18.424697495739125
Kalaloch,47.375,-124.375,25.70705571661689
Long Beach,46.375,-124.125,4.489703666195089
Long Beach,46.375,-124.375,23.46401648093694
Long Beach,46.125,-124.125,26.648049817256783
Mocrocks,47.125,-124.125,14.544454350043354
Mocrocks,47.125,-124.375,17.274493366708892
Mocrocks,47.375,-124.375,19.138804882144708
Twin Harbors,46.875,-124.125,2.221927658362043
Twin Harbors,46.875,-124.375,19.60067406942551
Twin Harbors,46.625,-124.125,25.632269881662815
