year,month,anom_regional,sst_regional,n_pixels_regional,n_days,anom_copalis,anom_kalaloch,anom_long_beach,anom_mocrocks,anom_twin_harbors
1981,9,-0.38277045253597,14.177175757575757,55,30,0.15874594753905077,-0.7948547008547013,0.3545897435897434,-0.11337901562039517,0.26415178308281756
1981,10,0.47535407543173674,13.546856304985337,55,31,0.9487915173237754,0.8842384109916365,0.9110498954599766,0.9369417861409796,0.9287843787335722
1981,11,0.6782220561048146,12.03210909090909,55,30,0.658275567344532,0.7400940170940172,1.033213380489243,0.6266080165045675,0.7747583259652225
1981,12,0.3641565769037758,10.350234604105571,55,31,0.6780982259403755,-0.25147468094313535,1.6820821322319184,0.2543130742114374,1.1080248643320278
1982,1,-0.5039092674052349,8.737794721407624,55,31,-0.7235542944378075,-0.6519075069693349,0.12245285742731997,-0.8306954898446838,-0.4774776317536175
1982,2,-0.09632675489393676,9.073883116883117,55,28,0.2872712945661811,-0.5383423928429872,0.8191259932431164,-0.08869585527433325,0.5892660381631843
1982,3,-0.1388072609526348,9.278692082111437,55,31,-0.04993348674921272,-0.30056641006842594,0.2487434995112411,-0.14915451015531644,0.0483299486803516
1982,4,-0.3775870428422153,9.848939393939395,55,30,-0.573781609195402,-0.46509195402298903,-0.38060919540229915,-0.5300727969348659,-0.5368927203065136
1982,5,-1.0954699380905832,10.80100293255132,55,31,-1.3003369175627235,-1.4213058542413375,-1.0329863799283157,-1.354749342891278,-1.2029507765830338
1982,6,-1.4194741919191918,12.04509090909091,55,30,-1.748003703703704,-1.3605138888888881,-1.6949981481481473,-1.6733587962962968,-1.7513555555555549
1982,7,-1.1684399737081606,13.2231788856305,55,31,-0.9341261432455816,-1.1785801198862937,-0.80555316091954,-1.0217203065134104,-0.949236420096403
1982,8,-0.6932222125634221,14.127114369501466,55,31,0.014839787079706568,-0.5459593019286567,-0.23541135432667618,-0.12467747055811529,0.027874688513398027
1982,9,0.05418106261554521,14.614127272727274,55,30,0.8033015030946066,0.13092307692307692,0.5640341880341874,0.721843206601827,0.6291517830828184
1982,10,-0.24493917970022797,12.826563049853373,55,31,0.3209420549581843,0.1941308841099166,0.08094236857825561,0.3437159796893668,0.13018222819593817
1982,11,0.1065796318623903,11.460466666666667,55,30,0.14638667845564335,0.008871794871794236,0.3766578249336874,0.10905246094901185,0.1880916592985553
1982,12,0.49618590241697236,10.48226392961877,55,31,0.8090659678758593,0.5570199427127793,0.7902541752426716,0.7647431817383197,0.7745840041169737
1983,1,1.0898795888997506,10.33158357771261,55,31,1.421714522766494,1.4830387295898049,1.2905173735563522,1.4507023596176822,1.313812690827028
1983,2,1.2336472710800894,10.403857142857143,55,28,1.53286653266142,1.2959433214427272,1.6799593265764496,1.4211850971066198,1.6279565143536612
1983,3,1.6205182522438462,11.038017595307918,55,31,1.7923245777669166,1.658788428641251,2.093904789833822,1.7150390382317802,1.9103729594330396
1983,4,0.7930008359456637,11.019527272727274,55,30,0.9334406130268196,0.7846858237547897,1.0388352490421457,0.8804827586206893,0.9665517241379314
1983,5,0.7430227305311177,12.63949560117302,55,31,0.7339641577060938,0.596328554360813,0.7519598566308238,0.7074011947431309,0.7494148148148151
1983,6,0.549034898989899,14.0136,55,30,0.36266296296296235,0.351708333333334,0.6742240740740743,0.34497453703703646,0.46275555555555553
1983,7,0.948703721306502,15.34032258064516,55,31,1.985658802990977,1.5302370844147817,1.5100382369299226,1.916236682733901,1.8236668057100485
1983,8,0.7924376114834987,15.612774193548388,55,31,1.000108604284008,0.8267288701143537,0.8002875704045067,0.9700537122375833,0.9576596347499576
1983,9,0.002884092918575702,14.562830303030303,55,30,0.7430792808723842,0.3105897435897435,0.45436752136752173,0.6742876510462713,0.6828184497494844
1983,10,-0.4442998835125447,12.627202346041056,55,31,-0.6420686977299876,-0.7822132019115889,-0.4679823626045394,-0.6508001493428909,-0.5805704599761056
1983,11,0.9294826621654206,12.283369696969697,55,30,1.3140533451223095,1.3593162393162395,1.2457689360447983,1.3334969053934564,1.3016472148541112
1983,12,0.030144846698497218,10.016222873900293,55,31,-0.08975123642521628,-0.18566822933023097,0.24724342255449963,-0.12278369998211087,-0.010039651797004723
1984,1,-0.2552992967307482,8.986404692082111,55,31,-0.3687155847603882,-0.4728752489048187,-0.13733208880923856,-0.39510409199522084,-0.4108109650869511
1984,2,0.03069921913203731,9.200909090909091,55,29,0.1678952682936039,0.1008530094558638,0.08528362871109667,0.1432992186172927,0.16046472453428487
1984,3,0.018729395938860676,9.436228739002933,55,31,0.3350127498099275,-0.21497501221896442,0.5511090909090909,0.15149065113500568,0.44650199169110455
1984,4,-0.4491870428422152,9.777339393939394,55,30,-0.47111494252873537,-0.6217586206896554,-0.19360919540229915,-0.5429616858237546,-0.37844827586206914
1984,5,-0.7423262430759203,11.154146627565982,55,31,-0.6366810035842286,-0.9823811230585413,-0.33943799283154164,-0.7793729988052563,-0.4715529271206685
1984,6,-1.430686313131313,12.033878787878788,55,30,-1.157892592592593,-1.7049583333333327,-1.298109259259259,-1.2876921296296302,-1.1441333333333332
1984,7,-1.5896305895439378,12.801988269794721,55,31,-1.7338035626004207,-1.6947091521443582,-1.7444778921023356,-1.6781719194166367,-1.800419215795328
1984,8,0.3530534472606249,15.173390029325514,55,31,0.8682806472947604,0.4438256443079028,0.5344811187916031,0.8513440348182287,0.716261785287592
1984,9,-0.05497045253596989,14.504975757575757,55,30,0.6625237253168278,0.21792307692307666,0.25481196581196563,0.6133987621573821,0.5408184497494842
1984,10,0.013148796839361378,13.084651026392962,55,31,0.10502807646356042,0.03413088410991646,0.15879183094384666,0.10737189366786144,0.1133005077658306
1984,11,-0.00925067116791257,11.344636363636363,55,30,0.4733866784556439,0.2898717948717942,0.3641022693781319,0.3972746831712346,0.5060916592985562
1984,12,-0.7716557398117666,9.214422287390029,55,31,-1.1562028493284426,-0.9777112400829194,-0.7647995881981888,-1.1174073558960895,-1.121437501259371
1985,1,-1.0603784756163788,8.18132551319648,55,31,-1.7121564449754416,-1.6055634209478293,-1.0799127339705297,-1.6858567801672637,-1.6538217177751229
1985,2,-1.6633787029458846,7.506831168831169,55,28,-2.3890382292433423,-1.7672709642715583,-2.2208740067568837,-2.191552998131476,-2.43597205707491
1985,3,-1.2567838005420777,8.160715542521993,55,31,-1.4028367125556642,-1.3889535068426202,-1.2979231671554257,-1.4159287037037043,-1.3639281158357772
1985,4,-0.9040658307210031,9.322460606060606,55,30,-1.012892720306514,-1.0013141762452105,-0.6891647509578552,-1.0166283524904216,-0.9733371647509573
1985,5,-0.9539098207885304,10.942563049853373,55,31,-0.5157132616487452,-0.726897252090799,-0.4223412186379936,-0.5580826762246112,-0.507574432497013
1985,6,-0.7082196464646465,12.756345454545455,55,30,-0.690892592592593,-0.8447361111111107,-0.5201092592592591,-0.7306921296296304,-0.6535777777777773
1985,7,-0.5046452523005361,13.886973607038122,55,31,-0.7503627023853673,-0.6290102274131749,-0.9506069243604003,-0.6893547151155612,-0.8332149147200596
1985,8,0.0478511012195691,14.868187683284457,55,31,0.6751623677248683,0.3110299453831716,0.3786746671787,0.5977956477214548,0.5902402799112476
1985,9,-0.493521967687485,14.066424242424242,55,30,-0.046476274683171205,0.004700854700854388,-0.12863247863247848,-0.023934571175950953,-0.06984821691718206
1985,10,-0.9803468043336592,12.091155425219942,55,31,-0.8532514934289127,-1.0538261051373954,-1.0602404271206687,-0.8873592891278376,-0.8702478793309437
1985,11,-1.8462809741982156,9.507606060606062,55,30,-1.9806133215443567,-1.9672393162393167,-1.9232310639552015,-1.9801697612732105,-2.0011305629236666
1985,12,-2.089163071190066,7.89691495601173,55,31,-2.692116827823066,-2.6839477992227048,-1.790821093574533,-2.742783699982111,-2.462297716313134
1986,1,-0.3825368333876397,8.85916715542522,55,31,-0.26462956325501175,-0.48212256073277554,0.02008726602947064,-0.3642438769414576,-0.10113354573211215
1986,2,-0.3805345471017288,8.789675324675326,55,28,-0.27760965781477037,-0.5200090595096535,0.340911707528831,-0.41274347432195196,-0.09240062850348174
1986,3,0.6316912727717053,10.049190615835776,55,31,0.8752278035733679,0.6755626221896384,1.194765004887585,0.8061143070489845,0.9392976906158351
1986,4,-0.4097931034482759,9.816733333333334,55,30,-0.5174482758620697,-0.6879808429118773,-0.21549808429118814,-0.5735172413793107,-0.4232260536398466
1986,5,-0.7043907592049528,11.19208211143695,55,31,-0.7544229390681002,-0.6263596176821977,-0.7716960573476701,-0.6958246117084824,-0.8138109916367977
1986,6,-0.15357722222222223,13.310987878787879,55,30,-0.05867037037037074,0.1643750000000003,-0.4399981481481478,0.06108564814814758,-0.16902222222222227
1986,7,-0.391636454646577,13.999982404692082,55,31,0.028131921270547384,0.11926934247929803,-0.6536176770485724,0.14967754294895563,-0.27450523730070425
1986,8,-1.1334861421821907,13.686850439882697,55,31,-1.097203223672982,-1.1563894094555387,-1.535303827444956,-1.089408653353815,-1.2129855265403655
1986,9,-1.016061361626879,13.543884848484849,55,30,-1.292920719127616,-1.205299145299146,-1.1888547008547008,-1.29682346006484,-1.2532926613616262
1986,10,-0.6312089744216356,12.440293255131964,55,31,-0.5034665471923537,-0.5217830943847073,-0.7875522550776578,-0.4964990740740743,-0.5371295997610511
1986,11,-0.5010627923800338,10.852824242424242,55,30,-0.4968355437665786,-0.5397948717948727,-0.5311199528440902,-0.5121697612732105,-0.4949083407014439
1986,12,-0.1263243615126464,9.85975366568915,55,31,-0.45846091384457094,-0.6120123153517371,0.06971654083406935,-0.5499880010573795,-0.268319221689478
1987,1,-0.10176263983925263,9.139941348973608,55,31,-0.36065106863135615,-0.06771395858223823,-0.059052518916765585,-0.2644589307048986,-0.3215636532589941
1987,2,0.2823355827684011,9.452545454545454,55,28,0.580128437423325,0.5918957023951084,0.5444831361002596,0.5865422399637629,0.5814088953060418
1987,3,0.10521033435528292,9.522709677419355,55,31,0.29888371755186266,0.23362713831867055,0.2860553274682302,0.26998527479091966,0.28252349706744856
1987,4,0.00617659352142119,10.23270303030303,55,30,-0.16267049808429176,-0.20842528735632251,0.12227969348658974,-0.19585057471264436,-0.07278160919540255
1987,5,-0.016379028999674007,11.880093841642228,55,31,-0.5718422939068096,-0.3807682198327349,-0.2318035842293913,-0.508512783751493,-0.5198324970131422
1987,6,-1.2250075252525252,12.239557575757576,55,30,-1.591114814814815,-1.0979583333333327,-1.552664814814814,-1.4274699074074075,-1.6754666666666669
1987,7,-1.084328536758014,13.307290322580645,55,31,-0.9990723798047215,-0.8566446360153256,-1.352757461994809,-0.9344084785564212,-1.1150428717093064
1987,8,-1.7829289574314573,13.037407624633431,55,31,-2.1305365570063146,-1.8071420976275814,-2.146809203789042,-2.031129083461341,-2.1755661717016554
1987,9,-1.2187037858693033,13.341242424242424,55,30,-1.8394762746831717,-1.6034102564102561,-1.387076923076923,-1.773156793398173,-1.6785148835838495
1987,10,0.058732374551971424,13.130234604105572,55,31,-0.32722998805256803,-0.1328583632019118,-0.31249849163679794,-0.21897219235364376,-0.31659196535244877
1987,11,0.8102887227714812,12.164175757575757,55,30,0.23060890067786546,0.7355384615384614,0.3696578249336871,0.4116080165045677,0.16286943707633364
1987,12,-0.06036541723112146,9.925712609970674,55,31,-0.33243940846822717,-0.13556070244851112,-0.20867055594012443,-0.2522460655735088,-0.35853427545291855
1988,1,-0.19924651080699446,9.042457478005865,55,31,-0.35441450949157094,-0.5102946037435281,-0.032708432895260486,-0.4099428016726403,-0.264144298420284
1988,2,-0.7075139470121634,8.46269592476489,55,29,-0.4503805937753622,-0.7356987146820675,-0.5583945322084437,-0.5567007813827077,-0.41378814902893346
1988,3,-0.283798463298676,9.133700879765396,55,31,-0.1542345620180304,-0.3218567326490713,-0.06910596285434956,-0.21431580047789764,-0.13672381476050907
1988,4,-0.6176718913270637,9.608854545454545,55,30,-0.22122605363984724,-0.2642030651340992,-0.3358314176245217,-0.21907279693486595,-0.2832260536398466
1988,5,-0.27855498207885304,11.61791788856305,55,31,0.027189964157707063,0.23826403823178133,-0.31900788530465957,0.10116463560334606,-0.07015507765830324
1988,6,-0.6177044949494948,12.846860606060606,55,30,-0.4972259259259258,-0.45895833333333275,-0.473331481481481,-0.4979143518518517,-0.4650222222222216
1988,7,-0.5811203256143189,13.81049853372434,55,31,-0.880685283030528,-1.1491177542948954,-0.7374886447905075,-1.0075267581263134,-0.7311719039673713
1988,8,-1.2492808635898152,13.571055718475073,55,31,-1.3234397828127662,-1.0386474739716676,-1.6171317844342035,-1.2517742447516642,-1.408361870626387
1988,9,-1.6638249979905153,12.896121212121212,55,30,-1.7152540524609492,-2.1942991452991456,-1.5509658119658123,-1.9177123489537287,-1.5939593280282935
1988,10,-0.5655550154773541,12.505947214076246,55,31,-0.42120848267622496,-0.3502777180406209,-0.4072296744324966,-0.4068216547192354,-0.4133661589008361
1988,11,0.004494783377541916,11.358381818181819,55,30,0.2028311229000881,0.20253846153846133,0.21732449160035472,0.21583023872679044,0.19786943707633378
1988,12,-0.5778082324803885,9.408269794721408,55,31,-0.5816867202961843,-0.4206144658893714,-0.4689931365852858,-0.5253643451434016,-0.5914375012593703
1989,1,-1.0477274492234168,8.193976539589443,55,31,-1.1649521439001729,-0.937713958582238,-1.3714181103146155,-1.0424159199522103,-1.2975851586353377
1989,2,-2.2722877938549755,6.897922077922078,55,28,-2.5473715625766755,-1.999532869033463,-2.79956448294736,-2.336791093369571,-2.749662533265387
1989,3,-1.5142442110992624,7.9032551319648094,55,31,-1.4170302609427612,-1.5845449046920825,-1.29910596285435,-1.472595370370371,-1.3742506964809384
1989,4,-0.23342340647857882,9.99310303030303,55,30,-0.1764482758620692,-0.0895363984674334,0.05439080459770137,-0.1505172413793107,-0.11600383141762431
1989,5,0.38455352231997403,12.281026392961877,55,31,-0.012594982078852013,0.1709522102747917,0.1759383512544801,0.06750872162485126,0.010059976105138091
1989,6,-0.3391287373737374,13.125436363636364,55,30,-0.016225925925926532,-0.09595833333333263,-0.33955370370370375,0.0017523148148139711,-0.13668888888888908
1989,7,0.28431075942966927,14.675929618768329,55,31,0.8116803083673213,0.6259360091459646,0.5751995272525026,0.7373119515511058,0.8032366981831665
1989,8,0.05420887248056623,14.874545454545455,55,31,0.13580752901519114,-0.1124109148318831,-0.05089522529441837,0.11016123911930424,0.0520682369004953
1989,9,-1.0468613616268791,13.513084848484848,55,30,-0.6992540524609497,-0.9690769230769233,-1.0677435897435903,-0.7362679045092845,-0.9071815502505155
1989,10,-0.7531561884978819,12.318346041055719,55,31,-0.44712246117084814,-0.49780459976105185,-0.8302404271206681,-0.43725176224611734,-0.59186078255675
1989,11,-0.3974688529860944,10.956418181818181,55,30,-0.35705776598880057,-0.2557948717948726,-0.2770088417329788,-0.3513919834954322,-0.34513056292366606
1989,12,-0.3524651239759896,9.633612903225806,55,31,-0.5145899461026353,-0.5612596271796946,-0.09856302905840408,-0.5667621946057668,-0.42595363029162847
1990,1,-0.03000897415010306,9.211695014662757,55,31,-0.024199455728130797,0.008522600557547241,-0.12851488450816362,-0.032953554360812966,-0.062101287667596594
1990,2,-1.186651430218612,7.983558441558442,55,28,-1.4449906101957233,-1.4186995357001295,-1.2158740067568836,-1.4581006171790947,-1.3726387237415771
1990,3,-0.5407368797209634,8.876762463343109,55,31,-0.5629442394373848,-0.45293200146627594,-0.3734070381231671,-0.539477090800478,-0.5422076857282505
1990,4,0.0830978056426333,10.309624242424242,55,30,-0.23355938697318082,-0.33364750957854444,0.24850191570881228,-0.27718390804597764,-0.08400383141762428
1990,5,-0.8641561550993807,11.032316715542523,55,31,-1.334100358422938,-1.3064671445639178,-0.9678250896057351,-1.3070074074074067,-1.255316367980883
1990,6,-0.07994691919191917,13.384618181818182,55,30,0.18832962962962974,0.18004166666666718,-0.11322037037036974,0.20830787037037032,0.1372
1990,7,0.048604014561634046,14.440222873900293,55,31,0.05211041589420281,0.20464568656531945,-0.11587574156470144,0.09043023112099806,-0.010096635150166714
1990,8,0.002883359284085171,14.823219941348974,55,31,0.22172150750981423,0.3786643539853216,-0.07627156938043989,0.3020967229902715,0.07604673152415072
1990,9,1.352938638373121,15.912884848484849,55,30,2.1751903919834947,2.5152564102564097,0.5015897435897436,2.387843206601826,1.7060406719717072
1990,10,-0.4123350741283805,12.65916715542522,55,31,0.1788990442054962,-0.16597664277180377,-0.2340038679808837,0.11833963560334541,0.060397281959379136
1990,11,0.25651902580178443,11.61040606060606,55,30,0.38916445623342116,0.3849829059829055,0.46943560271146545,0.39716357206012337,0.364869437076333
1990,12,-0.8533214289613268,9.13275659824047,55,31,-1.0228695159951087,-0.4438402723409845,-0.9299608785207697,-0.8761170333154441,-1.0601471786787258
1991,1,-1.8200148392527422,7.421689149560117,55,31,-1.9303284879861946,-2.0211548187972914,-1.9704503683791315,-1.9969320489844682,-1.8871550511084563
1991,2,-0.8524436380108199,8.317766233766234,55,28,-0.7418953721004851,-1.0715566785572725,-0.5449216258045032,-0.8752434743219517,-0.6654958665987204
1991,3,-0.8884553547942771,8.529043988269795,55,31,-0.9466001534158792,-0.8571255498533729,-1.0585683284457474,-0.8963588112305855,-1.0181216642228748
1991,4,-0.7088415882967608,9.517684848484848,55,30,-0.5825593869731804,-0.5824252873563219,-0.5762758620689657,-0.569961685823755,-0.6173371647509581
1991,5,-1.1081092342782666,10.788363636363636,55,31,-0.800014336917562,-0.8311983273596167,-1.0851369175627248,-0.7720611708482673,-0.8958540023894853
1991,6,-1.5409590404040403,11.92360606060606,55,30,-1.7647814814814815,-1.5519583333333327,-1.6216648148148145,-1.688914351851852,-1.7861333333333331
1991,7,-0.9303226716553747,13.461296187683285,55,31,-0.48240571313805464,-0.851483345692745,-0.3791015480163142,-0.6101074032876035,-0.4398815813867258
1991,8,-0.2796210395428943,14.540715542521994,55,31,-0.16666558926437958,-0.3917657535415599,-0.07207802099334278,-0.2412366103430621,-0.10255541901348349
1991,9,-0.30395833132384864,14.255987878787879,55,30,-0.23069849690539357,-0.3164102564102566,-0.31518803418803404,-0.16882346006483986,-0.3000704391394044
1991,10,-0.6736312618116651,12.397870967741936,55,31,-1.504326762246117,-1.208449761051374,-1.2318533303464754,-1.4657463859020314,-1.3915382019115892
1991,11,-0.77412339844064,10.579763636363637,55,30,-0.9446133215443565,-1.2433504273504277,-0.46867550839964583,-1.0800586501620988,-0.8061305629236664
1991,12,0.050180037314333056,10.03625806451613,55,31,-0.43426736545747485,-0.3611521002979738,-0.07608991077883391,-0.44342886127243375,-0.31917943674324195
1992,1,0.3965130199847943,9.638217008797653,55,31,0.026875813089074423,0.08981292313819249,0.4437431800079654,-0.009190113500597027,0.15746860480552213
1992,2,0.9703920091006895,10.140601880877743,55,29,0.9714584866844085,0.8894736991110358,1.272639950550177,0.9249084140195917,1.0665566785572735
1992,3,1.6501546158802096,11.067653958944282,55,31,1.6789912444335826,1.692014235092864,1.7526144672531767,1.6680497909199516,1.7083299486803518
1992,4,1.3351402298850574,11.561666666666667,55,30,1.152662835249042,1.1354636015325668,1.47427969348659,1.0988160919540224,1.2674406130268203
1992,5,0.7927998566308244,12.689272727272728,55,31,0.3036415770609325,0.42138231780167307,0.7652931899641574,0.3257882915173245,0.4136083632019118
1992,6,0.08428944444444456,13.548854545454546,55,30,-0.36867037037037126,-0.2646249999999994,-0.158109259259259,-0.3458032407407412,-0.28168888888888866
1992,7,0.6919647183739509,15.08358357771261,55,31,0.8721104158942031,0.7690542887158571,0.5000382369299222,0.8686022741317512,0.7858173433444566
1992,8,-0.1791459662291112,14.641190615835777,55,31,0.06548494837002927,-0.03316360300392537,-0.43057264464925754,0.0753225294418846,-0.04008230073391358
1992,9,-1.1258128767783941,13.434133333333333,55,30,-1.2998096080165051,-1.5311880341880346,-0.9536324786324784,-1.4023790156203955,-1.1656259946949603
1992,10,-0.027811320462691472,13.043690909090909,55,20,-0.06218160095579487,-0.2081970728793312,-0.047288814217443687,-0.10637004181601029,-0.04967261051373958
1992,11,0.14560387428663285,11.499490909090909,55,15,-0.12272443265546802,0.003982905982905886,0.22699115826702077,-0.09528087238432133,-0.06268611847922223
1992,12,-0.5695004870948442,9.416577540106951,55,17,-0.9513325140975759,-0.7182109238273858,-0.5541860524613137,-0.8761802844223391,-0.8847012583751201
1993,1,-0.984928231237102,8.256775757575758,55,15,-1.4934180937209616,-1.6412910195141375,-0.5107371067303857,-1.6015341995221026,-1.1992410726138327
1993,2,-0.8541059756731573,8.316103896103897,55,14,-0.940347753052866,-1.0797709642715583,-0.4370644829473598,-1.0056006171790948,-0.8385911046939581
1993,3,0.10836429329956451,9.525863636363637,55,16,-0.22516198137286855,-0.11937689393939384,0.17166016617790744,-0.20742735961768233,-0.145695588954057
1993,4,0.18401901776384538,10.410545454545455,55,15,0.33088505747126423,0.37157471264367814,0.20094636015325604,0.3317049808429117,0.2822183908045979
1993,5,0.7410786445096125,12.637551515151515,55,15,1.4748315412186386,1.5421493428912794,0.9468845878136195,1.5211287933094393,1.2819524492234173
1993,6,0.981604595959596,14.446169696969697,55,15,1.4991074074074078,1.833708333333334,0.9958907407407409,1.5970856481481484,1.2892000000000003
1993,7,-0.0029764350962349084,14.388642424242425,55,15,0.44363729761463294,0.28106862563341944,0.154425333704116,0.4241578296873059,0.3474875942405138
1993,8,0.44126569066238447,15.261602272727274,55,16,1.6745104860044375,1.1225286012971492,0.540301011264722,1.577170647721454,1.3811072153951187
1993,10,-0.6801991992505702,12.39130303030303,55,12,-1.1995149342891278,-1.062419295101553,-1.1040665919952204,-1.1664811529271208,-1.1633392771804065
1993,11,-1.0377597620770036,10.316127272727273,55,10,-1.4400577659888014,-1.3434615384615387,-1.5805643972885346,-1.4005030946065435,-1.4627972295903338
1993,12,-0.6745780272017959,9.3115,55,12,-0.9507279389341772,-1.02031876696464,-0.8281239609580453,-0.9732227680824698,-0.9253711930156427
1994,3,0.2293436321425396,9.646842975206612,55,11,0.5088152913544034,0.4023465909090908,0.39813743890518083,0.466114307048984,0.5125430474095788
1994,5,0.47406046269143054,12.370533333333332,55,15,0.7350537634408602,0.585038231780168,0.5146623655913979,0.7220176821983273,0.6630635603345283
1994,6,0.3612409595959596,13.82580606060606,55,15,0.7868851851851849,0.8030416666666671,0.22789074074074142,0.8204189814814811,0.6400888888888888
1994,7,-0.7646855260053258,13.626933333333334,55,15,-0.9908071468298113,-0.9295980410332465,-1.4706857774069952,-0.9851755036460267,-1.0389568502039304
1994,8,2.246910171181865,17.067246753246753,55,14,2.749778343147294,2.6861297917733395,1.8614319636456742,2.8063670762928816,2.533458405871309
1994,9,0.7978999437344264,15.357846153846154,55,13,0.4707801355732393,0.7178205128205123,-0.12206837606837577,0.6406124373710581,0.3254167403477748
1994,10,0.1852250431736722,13.256727272727273,55,12,-0.5597927120669054,-0.250197072879331,-0.4029554808841098,-0.45898115292712066,-0.531950388291517
1994,11,-0.7008520697693114,10.653034965034966,55,13,-0.9822116121426477,-0.7498461538461539,-1.0085643972885354,-0.8711441202475694,-1.0454895372826414
1994,12,-0.850953027201796,9.135125,55,16,-1.0967001611563987,-0.9476104336313066,-1.0129850720691571,-1.0560699903046913,-1.059468415237865
1995,1,-0.16557065547952637,9.076133333333333,55,15,-0.15941809372096158,-0.19751324173635965,-0.008292662285941313,-0.1755341995221027,-0.11946329483605507
1995,2,0.7438420762748945,9.914051948051949,55,14,0.8479855802804673,0.6454671309665372,1.179364088481212,0.7603517637732864,0.9566469905441366
1995,3,0.7037006569359281,10.1212,55,15,0.32742135196046424,0.5421647727272726,0.9865212772890187,0.3556698626045396,0.48217941104594253
1995,4,0.4655099268547545,10.692036363636364,55,15,0.6315517241379306,0.44668582375478927,0.7265019157088121,0.568371647509578,0.7166628352490422
1995,5,0.14559985663082442,12.042072727272727,55,15,-0.15872401433691685,0.07437156511350136,0.014440143369175354,-0.08242676224611618,-0.12693643966547144
1995,6,-0.4754499494949494,12.989115151515152,55,15,-0.885114814814815,-0.7714027777777771,-0.8123314814814808,-0.851581018518519,-0.8296888888888893
1995,7,1.2357902315704319,15.62740909090909,55,16,1.8373456309479668,1.2848741811889752,1.0728003337041159,1.703602274131751,1.6888348164627363
1995,8,-0.3483850669133733,14.471951515151515,55,15,0.022079930448882124,-0.19612417648062852,-0.26928232206861163,-0.059537685611879,-0.030240006827103965
1995,9,1.0725628807973637,15.63250909090909,55,15,1.4874126142057171,1.4323675213675209,0.9535897435897436,1.5371765399351596,1.28037400530504
1995,10,0.6275644371130662,13.699066666666667,55,15,1.1489850657108729,1.10341403823178,0.9413222968936683,1.154074402628435,1.058382945041816
1995,12,0.3934044902807215,10.379482517482517,55,13,0.5540370183307809,0.6616684125225394,0.4673674920334072,0.5787216763619755,0.5033681232236736
1996,2,0.2220628554956737,9.392272727272728,55,14,-0.407966800671914,0.08713379763320361,0.5824593265764495,-0.27298156956004743,-0.29168634278919586
1996,3,0.3720824751177463,9.789581818181817,55,10,-0.0852453147062023,0.35649810606060583,0.3587434995112411,0.02778097371565084,-0.05382058895405706
1996,4,0.5020796238244514,10.72860606060606,55,15,0.2771072796934864,0.3166858237547891,0.8293908045977005,0.2472605363984671,0.43688505747126466
1996,5,-0.17793953730856954,11.718533333333333,55,15,-0.42739068100358324,-0.30273954599760994,-0.26933763440860226,-0.3673156511350057,-0.40249199522102685
1996,6,-0.17136510101010105,13.2932,55,15,-0.3995592592592594,-0.3774027777777776,-0.2892203703703699,-0.40135879629629656,-0.3205777777777777
1996,7,-0.7296188593386592,13.662,55,15,-0.4581404801631444,-0.7522647076999137,-0.5149079996292176,-0.5967310592015824,-0.3707346279817081
1996,8,-1.1773934002467064,13.642943181818183,55,16,-1.2954895139955618,-1.5868463987028498,-1.0913656554019446,-1.4444960189452118,-1.156392784604881
1996,9,0.20170227473675742,14.761648484848484,55,15,0.407857058650162,0.7032564102564098,-0.133076923076923,0.5393987621573828,0.20748511641615094
1996,10,0.018963679537308632,13.09046590909091,55,16,-0.0720149342891272,0.07063626045400244,0.07933618578255697,-0.02245337514934261,-0.03625594384707279
1996,11,-0.5180082469254883,10.835878787878787,55,15,-0.8420577659888006,-0.7366837606837606,-0.47923106395520126,-0.8406142057176543,-0.7569083407014444
1996,12,-0.4064643908381597,9.579613636363636,55,16,-0.16774182782306526,-0.49594376696464043,0.10722326126417651,-0.33544499030469116,-0.004468415237864676
1997,1,-0.03666989790376876,9.205034090909091,55,16,-0.58680698260985,-0.128318797291915,-0.09413988450816409,-0.45032586618876874,-0.5362410726138324
1997,2,-0.27239168995887175,8.897818181818181,55,14,-0.8741572768623902,-0.4450090595096536,-0.6380168638997409,-0.7244101409886191,-0.9031149142177674
1997,3,-0.44662661579134466,8.970872727272727,55,15,-0.5396897591506468,-0.5911685606060608,-0.3783676115998696,-0.5709968040621275,-0.46582058895405726
1997,4,-0.29795673981191223,9.928569696969697,55,15,-0.2555593869731805,-0.3506475095785439,-0.19638697318007678,-0.3180727969348662,-0.21578160919540265
1997,5,0.8782907657217334,12.774763636363636,55,15,0.9017204301075274,1.046816009557946,0.9026623655913978,0.9482399044205501,0.9181746714456397
1997,6,1.8117758080808082,15.276340909090909,55,16,2.077996296296296,2.409347222222223,1.6395018518518516,2.23418287037037,1.9480888888888892
1997,7,1.3135690194492198,15.705187878787878,55,15,1.5343039642812997,1.401735292300086,0.9682031114818942,1.543713385242862,1.4250431497960694
1997,8,1.4414247815714751,16.261761363636364,55,16,1.3924271526711045,1.2354452679638162,1.4194676779313884,1.3523789810547882,1.4542322153951186
1997,9,2.452417426251909,17.012363636363638,55,15,3.3000792808723847,3.2188119658119656,2.8851452991452997,3.3147320954907156,3.176596227527263
1997,10,1.1088856492342782,14.18038787878788,55,15,1.6396517323775388,1.993858482676225,1.6824334080047791,1.7396299581839905,1.6141607228195938
1997,11,1.5337353428181013,12.887622377622378,55,13,1.082660182729148,1.369641025641025,1.5383586796345423,1.1603943412908926,1.1691258473327437
1997,12,1.661723625690766,11.647801652892563,55,11,1.6860649903587521,1.687635778489905,1.6975073521732682,1.725994403634702,1.6579368877924374
1998,2,1.7817295221623404,10.951939393939394,55,12,2.290644310439198,2.2249909404903465,2.358252977370101,2.240827954249477,2.340694609591756
1998,3,1.5480347478450192,10.965534090909092,55,16,1.5846296852937976,1.6529147727272722,1.6958268328445747,1.6300726403823174,1.5961794110459426
1998,4,0.7806493207941485,11.007175757575757,55,15,0.4124406130268194,0.7933524904214563,0.7053908045977018,0.5037049808429117,0.4726628352490418
1998,5,0.6911150081459759,12.587587878787879,55,15,0.8321648745519722,0.6923715651135017,0.5366623655913975,0.8053510155316612,0.7735080047789733
1998,6,0.4766955050505052,13.941260606060606,55,15,0.6451074074074074,0.5277083333333336,0.3865574074074078,0.6117523148148146,0.657866666666667
1998,8,1.498859898873528,16.319196480938416,55,31,1.603441937617341,1.17070736473801,1.2031907962109578,1.423387045570917,1.6559392046424304
1998,9,-0.03518257374809104,14.524763636363636,55,30,-0.28358738579428194,-0.7088547008547016,-0.27829914529914507,-0.4896012378426171,-0.12062599469495972
1998,10,0.1930842807103292,13.26458651026393,55,31,0.25137216248506594,0.12402335722819598,0.325350970728793,0.21285576463560338,0.25534351851851866
1998,11,0.6848584197411782,12.038745454545454,55,30,0.8063866784556429,0.7185384615384608,0.7348800471559098,0.7838302387267895,0.8387583259652226
1998,12,-0.052828760339625996,9.93324926686217,55,31,-0.1584609138445714,-0.0630875841689414,0.05261976664052052,-0.16504176449824057,-0.12724395287227352
1999,1,-0.15104709731725846,9.090656891495602,55,31,0.005908071153590673,-0.19104729191557132,-0.05238585225009906,-0.07101807048984436,-0.0026389220761983503
1999,2,-0.462034547101729,8.708175324675324,55,28,-0.4023715625766755,-0.3198900118906061,-0.25908829247116927,-0.4060768076552854,-0.35144824755110093
1999,3,-0.6316049149115792,8.785894428152492,55,31,-0.9497184329857719,-0.6608889907135875,-0.6302887585532749,-0.8697996714456391,-0.9050033846529821
1999,4,-0.754193103448276,9.472333333333333,55,30,-1.0133371647509584,-0.7810919540229886,-0.6473869731800767,-0.959961685823755,-0.9472260536398469
1999,5,-1.2005021961550995,10.695970674486803,55,31,-1.432702508960573,-1.1716284348864991,-1.0913734767025094,-1.3491579450418154,-1.3787572281959377
1999,6,-0.5241408585858587,12.940424242424243,55,30,-0.7084481481481486,-0.7165138888888887,-0.6414425925925921,-0.7104699074074082,-0.681688888888889
1999,7,-0.949794812417838,13.441824046920821,55,31,-0.503373455073539,-0.8789027005314551,-0.7094241286614759,-0.6398923495241634,-0.5295590007415646
1999,8,0.36669567599962777,15.187032258064516,55,31,0.6646247333162657,0.33371811742618185,0.4259864951356895,0.5486558627752179,0.6795951186209249
1999,9,-1.1208371192026367,13.43910909090909,55,30,-1.1831429413498384,-1.5332991452991453,-1.2554102564102567,-1.316045682287062,-1.1039593280282933
1999,10,-1.2418013497882046,11.829700879765396,55,31,-1.6860471923536438,-1.7071594384707296,-1.4216382765830342,-1.7339184289127842,-1.6079898148148146
1999,11,0.01856751065026927,11.372454545454545,55,30,-0.13327998821102285,-0.20346153846153867,-0.007008841732979221,-0.1811697612732098,-0.06857500736811062
1999,12,0.4799161076955647,10.465994134897361,55,31,0.5039046775532778,0.44314897497084377,0.44132944405987534,0.48710877313616824,0.46834744497718833
2000,1,0.017246157814706366,9.258950146627566,55,31,-0.22570483207221534,-0.08266019514137805,-0.19851488450816332,-0.18263097371565054,-0.23618730917297212
2000,2,-0.23078667428489055,8.939423197492163,55,29,-0.6773920880282359,-0.39995158824528626,-0.11862441726591477,-0.6034823905781099,-0.5863168846611172
2000,3,-0.16053746623122728,9.256961876832845,55,31,-0.17864316416856715,-0.09626533479960919,0.009496187683284418,-0.16549859617682175,-0.15822919110459507
2000,4,-0.2124537095088818,10.014072727272728,55,30,-0.4782260536398469,-0.5157586206896555,-0.00994252873563184,-0.5345172413793104,-0.3276704980842909
2000,5,-0.1244435451287064,11.772029325513197,55,31,0.29063082437276044,0.18450059737156543,-0.159330465949821,0.2919173237753885,0.19704922341696593
2000,6,-0.427704494949495,13.036860606060605,55,30,-0.15489259259259333,-4.0277777777693774e-4,-0.35455370370370315,-0.057914351851852196,-0.2536888888888888
2000,7,-0.3158710587521489,14.07574780058651,55,31,-0.5045562507724638,-0.35675216289704653,-0.5995316555431961,-0.443763317266099,-0.5057955598813493
2000,8,-0.12225447062793833,14.69808211143695,55,31,0.2216139806280939,-0.10208833418672114,0.18641660266257057,0.12887091653865865,0.204971462706947
2000,9,-0.09957651314203032,14.460369696969698,55,30,0.1985237253168286,0.04858974358974303,0.2150341880341878,0.17706542882404955,0.17526289419392901
2000,10,-0.22465765477354185,12.846844574780059,55,31,0.04190979689366792,0.021012604540023478,-0.024756556152926972,0.037156839904419904,0.05405319593787361
2000,11,-0.5550203681376096,10.798866666666667,55,30,-0.8228355437665792,-0.6135726495726495,-0.8412310639552008,-0.7729475390509878,-0.8122416740347779
2000,12,-0.7254211357061948,9.260656891495602,55,31,-0.7187834944897329,-0.8938402723409844,-0.4529716312089415,-0.8188052053584555,-0.6219751356679731
2001,1,-0.03576850494189194,9.205935483870968,55,31,0.031822049648214445,-0.13040213062524883,0.2784743628036643,-0.06134065113500616,0.15273742200982335
2001,2,-0.4343267548939366,8.735883116883118,55,28,-0.3511810863861993,-0.40655667855727273,-0.2894454353283121,-0.39976728384576177,-0.2957339618368149
2001,3,-0.4707486099262419,8.94675073313783,55,31,-0.4868152071793202,-0.592501893939394,-0.05437478005865041,-0.5661437574671447,-0.32672381476050855
2001,4,-0.4577991640543365,9.768727272727272,55,30,-0.5098927203065138,-0.5255363984674334,-0.49405363984674366,-0.5068505747126443,-0.5227816091954024
2001,5,-0.8387719908765068,11.057700879765395,55,31,-0.9439928315412178,-0.8344241338112303,-0.9236315412186382,-0.8851794504181593,-0.9739185185185182
2001,6,-0.48104388888888894,12.983521212121213,55,30,-0.470225925925926,-0.5814027777777776,-0.6504425925925924,-0.4794699074074078,-0.49879999999999985
2001,7,-1.0513021437961372,13.340316715542523,55,31,-1.5145562507724641,-1.3204080768755404,-1.3272735910270672,-1.4880643925349162,-1.4442901835372641
2001,8,-0.47782631813526966,14.342510263929618,55,31,-0.5626870946407235,-0.46305607612220534,-0.39390597798259047,-0.5305914490527393,-0.5496521932070321
2001,9,-0.750412876778394,13.809533333333333,55,30,-0.8470318302387264,-0.6599658119658128,-0.5271880341880344,-0.8070456822870616,-0.7918482169171815
2001,10,-1.0771620536005213,11.994340175953079,55,31,-0.8866923536439663,-0.9757615890083636,-0.9958318249701309,-0.8908001493428911,-0.9731511051373959
2001,11,-0.6783658226830643,10.675521212121213,55,30,-0.6169466548776897,-0.7411282051282058,-0.46100884173297924,-0.6887253168287651,-0.5316861184792222
2001,12,-0.4311513409847872,9.554926686217009,55,31,-0.2430845697585499,-0.23588328309367235,-0.08458453443474785,-0.2686976784767345,-0.1722977163131342
2002,1,-0.04422011784511762,9.197483870967742,55,31,-0.007747842824903965,-0.03448815213062476,0.23105500796495448,-0.045534199522102504,0.13295247577326444
2002,2,-0.5397098717770535,8.6305,55,28,-0.68915727686239,-0.511794773795368,-0.3327787686616457,-0.664052998131476,-0.5907339618368148
2002,3,-1.0397339471696438,8.377765395894428,55,31,-1.0140195082545898,-1.1102438294232655,-0.8839446725317691,-1.0675416069295107,-0.9679066104594339
2002,4,-0.7457749216300942,9.480751515151516,55,30,-0.9767816091954025,-0.9889808429118775,-0.6966091954022993,-0.96251724137931,-0.9166704980842914
2002,5,-1.0858980905832518,10.810574780058651,55,31,-1.4819498207885295,-1.212596176821983,-1.4028788530465952,-1.3724912783751488,-1.497251851851851
2002,6,-0.31041358585858575,13.154151515151515,55,30,0.13110740740740687,0.04681944444444497,-0.018998148148147227,0.14219675925925834,0.07464444444444496
2002,7,-0.0031144605116797276,14.38850439882698,55,31,0.5143684804103312,-0.0016983994561859579,0.4183178068223956,0.3287098010134706,0.5545270207638117
2002,8,-1.200049192035563,13.620287390029326,55,31,-1.2427946215224441,-1.278539947089947,-0.8820780209933433,-1.2865054275473629,-1.1769640211640215
2002,9,-0.7367037858693033,13.823242424242425,55,30,-0.8826984969053934,-0.7355213675213683,-0.8037435897435893,-0.8121567933981731,-0.8862926613616265
2002,10,-1.3481884465623981,11.723313782991202,55,31,-1.871423536439665,-1.9870519115890086,-1.7661544056152927,-1.9294022998805254,-1.792505943847073
2002,11,-0.36774764086488243,10.986139393939395,55,30,-0.840279988211023,-0.4889059829059838,-0.8040088417329793,-0.7380586501620989,-0.798797229590333
2002,12,0.9531947000709312,10.939272727272726,55,31,1.0442272581984398,0.8857296201321336,1.2919746053501981,0.9533453322759536,1.1259818535793389
2003,1,1.3334338410991637,10.575137829912023,55,31,1.514402694809504,1.6871247510951815,1.5041732875348472,1.5624227897252088,1.4782212929775647
2003,2,0.8114329853658035,9.981642857142857,55,28,0.7834617707566581,0.7023718928712986,0.6798402789574016,0.758566049487572,0.7435517524488992
2003,3,0.4829053490180395,9.90040469208211,55,31,0.6242600616378837,0.44803574046920797,0.6220768328445748,0.5765444145758659,0.6224159701857275
2003,4,0.037200835945663514,10.263727272727273,55,30,0.2849961685823749,0.21579693486590065,0.21716858237547912,0.26170498084291144,0.27010727969348736
2003,5,0.48731012056044315,12.383782991202345,55,31,0.3014910394265235,0.24976941457586696,0.38862652329749103,0.27944420549581866,0.3861890083632022
2003,6,0.08590762626262619,13.550472727272727,55,30,-0.20633703703703668,-0.08873611111111046,-0.2725537037037036,-0.15091435185185156,-0.20957777777777764
2003,7,0.25295005561735245,14.644568914956011,55,31,0.2812502008404394,0.04916181559757741,0.2244468390804594,0.18193560746508433,0.3622689562476822
2003,8,0.2592763211609179,15.079612903225806,55,31,0.2864526903055129,0.1751159668885478,0.32878219406042025,0.2497311315924223,0.2878746885133978
2003,9,-0.7745159070814244,13.785430303030303,55,30,-1.154142941349838,-1.021632478632479,-0.8856324786324782,-1.1004901267315066,-1.1549593280282935
2003,10,0.14110187601824703,13.212604105571847,55,31,-0.17196117084826726,-0.25404115890083706,0.3656735513739549,-0.26090767622461186,0.05555857228195945
2003,11,-0.13654158025882177,11.217345454545455,55,30,-0.6250577659888013,-0.2323504273504279,-0.16178661951075668,-0.5016142057176545,-0.5702416740347775
2003,12,0.3761976326222509,10.362275659824046,55,31,0.5428294087360737,0.4750844588418109,0.7025122397588005,0.5220550096953082,0.5770571223965432
2004,1,0.20397343054197892,9.445677419354839,55,31,0.6793489313686442,0.5709957188371165,0.5098722122660296,0.6338206391875746,0.6453180671711133
2004,2,-0.10636034199648925,9.063849529780564,55,29,-0.1150932374535228,0.11407140026046096,-0.315291083932582,-0.032677792876960154,-0.1956272294887036
2004,3,-0.4611181113925176,8.956381231671553,55,31,-0.2783205835234064,0.007820686705766633,-1.0308263929618768,-0.11173515531660765,-0.5609173631476049
2004,4,0.20427962382445145,10.430806060606061,55,30,0.4654406130268196,0.5629080459770114,-0.3884980842911876,0.5768160919540227,0.14621839080459745
2004,5,0.8186180384490064,12.71509090909091,55,31,1.194286738351255,1.210199522102749,0.12411039426523314,1.2856807646356039,0.8496298685782566
2004,6,0.6296227777777778,14.09418787878788,55,30,0.909662962962963,1.0280416666666674,-0.030331481481481386,1.0237523148148149,0.6296444444444447
2004,7,0.3325336333299625,14.724152492668622,55,31,0.8900674051415146,0.5847532134470393,-0.5998542361883578,0.9087098010134712,0.4122689562476823
2004,8,-0.169615174440255,14.650721407624633,55,31,0.623872045144223,0.662535321727257,-0.7345511392729129,0.7427418842805942,0.2420682369004954
2004,9,0.3239022747367573,14.883848484848485,55,30,0.9591903919834953,0.7685897435897431,0.4842564102564104,0.9513987621573824,0.7773740053050394
2004,10,0.1599288554903878,13.231431085043988,55,31,0.7236302270011947,0.4501523894862605,0.042985379330943964,0.6733933990442053,0.5085693249701316
2004,11,-0.35227491359215496,11.001612121212121,55,30,0.2047200117889775,-0.29146153846153905,-0.5314532861774234,0.07760801650456806,0.03964721485411123
2004,12,0.05694250065744145,10.043020527859237,55,31,0.6269154302414499,0.07293392120740272,0.024985358038369654,0.4745281279748781,0.5396377675578338
2005,1,0.4637916123601609,9.70549560117302,55,31,0.8210693614761713,-0.21169245320589405,1.0578292015133417,0.4926378434886504,1.0623073144829416
2005,2,0.4277446736774919,9.597954545454545,55,28,0.6706046278995146,0.12475284525225128,0.6307926599097833,0.4822565256780476,0.765456514353661
2005,3,1.0562543226250778,10.47375366568915,55,31,1.7082385562615403,0.840508858748778,1.4745499511241444,1.425254091995221,1.8227385508308895
2005,4,0.5861402298850574,10.812666666666667,55,30,0.9819961685823753,0.5335747126436777,0.45850191570881194,0.8655938697318005,0.9453295019157094
2005,5,0.6890461909416749,12.585519061583577,55,31,1.3094480286738357,1.0626726403823188,0.4823899641577061,1.2361108721624856,1.1623180406212672
2005,6,0.3181015656565656,13.782666666666666,55,30,0.8993296296296295,1.119375000000001,0.40611296296296295,1.0247523148148148,0.5667555555555553
2005,7,-0.08497369804833652,14.306645161290323,55,31,-0.1285347453961195,0.1670112779631688,-0.25071445124212016,-0.018709553825238128,-0.2618170652576944
2005,8,-1.3565594559651817,13.463777126099707,55,31,-1.697740858081584,-1.2740238180576895,-2.033690924219149,-1.5117742447516644,-1.8485769243898276
2005,9,-0.6757643919299092,13.884181818181819,55,30,-0.7185873857942825,-1.077965811965812,-0.8162991452991454,-0.8374901267315066,-0.7355148835838486
2005,10,0.06010480856956671,13.131607038123168,55,31,0.04965173237753895,0.45961475507765864,-0.6081974163679806,0.21597404420549596,-0.274548954599761
2005,11,0.3131796318623903,11.667066666666667,55,30,0.25949778956675473,0.49453846153846115,-0.5945643972885352,0.37683023872679006,0.0213138815207774
2005,12,-0.318236384973057,9.667841642228739,55,31,0.11207672056403102,-0.4909370465345327,-0.7726490505637807,-0.019127786003616382,-0.017351479753994425
2006,1,0.780724163679809,10.022428152492669,55,31,2.1424672109385363,1.8455118478693748,0.1586894165671051,2.176938918757467,1.5873610779238014
2006,2,-0.04289818346536533,9.127311688311687,55,28,0.4866760564709433,0.13153855953796523,-0.40123114961402645,0.4222565256780477,0.2985517524488988
2006,3,-0.45583951901715103,8.96165982404692,55,31,-0.1247721964266321,-0.2891685606060606,-1.2585683284457476,-0.09635881123058591,-0.38220768572825037
2006,4,-0.0012355276907000698,10.225290909090909,55,30,0.519996168582375,0.4143524904214555,-0.8650536398467435,0.5488160919540223,0.1513295019157089
2006,5,-0.5660153926360377,11.330457478005865,55,31,-0.9216272401433686,-0.9492628434886488,-1.2941691756272402,-0.919910633213858,-1.0698324970131423
2006,6,0.054356111111111036,13.518921212121212,55,30,0.31966296296296254,0.21348611111111163,-0.6143314814814816,0.318418981481481,0.012311111111111236
2006,7,-1.128486894529275,13.263131964809384,55,31,-1.0645562507724644,-0.7555693671981208,-1.8560907953281418,-0.9489246075886797,-1.3098815813867262
2006,8,-1.9124773445282315,12.907859237536657,55,31,-1.9916118258235187,-1.7497227427888717,-2.9528307091653865,-1.8982258576548894,-2.2806199351425156
2006,9,-1.7697765131420304,12.790169696969697,55,30,-1.6732540524609487,-1.7634102564102563,-2.0607435897435895,-1.7162679045092837,-1.8112926613616267
2006,10,-1.3990682119582925,11.672434017595307,55,31,-1.1279826762246117,-1.39995513739546,-1.9828210722819588,-1.1429506869773,-1.410140352449223
2006,11,-0.8806870348042762,10.4732,55,30,0.40027556734453223,-0.2436837606837615,-1.8894532861774238,0.36683023872678966,-0.16257500736811062
2006,12,-0.16478770462115083,9.821290322580646,55,31,0.459711129166181,0.36981564163751024,-1.0361974376605545,0.5477539344264907,0.049852821321274256
2007,1,-0.5583902058216572,8.683313782991203,55,31,-0.8020489180937211,-0.8488967542811627,-1.290557895260852,-0.7840288231780166,-0.9708109650869513
2007,2,-0.3518657159328977,8.818344155844155,55,28,0.5825093898042765,0.23689570239510852,-2.0093263877092644,0.6730898590113809,-0.13787681897967197
2007,3,-0.3711474369057141,9.046351906158359,55,31,0.5155503842185288,0.08061638563049851,-0.7721167155425223,0.4469745221027477,0.1956417766373407
2007,4,-0.9119567398119122,9.314569696969697,55,30,-0.12889272030651355,-0.6667586206896553,-1.3110536398467438,-0.20951724137931058,-0.5163371647509573
2007,5,-1.0126019028999673,10.883870967741936,55,31,-0.5247455197132614,-2.437542413381122,0.5841103942652328,-1.4186203106332134,0.005006212664277736
2007,6,-0.902213585858586,12.562351515151516,55,30,-0.17378148148148162,-4.134736111111111,2.2632240740740737,-2.027803240740741,1.0854222222222216
2007,7,1.3969676509252706,15.78858651026393,55,31,1.8040458997651712,-0.5132037758002715,4.826812430478309,0.5820431343468044,2.9761399239896185
2007,8,1.0259390777591582,15.846275659824046,55,31,1.4187107548216418,-0.4875722051544636,3.9549112263184836,0.4366128520225298,2.3094875917392037
2007,9,-0.7336977252632426,13.826248484848485,55,30,-0.12925405246094948,-2.6542991452991456,1.875256410256411,-1.34382346006484,0.7583740053050398
2007,10,-0.6893849275008145,12.382117302052785,55,31,-0.20701493428912757,-1.1995250298685782,0.49513591696535286,-0.6990797192353645,0.1494295400238954
2007,11,-0.6454143075315489,10.708472727272728,55,30,-0.050724432655467666,-0.9726837606837607,0.31588004715590995,-0.43961420571765447,0.15120277040966634
2007,12,-0.8890516342399192,9.097026392961876,55,31,-0.5373856450273671,-0.8152381218033504,-0.6937243193809847,-0.6402030548208207,-0.544448253947543
2008,1,-0.9143491501031822,8.327354838709677,55,31,-0.5368876277711406,-1.0376064317005176,-0.853891228594185,-0.7065019414575868,-0.5136066640116818
2008,2,-0.8135641037519752,8.356645768025079,55,29,-0.8386564558443276,-1.3827102089349408,-0.17080832531189158,-1.1125628503482246,-0.459880103051922
2008,3,-0.9632354134453036,8.454263929618769,55,31,-0.7106861749212557,-0.9941147971652006,-0.8799661779081133,-0.8010899940262851,-0.6636055351906158
2008,4,-1.6106900731452456,8.615836363636364,55,30,-1.496226053639847,-1.6613141762452113,-1.4157203065134105,-1.5434061302681996,-1.4411149425287355
2008,5,-1.3631766829586185,10.533296187683284,55,31,-1.6452831541218635,-1.2179725209080037,-1.156427240143369,-1.5249643966547186,-1.5888647550776582
2008,6,-1.9357226767676767,11.528842424242423,55,30,-2.090781481481482,-1.5658472222222215,-1.3765537037037028,-1.9433587962962964,-2.092911111111112
2008,7,-1.4913490646172516,12.900269794721408,55,31,-2.1069218421703133,-1.3094403349400572,-1.6834026232851318,-1.842795575330615,-2.152354699666296
2008,8,-0.7874274911557976,14.03290909090909,55,31,-0.5970956967912612,-0.06649693633725917,-0.5360565156169995,-0.4024194060419865,-0.7495446663253116
2008,9,-1.1950856040511213,13.364860606060606,55,30,-1.6020318302387266,-0.7094102564102567,-1.3374102564102568,-1.303267904509284,-1.6681815502505153
2008,10,-0.9415256899641576,12.129976539589443,55,31,-0.6750794504181599,-0.5859766427718043,-0.5301329002389483,-0.6146711170848272,-0.7114306750298685
2008,11,-0.29409915601639747,11.059787878787878,55,30,-0.003391099322134513,-0.20968376068376138,0.2962133804892435,-0.09328087238432126,0.0774249926318884
2008,12,-0.5723243615126463,9.41375366568915,55,31,-0.5406114514789794,-0.44265747664205907,-0.37469206131646793,-0.5057944526702828,-0.5471364259905537
2009,1,-1.5419444580210708,7.6997595307917885,55,31,-1.3297908535775924,-1.1704021306252488,-1.5542138092393465,-1.2492976403823175,-1.5016711801407145
2009,2,-1.2421254561926378,7.928084415584416,55,28,-1.458800134005247,-1.1615566785572724,-1.3908740067568839,-1.3889339505124283,-1.465733961836815
2009,3,-1.0833527154980893,8.334146627565982,55,31,-1.2386431641685676,-1.086910496089932,-0.987170478983383,-1.1993695639187578,-1.201562524437928
2009,4,-1.1094597701149427,9.117066666666666,55,30,-1.285337164750958,-1.1064252873563223,-1.0422758620689656,-1.243961685823755,-1.22655938697318
2009,5,-1.0611238970348646,10.835348973607038,55,31,-0.9027025089605729,-0.8820585424133807,-0.8759971326164878,-0.8939966547192348,-0.9099400238948618
2009,6,0.2107561111111112,13.675321212121212,55,30,-0.022225925925926166,0.3181527777777789,-0.13499814814814748,0.1270856481481477,-0.10502222222222161
2009,7,-0.7475191525937911,13.644099706744868,55,31,-1.1545562507724636,-0.5926661413916694,-0.8509295050055616,-0.9799998764058836,-1.155580506117909
2009,8,0.07515901910813202,14.895495601173021,55,31,0.7133344107356206,0.5786643539853221,0.45749187147977527,0.7302687660010244,0.6028209250725377
2009,9,0.08556894140342401,14.645515151515152,55,30,0.49941261420571753,0.5651452991452987,0.3749230769230767,0.5333987621573826,0.43904067197170643
2009,10,-0.7039714377647442,12.367530791788857,55,31,-0.5758321385902031,-1.0696325567502996,-0.3559393518518519,-0.7311227299880532,-0.42282852449223424
2009,11,-0.09681430753154911,11.257072727272726,55,30,0.2509422340111988,0.29942735042734964,0.12599115826702048,0.27216357206012276,0.1896472148541116
2009,12,-0.8971923967032623,9.088885630498533,55,31,-0.9619017740596245,-0.842334895996899,-1.0679178677680816,-0.8917084311649065,-1.0475665335174351
2010,1,0.3610350141196917,9.602739002932552,55,31,0.6359080711535903,0.8185226005575471,0.6100872660294705,0.6865088112305854,0.6160707553431563
2010,2,0.8621472710800893,10.032357142857142,55,28,1.095247485042372,1.2468957023951084,1.0775783741954974,1.122613668535191,1.0822422286393756
2010,3,0.8182953783435528,10.235794721407625,55,31,0.8400665132507873,0.9004013318670575,0.8955176930596286,0.8418132317801668,0.8608030669599215
2010,4,0.1355099268547545,10.362036363636363,55,30,-0.00989272030651378,0.13457471264367804,0.17250191570881235,0.03570498084291174,0.010218390804598224
2010,5,-0.7336693515803192,11.162803519061583,55,31,-0.6292616487455186,-0.8603381123058534,-0.4841691756272404,-0.7228138590203095,-0.5524131421744318
2010,6,-0.36469843434343435,13.099866666666667,55,30,-0.18500370370370392,-0.20918055555555526,-0.3381092592592587,-0.1868032407407411,-0.23335555555555546
2010,7,-1.2332552229750229,13.158363636363637,55,31,-1.569610014213324,-1.1228811951551112,-1.3216821931776053,-1.4106450376962065,-1.6269783555802746
2010,8,-1.2030345292789646,13.617302052785924,55,31,-0.9834397828127669,-0.8857442481652159,-0.9954113543266759,-0.9398387608806965,-1.0010500426693973
2010,9,-1.183412876778394,13.376533333333333,55,30,-0.8713651635720604,-1.064965811965812,-0.6668547008547007,-0.9216012378426175,-0.8032926613616264
2010,10,0.3983921985988923,13.469894428152493,55,31,0.45008183990442063,0.6174642174432492,0.5923402180406215,0.5202751194743124,0.4431929808841109
2010,11,0.1369250864078448,11.490812121212121,55,30,0.07160890067786536,0.30198290598290534,0.058880047155910255,0.1392746831712343,0.05642499263188879
2010,12,0.015886782182368202,10.001964809384164,55,31,0.028420806585536102,0.051428544863316716,0.07208213223191902,0.014205547329716831,0.06619690734277957
2011,1,-0.33187994189203857,8.909824046920821,55,31,-0.6372102084163022,-0.2076064317005173,-0.7676546694543998,-0.45897505973715685,-0.8017787070224346
2011,2,-0.6330670146341965,8.537142857142857,55,28,-0.8043953721004847,-0.6604852499858437,-0.8884930543759317,-0.7551244267029039,-0.8440672951701483
2011,3,-0.45564597063005424,8.961853372434017,55,31,-0.7374603684696428,-0.5471255498533729,-0.5588909090909091,-0.685176015531661,-0.6953259652981428
2011,4,-0.9074597701149425,9.319066666666666,55,30,-1.0225593869731806,-1.1369808429118773,-0.8894980842911876,-1.0686283524904219,-0.9366704980842909
2011,5,-0.9398804952753339,10.956592375366569,55,31,-0.6554982078853046,-0.838832735961768,-0.647717562724015,-0.6998031063321388,-0.6523056152927111
2011,6,0.057368232323232314,13.521933333333333,55,30,0.4437740740740737,0.40326388888888925,0.28244629629629675,0.49564120370370307,0.4082000000000002
2011,7,0.40764213772878954,14.79926099706745,55,31,0.004798587937213957,0.17249514893091047,0.2604683444568045,0.07236571499196565,0.107860354097145
2011,8,-0.09867089291532832,14.72166568914956,55,31,-0.9859129010923363,-0.5127334954770433,-0.23455113927291293,-0.8926344598054268,-0.794705956647892
2011,9,-0.9963159070814244,13.563630303030303,55,30,-1.4614762746831715,-1.1637435897435904,-0.9232991452991453,-1.42082346006484,-1.3497371058060714
2011,10,0.5659229903877485,13.637425219941349,55,31,0.8711571087216244,0.8110126045400238,0.8981466696535249,0.8450063022700114,0.8816876045400234
2011,11,-0.3293597620770034,11.024527272727273,55,30,-0.17083554376657872,-0.21368376068376094,-0.13278661951075676,-0.18605865016209874,-0.1620194518125556
2011,12,-0.9998727486094205,8.986205278592376,55,31,-0.8363103762101627,-1.2114746809431345,-1.0401759322842103,-0.9395578935304982,-0.8200396517970047
2012,1,-0.8308535489301617,8.410850439882697,55,31,-0.8221564449754416,-0.8804021306252491,-0.9037837017124648,-0.8342438769414576,-0.846939997345015
2012,2,-0.9400844799275238,8.23012539184953,55,29,-0.940150708717891,-0.8338596342222976,-0.8316129230130406,-0.9118731951758111,-0.904247919143876
2012,3,-1.3762852668177377,8.041214076246334,55,31,-1.5195033792223314,-1.4260502810361686,-1.3326543499511245,-1.5080792413381128,-1.445003384652982
2012,4,-0.49198098223615466,9.734545454545454,55,30,-0.453337164750959,-0.4517586206896554,-0.29872030651341025,-0.48251724137931085,-0.3748927203065134
2012,5,-0.9459450114043662,10.950527859237537,55,31,-0.9678637992831535,-1.0864671445639182,-0.7904057347670257,-1.006039665471923,-0.8956389486260447
2012,6,-0.6041166161616162,12.860448484848485,55,30,0.21110740740740694,-0.36518055555555523,0.05900185185185217,0.05108564814814779,0.23631111111111144
2012,7,-0.07034613206593189,14.321272727272728,55,31,0.28791686750710593,0.33152740699542704,0.4973500648869121,0.33139797305648183,0.3547420745272524
2012,8,0.09244347658613805,14.912780058651027,55,31,-0.3401064494794331,0.0672665045229562,0.17555638760880754,-0.2502688684075777,-0.187501655572623
2012,9,-0.25709772526324265,14.302848484848484,55,30,-0.44580960801650527,-0.17529914529914534,-0.43174358974358995,-0.34304568228706184,-0.43673710580607167
2012,10,-0.7645931386445096,12.306909090909091,55,31,-1.2902407407407412,-1.279417502986858,-1.0245415023894857,-1.3121979988052572,-1.0989575567502985
2012,11,0.4839614500442086,11.837848484848484,55,30,0.4240533451223101,0.5912051282051282,0.6032133804892433,0.45871912761567896,0.5012027704096665
2012,12,0.5506609757307552,10.536739002932551,55,31,0.636377795832848,0.8859446738955749,0.7295014870706277,0.7262485580824052,0.6663044342245007
2013,1,-0.3912347806017159,8.850469208211143,55,31,-0.6251671976636134,-0.4497569693349259,-0.5206654221425726,-0.5556417264038226,-0.5911335457321117
2013,2,-0.6948007808679627,8.475409090909091,55,28,-0.45713346733858035,-0.6944138214144159,-0.5346835305664074,-0.5317910933695712,-0.44537681897967235
2013,3,-0.7021269090464767,8.715372434017596,55,31,-0.767567895351363,-0.951534152003911,-0.6146973607038131,-0.834638381123059,-0.7099496212121217
2013,4,-0.5364537095088819,9.690072727272728,55,30,-0.421448275862069,-0.5430919540229885,-0.18860919540229895,-0.4634061302681989,-0.35422605363984694
2013,5,-0.28016202020202013,11.616310850439882,55,31,-0.31721863799283057,-0.27958542413381043,-0.13406164874551982,-0.3262547192353633,-0.24735937873357194
2013,6,0.6058894444444447,14.070454545454545,55,30,0.7472185185185184,0.8788194444444452,0.8366685185185195,0.7956412037037032,0.7837555555555559
2013,7,-0.3177009707756093,14.07391788856305,55,31,-1.229717541095044,-0.20578442096156202,-0.5220047738227661,-0.9526880484488937,-1.147193409343716
2013,8,-0.2564949398361495,14.56384164222874,55,31,-0.5224720408772825,-0.4697227427888719,-0.28670167690732146,-0.5067204813108036,-0.4376091824543433
2013,9,1.7841750020094846,16.344121212121212,55,30,2.209301503094606,2.465589743589744,1.5819230769230768,2.327065428824049,2.0244851164161504
2013,10,0.32532474991854016,13.396826979472142,55,31,0.6738452807646359,0.8023029271206692,0.4844907556750299,0.7266192054958189,0.6281392174432495
2013,11,-0.7113900651073067,10.64249696969697,55,30,-0.8132799882110232,-1.1170170940170945,-0.4362310639552014,-0.9459475390509878,-0.6654638962570001
2013,12,-1.5438082324803883,8.442269794721408,55,31,-1.8107189783607003,-1.8343779067495865,-1.6392081903487263,-1.833321334390713,-1.8032654582486176
2014,1,-0.8979327278157921,8.343771260997068,55,31,-0.8639844019646891,-1.1422300876144964,-0.8805578952608517,-0.9476847371565112,-0.8922088145493167
2014,2,-1.1311968847640665,8.0390129870129865,55,28,-1.025109657814771,-1.3119138214144155,-0.8058740067568836,-1.1191720457505234,-0.956805390408244
2014,3,0.012031448724784514,9.429530791788856,55,31,0.4684536100249801,0.22362713831867076,0.4549800586510268,0.37396376941457515,0.4808030669599213
2014,4,0.4631523510971787,10.689678787878789,55,30,0.2551072796934862,0.2875747126436779,0.5437241379310347,0.2411494252873556,0.38677394636015333
2014,5,1.9475212642554578,13.843994134897361,55,31,1.9582652329749106,2.15804898446834,1.7058308243727591,2.0313796893667866,1.894683632019116
2014,6,0.12008944444444448,13.584654545454546,55,30,-0.4743370370370368,-0.23740277777777763,-0.04855370370370338,-0.402803240740741,-0.40535555555555547
2014,7,0.44180636060268996,14.833425219941349,55,31,0.2615727814856008,0.49002203065134076,0.4669199573600296,0.4020431343468047,0.25850551538746736
2014,8,-0.20184391344318758,14.6184926686217,55,31,-1.3875258043181429,-0.7307980116060756,-0.5499274833589342,-1.1967204813108037,-1.249974773852193
2014,9,0.8580053050397876,15.417951515151515,55,30,0.6818570586501617,0.9804786324786322,0.6164786324786325,0.7946209843796043,0.649707338638373
2014,10,2.3701458642880415,15.441648093841643,55,31,2.406640979689367,2.6233781959378732,2.5385767771804066,2.4771568399044206,2.4509349163679808
2014,11,1.5142341773169359,12.868121212121212,55,30,1.536720011788977,1.7504273504273502,1.8084356027114652,1.612052460949012,1.5702027704096668
2014,12,2.051945433208761,12.038023460410557,55,31,2.3793885485210207,2.4519661792719187,2.367028368791058,2.4199044720609,2.3591001331492314
2015,1,1.8302373601607473,11.071941348973606,55,31,1.3601016195406868,1.7361570091596974,1.5628829649542013,1.5288744026284344,1.3294040886764897
2015,2,1.9850888295216478,11.155298701298701,55,28,2.036557008851896,1.9134433214427269,1.984602183719307,2.027494620916143,1.983075561972709
2015,3,1.7718203050297698,11.189319648093841,55,31,1.836303072390572,1.6694335899315735,1.9034746823069402,1.7739637694145756,1.8960718841642226
2015,4,1.307885684430512,11.534412121212121,55,30,1.0153295019157085,1.049685823754789,1.2416130268199232,1.0327049808429116,1.078551724137931
2015,5,0.17431305311176284,12.070785923753666,55,31,-0.20861648745519604,0.04364038231780221,-0.014276702508960662,-0.1161471923536433,-0.2045636798088406
2015,6,-0.3997711616161617,13.064793939393939,55,30,-1.6953370370370375,-0.7699583333333327,-1.1492203703703698,-1.4329143518518521,-1.607911111111111
2015,7,1.4801406714531298,15.871759530791788,55,31,1.472002889012483,1.6104521381782224,1.3475651186503523,1.5737635644543317,1.4534517519466075
2015,8,0.7783672302518271,15.598703812316716,55,31,0.08795806664959945,0.6142557518347834,0.3577069252432163,0.26069887352790627,0.11454135518006463
2015,9,0.8411325777670605,15.401078787878788,55,30,0.6159681697612728,0.979145299145299,0.42136752136752165,0.7805098732684937,0.509707338638373
2015,10,1.6524625798305639,14.723964809384164,55,31,1.373630227001195,1.5546685185185183,1.3440606481481485,1.4319955495818402,1.3681392174432503
2015,11,1.239815995498754,12.59370303030303,55,30,0.9940533451223104,1.2728717948717947,1.3023244916003545,1.0653857942823457,1.0325361037430003
2015,12,0.9662621487512831,10.95234017595308,55,31,0.7075605915317725,0.686267254540736,0.9521896591136384,0.6845281279748784,0.7983474449771885
2016,1,1.1676039290757034,10.409307917888563,55,31,0.7404242001858486,0.9463720629231389,1.194388341298288,0.7745733273596181,0.8997266693216511
2016,2,1.5923794699157363,10.76258934169279,55,29,1.7078952682936037,1.8402782968121858,1.6079273068720166,1.7572072645943042,1.6911543797066984
2016,3,1.365450803563494,10.782950146627567,55,31,1.3910342551862704,1.4474981060606058,1.5034746823069405,1.3988024790919944,1.413276185239491
2016,4,1.811903866248694,12.038430303030303,55,30,2.051107279693486,1.9242413793103446,1.9430574712643676,2.024704980842911,2.0015517241379315
2016,5,0.955820384490062,12.852293255131965,55,31,0.281060931899642,0.45503823178016845,0.7550781362007163,0.311702270011948,0.42350083632019125
2016,6,0.8074167171717173,14.271981818181818,55,30,0.24399629629629574,0.5118194444444448,0.33566851851851887,0.3273078703703695,0.26431111111111133
2016,7,0.5876186773182323,14.97923753665689,55,31,0.5106050395501173,0.9380865467803728,0.33584468854282495,0.6883872203683102,0.39441949388209113
2016,8,-0.4715623885165013,14.348774193548387,55,31,-1.0516118258235192,-0.20230338795016203,-0.8979919994879667,-0.7699462877624162,-1.1273941286909028
2016,9,0.6967992444337272,15.256745454545454,55,30,0.7379681697612733,0.9870341880341881,0.5998119658119657,0.8533987621573829,0.6655962275272618
2016,10,0.29829835695666335,13.369800586510264,55,31,0.19212485065710894,0.5549910991636798,0.24954451911589062,0.29210307646356054,0.18867685185185165
2016,11,1.777646298529057,13.131533333333334,55,30,2.2573866784556436,2.381760683760683,2.1507689360447984,2.32083023872679,2.198980548187445
2016,12,0.7291477792498169,10.715225806451613,55,31,0.20390467755327832,0.9429339212074032,0.37864127201686476,0.46915178388885675,0.13103561702019917
2017,1,0.0721141930053221,9.313818181818181,55,31,-0.34161881056683957,-0.1522300876144964,-0.26378370171246485,-0.2690825866188771,-0.32790773928049904
2017,2,0.14279662172944,9.313006493506494,55,28,-0.1433239435290563,0.2740385595379653,-0.5578978162806933,0.05130414472566732,-0.28859110469395804
2017,3,0.13217221118812753,9.5496715542522,55,31,0.02802350249809867,0.22782068670576727,-0.2384608015640275,0.1318132317801671,-0.1059711265884656
2017,4,0.11627962382445127,10.34280606060606,55,30,0.0731072796934864,0.28013026819923326,-0.0557203065134099,0.14859386973180003,0.006773946360153715
2017,5,0.28829545780384486,12.184768328445747,55,31,0.26245878136200734,0.29514575866188864,0.2775512544802865,0.29912162485065724,0.25403847072879354
2017,6,0.6649561111111112,14.129521212121212,55,30,0.6141074074074074,0.7219305555555557,0.5403351851851858,0.6613078703703703,0.6369777777777781
2017,7,-0.07032267165537469,14.321296187683284,55,31,-0.8354164658262272,-0.600730657520702,-0.42695101038190586,-0.7550536398467435,-0.752462226548016
2017,8,0.059241130545082364,14.87957771260997,55,31,-0.5433322559310465,-0.3047765062297323,-0.3773468381976439,-0.48274198668714813,-0.47416832223929006
2017,9,0.4720234868579697,15.031969696969696,55,30,-0.45014294134983857,-0.0351880341880341,-0.0830769230769229,-0.4071567933981732,-0.21818155025051547
2017,10,0.024509500651678128,13.096011730205278,55,31,0.06029689366786132,0.07886206690561497,0.044168175029868806,0.06188802270011943,0.07996717443249739
2017,11,0.25599175307451155,11.609878787878788,55,30,0.215831122900088,0.3698717948717943,0.2574356027114651,0.2748302387267903,0.21186943707633313
2017,12,0.2923383950855939,10.278416422287389,55,31,-0.1706114514789796,0.3146543513149294,0.09283482040396152,-0.01643961396060571,-0.16584610340990835
2018,1,0.7779499701314218,10.019653958944282,55,31,0.7912844152396113,0.8562645360414182,0.9184743628036637,0.7867238649940257,0.8588664542678875
2018,2,-0.05902805359523536,9.111181818181818,55,28,-0.01713346733858086,-0.008223345223938713,-0.29777876866164554,0.025708906630428647,-0.1108530094558624
2018,3,-0.14164597063005427,9.275853372434018,55,31,-0.49025606739437383,-0.3092760874877805,-0.33297693059628547,-0.4405523596176823,-0.47822919110459416
2018,4,0.13569174503657264,10.362218181818182,55,30,-0.1313371647509586,0.15924137931034466,-0.044275862068965686,-0.043072796934866396,-0.12244827586206893
2018,5,1.0070168654284783,12.903489736070382,55,31,0.7780501792114703,0.9409522102747913,1.0241103942652323,0.8376162485065718,0.8483395459976109
2018,6,0.8182348989898991,14.2828,55,30,0.9984407407407409,1.0975972222222226,0.8271129629629629,1.092418981481482,0.8905333333333333
2018,7,0.05059814945899487,14.442217008797654,55,31,-0.42971754109504445,-0.3450317327895191,-0.33006928995179824,-0.4073117043628732,-0.3753654523544678
2018,8,0.16897720092631413,14.989313782991202,55,31,0.11311935697217972,0.07221274108209623,0.26501875320020574,0.12790317460317505,0.15550909711554914
2018,9,0.023938638373121147,14.583884848484848,55,30,-0.08547627468317091,0.09847863247863191,0.06281196581196606,0.008620984379604716,-0.12807043913940377
2018,10,0.3313130197132617,13.402815249266862,55,31,0.36793130227001214,0.6777867980884107,0.15900688470728794,0.5194149044205497,0.2660962066905614
2018,11,0.6073978136805723,11.961284848484848,55,30,0.35127556734453275,0.5106495726495724,0.5261022693781321,0.41671912761567914,0.3432027704096671
2018,12,0.7211771047630133,10.707255131964809,55,31,0.4982057528220949,0.6392780072289087,0.6695014870706283,0.5403345795877813,0.5396377675578338
2019,1,0.9577564217443252,10.199460410557185,55,31,0.8988112969600426,1.1415333532457186,0.9568614595778578,0.9961862305854243,0.8630600026549846
2019,2,0.20418623211905035,9.374396103896103,55,28,-0.6036810863861994,-0.2572709642715581,-0.26515972104259805,-0.5144101409886185,-0.5196625332653865
2019,3,0.04185549564560557,9.459354838709677,55,31,-0.42133133621157803,-0.13454490469208302,-0.44351456500488773,-0.31173515531660695,-0.5070463954056699
2019,4,0.6728008359456635,10.899327272727273,55,30,0.6055517241379302,0.8335747126436779,0.56627969348659,0.693371647509578,0.57144061302682
2019,5,0.5330168654284784,12.429489736070382,55,31,0.39955555555555655,0.6463285543608137,0.4169060931899633,0.47933667861409884,0.3852212664277192
2019,6,-0.33037116161616165,13.13419393939394,55,30,-0.9607814814814825,-0.3897361111111112,-0.6509981481481475,-0.7299143518518528,-0.9354666666666667
2019,7,1.970662665588027,16.362281524926686,55,31,2.570067405141515,2.495183320973922,1.9092855487578788,2.634516252626374,2.3722689562476824
2019,8,1.7538921569380441,16.574228739002933,55,31,1.760968819337771,1.8957611281788704,1.6805026241679482,1.8557526369687665,1.7044338282983442
2019,9,2.01322348685797,16.573169696969696,55,30,2.033079280872384,2.0927008547008548,1.9879230769230773,2.0519543177129385,2.048262894193929
2019,10,0.1822573012381883,13.253759530791788,55,31,0.484382915173238,0.4714427120669053,0.20846925029868638,0.5335009259259257,0.3349134109916368
2019,11,-0.2726021863194279,11.081284848484849,55,30,-0.2526133215443564,-0.2603504273504278,-0.4481199528440906,-0.21505865016209866,-0.33735278514588884
2019,12,-0.08418359904930342,9.901894428152493,55,31,-0.4732996235219904,-0.2593241433087261,-0.48608991077883407,-0.423106280627272,-0.46885685609808014
2020,1,0.3424250434452049,9.584129032258064,55,31,0.7138650604009023,0.8354043209876542,0.44309801871764226,0.7608098864994025,0.6434901101818665
2020,2,-0.0830123796140442,9.087197492163009,55,29,0.01490676254647679,0.11361163014551916,-0.2844864862314325,0.07157508068625755,-0.07608699960364618
2020,3,-0.6443615131520485,8.773137829912024,55,31,-0.797352841587923,-0.7254051197458461,-0.7716866080156404,-0.784315800477898,-0.7998420943304012
2020,4,0.008012957157784842,10.234539393939395,55,30,-0.2918927203065132,-0.14864750957854392,0.040724137931034576,-0.2726283524904212,-0.22444827586206864
2020,5,0.81433651352232,12.710809384164223,55,31,0.9949318996415771,1.2962210274790926,0.8895942652329746,1.08234743130227,0.9398449223416966
2020,6,0.379665202020202,13.844230303030303,55,30,0.032774074074072956,0.11137500000000007,0.3620018518518524,0.08697453703703613,0.11775555555555546
2020,7,-0.2706041965820609,14.121014662756599,55,31,-0.3112229174391305,-0.03901022741317443,-0.13985423618835688,-0.16408589791126005,-0.3827848071931778
2020,8,0.033909752245962176,14.85424633431085,55,31,-0.029891395715991937,0.12113747226489184,-0.11842210701484863,0.09779564772145477,-0.11900703191670914
2020,9,0.13479924443372718,14.694745454545455,55,30,-0.28292071912761624,0.09314529914529916,-0.46485470085470065,-0.11993457117595104,-0.3632926613616263
2020,10,1.128509500651678,14.20001173020528,55,31,1.1548130227001192,0.7731631421744325,1.045135916965353,1.0940385603345277,1.1270639486260456
2020,11,-0.3608567317739732,10.993030303030302,55,30,-0.1945022104332453,-0.4035726495726504,-0.10078661951075674,-0.2753919834954323,-0.15857500736811048
2020,12,-0.11862348174725067,9.867454545454546,55,31,0.06831327970381551,0.0639016631428871,0.0722971859953591,0.06227006345874919,0.046411961106220666
2021,1,0.2689763630932988,9.510680351906158,55,31,0.6376285012611179,0.7655118478693748,0.16815178215850266,0.7167238649940266,0.4733825833001462
2021,2,-0.2867033782705601,8.883506493506493,55,28,-0.32999061019572257,-0.016556678557272757,-0.7982549591378364,-0.22821966479814235,-0.4989482475511006
2021,3,-0.5415841915489203,8.875915151515152,55,30,-0.5705786480395355,-0.5403907828282831,-0.5703676115998698,-0.5689968040621274,-0.5742650333985017
2021,4,-0.6873749216300941,9.539151515151515,55,30,-0.5364482758620698,-0.8453141762452105,-0.37105363984674317,-0.6195172413793107,-0.5160038314176246
2021,5,-0.7710887064190289,11.125384164222874,55,31,-0.7747455197132608,-0.7305531660692951,-0.7178250896057351,-0.7139966547192351,-0.8159615292712061
2021,6,0.48289550505050505,13.947460606060606,55,30,0.936996296296296,0.879597222222222,0.6274462962962968,0.9756412037037029,0.8479777777777784
2021,7,0.33312600869653136,14.72474486803519,55,31,-0.24950248733160407,0.36400052527499643,0.16412425843529851,-0.03247299468545428,-0.2554729792361889
2021,8,-0.04396708059861264,14.776369501466275,55,31,-1.1689236537805083,-0.5160668288103771,-0.4983145801331279,-1.0224194060419862,-1.066964021164021
2021,9,-0.595927401334298,13.96401880877743,55,29,-1.2518900677866203,-0.924168877099912,-0.6961267315060423,-1.1492372531682886,-1.1731508989095196
2021,10,-0.2227221709025742,12.848780058651027,55,31,-0.0715310633213857,-0.11748201911589007,0.06018968040621253,-0.07671412783751445,-0.030462933094385154
2021,11,0.28147660155936005,11.635363636363635,55,30,0.3711644562334211,0.287538461538461,0.5836578249336881,0.38571912761567856,0.4212027704096671
2021,12,0.3124029112146263,10.298480938416422,55,31,0.20992618292962226,0.20218123303535998,0.3629423472856826,0.20173242905014752,0.2854442191707367
2022,1,-0.24527583632019115,8.996428152492669,55,31,-0.33559730519049563,-0.2374989048187969,-0.26034284149741066,-0.2641363500597376,-0.38855290057082154
2022,2,-0.6281319496991314,8.542077922077922,55,28,-0.5072525149576285,-0.5784614404620344,-0.9526597210425974,-0.5372672838457623,-0.5977577713606248
2022,3,-0.32374567737492216,9.09375366568915,55,31,-0.39262165879222327,-0.41852339931573884,-0.5151274682306942,-0.40969214456391906,-0.401454997556207
2022,4,-0.6711991640543363,9.555327272727272,55,30,-0.6293371647509579,-0.682647509578544,-0.5810536398467434,-0.6744061302681992,-0.6127816091954017
2022,5,-0.7493702313457151,11.147102639296188,55,31,-0.07904659498207837,-0.1647467144563913,-0.35244874551971367,-0.14238375149342866,-0.11520884109916274
2022,6,-0.41152267676767673,13.053042424242424,55,30,0.29599629629629653,0.049597222222221994,-0.027887037037036915,0.20341898148148138,0.27053333333333346
2022,7,0.46934301749418544,14.860961876832844,55,31,0.4116803083673209,-0.15599947472500256,0.7638016777901372,0.15451625262637414,0.643129171301446
2022,8,0.8318217757063726,15.652158357771262,55,31,1.0017215075098143,0.3470514507595155,1.0656639144905284,0.770698873527906,1.1600252261478072
2022,9,-0.1252431798086972,14.43470303030303,55,30,-0.354920719127616,-0.68274358974359,-0.2902991452991455,-0.4514901267315062,-0.2924037724727384
2022,10,0.4144371643857934,13.485939393939393,55,30,-0.06812604540023888,0.1985251493428913,-0.1307888142174433,0.04018551373954615,-0.022839277180406015
2022,11,-0.6407961257133672,10.713090909090909,55,30,-1.4369466548776895,-1.3280170940170943,-0.7526755083996465,-1.4281697612732096,-1.2551305629236662
2022,12,-0.7328991415712975,9.253178885630499,55,31,-1.0277082256725276,-1.0294316701904471,-0.7194232441121677,-1.034289076326197,-0.964770834592704
2023,1,0.3518326680786359,9.593536656891496,55,31,0.3398865657772466,0.41325378335324575,0.5364313520509759,0.3654335424133812,0.4286514005044471
2023,2,-0.10417620174338331,9.06603367003367,55,27,-0.25130013400524653,-0.13723128173187624,-0.3662531954694052,-0.22306093463941204,-0.27128069905021884
2023,3,-0.8129128328001423,8.60458651026393,55,31,-1.0653098308352338,-1.0546524315738026,-1.0273855327468233,-1.0566813918757465,-1.065863599706745
2023,4,-0.8174658307210031,9.409060606060606,55,30,-0.9651149425287358,-0.8125363984674335,-0.8848314176245218,-0.942961685823755,-0.9394482758620691
2023,5,0.6773218507657217,12.573794721407625,55,31,0.5817060931899647,0.33998446833930807,0.9894867383512539,0.45137968936678696,0.8355438470728794
2023,6,-1.4313408585858585,12.033224242424243,55,30,-1.8986703703703707,-2.438513888888888,-1.358442592592592,-2.0973587962962967,-1.6764666666666663
2023,7,-0.3387097684295682,14.052909090909091,55,31,-1.1234809819552591,-1.4755693671981216,-0.32533810715609884,-1.2232256828574961,-0.8580536243974789
2023,8,0.9157983152958155,15.736134897360705,55,31,0.48570000213346987,-0.5927334954770439,1.272223054275474,0.08166661546338953,0.9559392046424305
2023,9,0.35442348685796954,14.914369696969697,55,30,0.6367459475390506,0.245145299145299,0.7093675213675213,0.5389543177129378,0.6754851164161509
2023,10,0.7313540754317368,13.802856304985337,55,31,0.864490442054958,1.0410126045400236,0.6119101105137398,0.936619205495818,0.7592144862604542
2023,11,0.9520462985290571,12.305933333333334,55,30,0.5373866784556434,0.77842735042735,0.8657689360447982,0.5963857942823451,0.5987583259652229
2023,12,0.8661401546163858,10.852218181818182,55,20,0.7350498388436009,0.5411812330353598,1.0299315945975096,0.6840550096953084,0.8212399180954684
2024,1,1.2780176020962313,10.519721590909091,55,32,1.1587138507234827,1.3647020360414175,1.17856844882517,1.2436324671445635,1.1445922607195012
2024,2,1.4612572128624448,10.631467084639498,55,29,1.328584923466017,1.4616576071570127,1.2949388011248903,1.3832992186172923,1.2947175980975032
2024,3,1.0752642932995644,10.492763636363636,55,30,0.9366435741826867,1.029831439393939,1.060187943955686,0.9583365292712062,0.9849571888237207
2024,4,0.6525523510971787,10.879078787878788,55,30,0.6142183908045974,0.529463601532567,0.7707241379310344,0.5762605363984671,0.6656628352490426
2024,5,-0.2996752166829585,11.596797653958944,55,31,-0.828616487455197,-0.9524886499402623,-0.12750250896057302,-0.9367923536439662,-0.5715529271206687
2024,6,-0.9708196464646465,12.493745454545454,55,30,-1.1826703703703714,-1.4257361111111109,-0.7404425925925923,-1.3021365740740751,-0.9857999999999999
2024,7,-0.9160411467286884,13.47557771260997,55,31,-1.4915454980842917,-1.9461070016067232,-0.8416821931776047,-1.725483747373626,-1.1580536243974784
2024,8,0.3359156173486014,15.15625219941349,55,31,0.7192483892302448,0.2700622034476871,0.6069542370711728,0.5979031746031751,0.7689499573306028
2024,9,0.1409628807973635,14.700909090909091,55,30,0.613634836427939,0.40303418803418783,0.5575897435897433,0.60817653993516,0.6290406719717065
2024,10,-0.13321483952427485,12.938287390029325,55,31,-0.6600256869772997,-0.908772341696535,0.07244774492234167,-0.7647786439665474,-0.40626938470728824
2024,11,0.3102038742866327,11.664090909090909,55,30,0.2123866784556435,0.13531623931623868,0.4427689360447988,0.19449690539345652,0.30364721485411117
2024,12,0.3274644947923388,10.313542521994135,55,31,0.014549838843600801,-0.03609833685711313,0.35477030427492967,-0.0065471408423256605,0.13651948798794086
2025,1,0.05846023406104072,9.300164222873901,55,31,-0.023446767556086694,-0.09857417363600145,-0.2827084328952605,-0.02424387694145717,-0.08242386831275716
2025,2,-0.5291384432056251,8.64107142857143,55,28,-1.1883239435290565,-1.2182233452239393,-1.0873025781854553,-1.1673863314648092,-1.1958530094558626
2025,3,0.15561502643739444,9.573114369501466,55,31,0.13598049174541119,0.12986369745845572,0.1384209188660801,0.13342613500597386,0.14144822825024406
2025,4,0.5712493207941485,10.797775757575758,55,30,0.34144061302681966,0.3005747126436778,0.6382796934865903,0.2783716475095777,0.4472183908045982
2025,5,0.12088196806777454,12.017354838709677,55,31,-0.08721863799283074,-0.4633488649940259,0.23808888888888902,-0.24926547192353551,0.04414599761051363
2025,6,-0.8322766997561825,12.632288401253918,55,29,-1.2644174968071524,-1.4862993295019151,-0.5169061941251586,-1.4206231641123892,-0.9926007662835244
2025,7,-1.129120325614319,13.26249853372434,55,31,-1.9518680787294531,-2.482988722036831,-0.861574666295884,-2.2834407366209373,-1.4211719039673714
2025,8,0.31200945899083016,15.132346041055719,55,31,0.5020440881549751,0.031137472264891386,0.6945886456733236,0.3634945724526369,0.6027133981908174
2025,9,0.12995682019130275,14.68990303030303,55,30,0.06696816976127214,-0.330632478632479,0.3218119658119658,-0.10682346006484049,0.2942628941939282
2025,10,0.13028076164874547,13.201782991202347,55,31,0.2138452807646356,0.14671152927120623,0.5612649492234176,0.1984471624850658,0.26405319593787385
2025,11,0.5888947833775419,11.942781818181817,55,30,0.7598311229000885,0.5739829059829056,1.0233244916003539,0.6870524609490124,0.8404249926318895
2025,12,1.098854524117852,11.084932551319648,55,31,1.172076720564031,1.1532565018525638,1.4373509494362195,1.15259264410391,1.2599603482029955
2026,1,0.7960379466710112,10.03774193548387,55,31,0.4979510819062784,0.29604948227797695,0.6985818896853845,0.4496270908004778,0.5409094650205754
2026,2,0.967965452898271,10.138175324675325,55,28,0.8157236755185622,0.7939195119189181,0.6140069456240683,0.8665422399637622,0.702837466734613
2026,3,0.315884821158802,9.733384164222874,55,31,0.23264715841207698,0.10255186950146584,0.12035640273704769,0.21116807048984398,0.17628693792766312
2026,4,0.6116796238244513,10.83820606060606,55,30,0.4825517241379303,0.3915747126436783,0.7617241379310341,0.41537164750957817,0.5464406130268197
2026,5,0.6578438449006192,12.554316715542521,55,31,0.5088028673835137,0.2000919952210284,0.7528200716845875,0.3741753882915185,0.6454363201911596
2026,6,-0.036301778126088376,13.428263322884012,55,29,-0.4841876117496806,-0.7353797892720303,0.01953058748403554,-0.6222323595146868,-0.275244444444444
2026,7,-0.07552188964168961,14.31609696969697,55,30,-0.22380714682981187,-0.8391535965888028,0.2987586670374487,-0.5067310592015831,0.0954875942405143
2026,8,0.3050769076711822,15.12541348973607,55,31,0.8992483892302445,0.5355460744154291,0.7596424091141838,0.7858601638504865,0.9523908175456567
2026,9,1.4032242444337273,15.963170454545455,55,16,1.9055237253168282,2.0977564102564106,1.361409188034188,1.9650515399351598,1.728221227527263
