year,month,ncei,psl
1854,1,0.11,0.05
1854,2,-0.24,-0.09
1854,3,-0.4,0.138
1854,4,-0.44,0.131
1854,5,-0.54,-0.064
1854,6,-0.3,0.005
1854,7,-0.1,-0.201
1854,8,-1.24,-0.849
1854,9,-1,-0.727
1854,10,-2.23,-1.597
1854,11,-1.68,-1.301
1854,12,-1.76,-1.582
1855,1,-0.2,0.009
1855,2,-0.39,0.11
1855,3,-0.24,0.234
1855,4,-0.58,-0.312
1855,5,-1.34,-0.999
1855,6,-1.88,-1.227
1855,7,-1.13,-0.571
1855,8,-0.48,0.049
1855,9,-0.76,-0.247
1855,10,-0.63,-0.243
1855,11,-0.41,-0.045
1855,12,-0.88,-0.498
1856,1,-0.39,-0.124
1856,2,0.47,0.375
1856,3,0.42,0.291
1856,4,-0.96,-0.646
1856,5,-1.26,-0.81
1856,6,-2.15,-1.513
1856,7,-0.69,-0.347
1856,8,0.63,0.75
1856,9,0.58,0.921
1856,10,0.59,0.733
1856,11,0.23,0.307
1856,12,0.04,-0.071
1857,1,-0.52,-0.665
1857,2,-1.67,-1.4
1857,3,-1.05,-1.149
1857,4,-0.81,-0.455
1857,5,-0.65,0.052
1857,6,1.03,1.031
1857,7,1.17,1.144
1857,8,0.81,0.871
1857,9,0.84,0.651
1857,10,0.7,0.414
1857,11,0.38,0.34
1857,12,-0.55,-0.448
1858,1,-0.96,-0.769
1858,2,-1.53,-0.955
1858,3,-1.76,-1.309
1858,4,-0.82,-0.718
1858,5,0.49,0.619
1858,6,2.19,2.357
1858,7,1.05,1.422
1858,8,0.67,1.401
1858,9,1.38,1.515
1858,10,2.35,2.296
1858,11,0.46,0.644
1858,12,-1.16,-0.726
1859,1,-1.22,-0.809
1859,2,-1.71,-1.221
1859,3,-2.46,-1.777
1859,4,-3.65,-2.707
1859,5,-2.86,-2.284
1859,6,-1.99,-1.941
1859,7,-1.01,-1.014
1859,8,-1.26,-0.945
1859,9,-1.19,-0.918
1859,10,-1.31,-1.102
1859,11,-1.14,-1.042
1859,12,-1.12,-0.776
1860,1,-1.31,-0.855
1860,2,-1.28,-0.795
1860,3,-1.34,-0.949
1860,4,-0.77,-0.639
1860,5,-0.85,-0.576
1860,6,-1.26,-0.836
1860,7,-0.27,0.507
1860,8,-0.4,0.463
1860,9,0.33,0.964
1860,10,-1.7,-0.806
1860,11,-1.18,-0.801
1860,12,-1.42,-1.056
1861,1,-0.57,-0.579
1861,2,-0.84,-0.727
1861,3,-0.86,-0.649
1861,4,-0.83,-0.63
1861,5,-0.37,-0.165
1861,6,-0.35,-0.153
1861,7,-0.61,-0.253
1861,8,-0.8,-0.302
1861,9,-1.2,-0.757
1861,10,-1.58,-1.108
1861,11,-1.8,-1.318
1861,12,-1.65,-1.293
1862,1,-0.41,-0.44
1862,2,-0.13,-0.122
1862,3,0.16,0.186
1862,4,0.07,0.114
1862,5,0.09,0.092
1862,6,-0.08,-0.034
1862,7,-0.12,0.028
1862,8,-0.2,0.127
1862,9,-0.98,-0.398
1862,10,-0.8,-0.377
1862,11,-0.39,-0.204
1862,12,0.07,-0.171
1863,1,-0.06,-0.176
1863,2,-0.34,-0.168
1863,3,-0.37,-0.112
1863,4,-0.18,-0.027
1863,5,0.03,0.2
1863,6,-0.03,0.144
1863,7,0.07,0.444
1863,8,-0.26,0.204
1863,9,0.05,0.433
1863,10,0.07,0.261
1863,11,0.11,0.189
1863,12,-0.23,0.043
1864,1,-0.19,-0.01
1864,2,-0.09,0.161
1864,3,-1.04,-0.572
1864,4,-1,-0.473
1864,5,-0.78,-0.199
1864,6,-0.66,-0.101
1864,7,-0.19,0.415
1864,8,-0.48,0.131
1864,9,-0.21,0.217
1864,10,0.23,0.553
1864,11,0.53,0.824
1864,12,0.5,0.66
1865,1,-0.28,-0
1865,2,-0.54,-0.141
1865,3,-0.48,-0.01
1865,4,-0.16,0.152
1865,5,-0.15,0.174
1865,6,-0.66,-0.281
1865,7,-0.96,-0.302
1865,8,-0.69,-0.109
1865,9,-0.73,-0.155
1865,10,-0.61,-0.166
1865,11,-0.62,-0.348
1865,12,-0.76,-0.576
1866,1,-2.31,-1.735
1866,2,-2.27,-1.599
1866,3,-2.22,-1.55
1866,4,-1.16,-0.76
1866,5,-0.68,-0.294
1866,6,-0.84,-0.411
1866,7,-0.55,-0.064
1866,8,-0.4,0.093
1866,9,-0.35,0.011
1866,10,-0.17,0.169
1866,11,-0.07,0.196
1866,12,-0.29,-0.2
1867,1,-0.14,-0.033
1867,2,-0.29,-0.053
1867,3,-0.48,-0.114
1867,4,-0.43,-0.121
1867,5,-0.34,0.062
1867,6,-0.14,0.064
1867,7,0.16,0.326
1867,8,-0.34,0.197
1867,9,-0.29,0.111
1867,10,-0.89,-0.369
1867,11,-0.28,0.004
1867,12,0.76,0.707
1868,1,0.98,0.592
1868,2,0.26,0.283
1868,3,0.03,0.2
1868,4,-0.39,-0.063
1868,5,-0.43,-0.004
1868,6,-0.22,0.1
1868,7,0.11,0.373
1868,8,-0.02,0.419
1868,9,0.09,0.558
1868,10,-0.2,0.23
1868,11,-0.63,-0.247
1868,12,-0.81,-0.547
1869,1,-0.84,-0.491
1869,2,-0.16,-0.044
1869,3,0.33,0.418
1869,4,1.23,1.137
1869,5,3.56,3.254
1869,6,3.84,3.406
1869,7,3.78,3.375
1869,8,1.2,1.167
1869,9,-0.12,0.021
1869,10,-0.4,-0.364
1869,11,-0.63,-0.454
1869,12,-0.46,-0.391
1870,1,0.23,0.21
1870,2,-0.19,-0.059
1870,3,0.03,0.323
1870,4,-0.3,0.081
1870,5,-0.14,0.164
1870,6,-0.37,-0.232
1870,7,-0.13,0.158
1870,8,0.05,0.371
1870,9,-0.49,-0.038
1870,10,-0.7,-0.307
1870,11,-0.88,-0.522
1870,12,-0.94,-0.76
1871,1,-0.44,-0.456
1871,2,0,-0.027
1871,3,-0.18,0.157
1871,4,-0.51,-0.093
1871,5,-0.93,-0.464
1871,6,-0.36,-0.105
1871,7,-0.38,-0.067
1871,8,-0.09,0.209
1871,9,-0.58,-0.314
1871,10,-0.8,-0.574
1871,11,-0.9,-0.65
1871,12,-0.29,-0.282
1872,1,-0.39,-0.319
1872,2,-0.55,-0.409
1872,3,-0.2,-0.166
1872,4,-0.49,-0.324
1872,5,-0.03,0.059
1872,6,-0.82,-0.527
1872,7,-0.95,-0.521
1872,8,-1.02,-0.444
1872,9,-0.51,-0.176
1872,10,-0.11,-0.018
1872,11,-1.74,-1.537
1872,12,-2.1,-1.992
1873,1,-2.06,-2.007
1873,2,-2.11,-1.732
1873,3,-1.67,-1.398
1873,4,-0.69,-0.628
1873,5,-0.49,-0.301
1873,6,-0.8,-0.583
1873,7,-1.14,-0.632
1873,8,-1.05,-0.633
1873,9,-0.87,-0.559
1873,10,-0.7,-0.328
1873,11,-1.06,-0.643
1873,12,-0.86,-0.614
1874,1,-0.74,-0.501
1874,2,-1.18,-0.687
1874,3,-0.24,-0.314
1874,4,0.16,0
1874,5,0.01,-0.143
1874,6,-0.26,-0.238
1874,7,-0.21,0.108
1874,8,0.31,0.549
1874,9,0.15,0.38
1874,10,-0.04,0.186
1874,11,-0,0.24
1874,12,-1.13,-0.676
1875,1,-1.42,-0.98
1875,2,-1.53,-1.252
1875,3,-1.18,-1.004
1875,4,-1.24,-0.91
1875,5,-0.65,-0.556
1875,6,-0.79,-0.416
1875,7,-0.64,-0.363
1875,8,-0.8,-0.053
1875,9,-0.64,-0.061
1875,10,-1.19,-0.591
1875,11,-0.9,-0.465
1875,12,0.11,0.056
1876,1,-0.96,-0.825
1876,2,-0.74,-0.764
1876,3,-0.91,-0.871
1876,4,-1.53,-1.353
1876,5,-1.57,-1.192
1876,6,-0.82,-0.654
1876,7,-2.21,-1.865
1876,8,-2.16,-1.593
1876,9,-1.48,-0.813
1876,10,-0.4,0.067
1876,11,-0.04,0.337
1876,12,-0.24,-0.109
1877,1,-0.13,-0.033
1877,2,-0.08,0.145
1877,3,-0.08,0.2
1877,4,-0.68,-0.05
1877,5,-0.82,-0.128
1877,6,-1.18,-0.305
1877,7,-0.37,0.277
1877,8,-0.62,-0.162
1877,9,-0.24,0.103
1877,10,0.02,0.204
1877,11,0.46,0.469
1877,12,0.07,0.591
1878,1,0.18,0.661
1878,2,0.85,1.173
1878,3,0.96,1.277
1878,4,1.49,1.661
1878,5,1.48,1.745
1878,6,0.9,1.189
1878,7,0.46,0.81
1878,8,-0.63,0.105
1878,9,-1.97,-0.954
1878,10,-1.68,-0.663
1878,11,-0.51,-0.005
1878,12,1.31,1.325
1879,1,0.2,0.14
1879,2,0.13,0.249
1879,3,0.23,0.341
1879,4,0.61,0.684
1879,5,-0.56,-0.686
1879,6,-0.91,-0.843
1879,7,-1.6,-1.034
1879,8,-0.62,0.026
1879,9,-0.52,0.111
1879,10,-0.75,0.048
1879,11,-0.64,-0.247
1879,12,-0.2,-0.053
1880,1,0.44,0.255
1880,2,-0.45,-0.323
1880,3,-1.51,-0.98
1880,4,-2.42,-1.736
1880,5,-2.97,-2.246
1880,6,-3.15,-2.448
1880,7,-2.27,-1.564
1880,8,-1.79,-1.228
1880,9,-1.77,-1.374
1880,10,0.02,0.3
1880,11,-0.4,-0.083
1880,12,-0.06,-0.016
1881,1,-0.48,-0.321
1881,2,-0.15,-0.011
1881,3,-0.02,0.219
1881,4,0.17,0.323
1881,5,0.5,0.682
1881,6,0.24,0.569
1881,7,-1.3,-1.122
1881,8,-2.31,-1.694
1881,9,0.16,0.492
1881,10,0.34,0.555
1881,11,0.2,0.386
1881,12,-0.55,-0.543
1882,1,-2.06,-1.514
1882,2,-1.92,-1.317
1882,3,-1.79,-1.27
1882,4,-1.6,-1.103
1882,5,-1.51,-0.918
1882,6,-1.71,-1.447
1882,7,-3.18,-2.514
1882,8,-1.1,-0.775
1882,9,-0.81,-0.411
1882,10,-1.07,-0.748
1882,11,-0.34,-0.412
1882,12,0.66,0.405
1883,1,-0.97,-0.992
1883,2,-1.32,-0.865
1883,3,-1.4,-0.967
1883,4,-0.32,-0.07
1883,5,-0.67,-0.261
1883,6,-1.25,-0.524
1883,7,-2.82,-1.626
1883,8,-2.36,-1.378
1883,9,-1.75,-0.781
1883,10,-1.47,-0.726
1883,11,-1.07,-0.656
1883,12,-1.67,-1.266
1884,1,-1.77,-1.397
1884,2,-1.95,-1.586
1884,3,-1.42,-1.156
1884,4,-0.53,-0.528
1884,5,0.41,0.439
1884,6,0.84,0.826
1884,7,1.1,1.097
1884,8,1,0.902
1884,9,0.74,0.708
1884,10,1.08,1.236
1884,11,2.16,1.909
1884,12,2.35,2.253
1885,1,2.57,2.296
1885,2,1.02,1.356
1885,3,1.72,1.725
1885,4,1.47,1.575
1885,5,0.7,1.124
1885,6,-0.41,-0
1885,7,-0.68,-0.134
1885,8,-0.06,0.388
1885,9,-0.15,0.263
1885,10,-0.05,0.166
1885,11,-0.32,-0.05
1885,12,-0.34,-0.224
1886,1,-0.52,-0.41
1886,2,0.62,0.431
1886,3,-0.48,-0.292
1886,4,0.35,0.411
1886,5,-0.2,0.147
1886,6,-1.17,-0.817
1886,7,-0.3,-0.006
1886,8,-0.39,-0.057
1886,9,-0.44,-0.068
1886,10,-1.3,-0.831
1886,11,-2.63,-1.9
1886,12,-1.79,-1.451
1887,1,-0.93,-0.945
1887,2,-1.41,-1.193
1887,3,-2.04,-1.544
1887,4,-1.49,-1.178
1887,5,-0.33,-0.32
1887,6,0.69,0.455
1887,7,1.54,1.478
1887,8,-0.87,-0.486
1887,9,-1.96,-1.527
1887,10,-1.33,-0.836
1887,11,-0.97,-0.588
1887,12,-1.07,-0.744
1888,1,-0.98,-0.682
1888,2,-0.11,0.085
1888,3,0.1,0.013
1888,4,0.02,0.02
1888,5,1.48,1.09
1888,6,1.68,1.178
1888,7,1.78,1.33
1888,8,1.13,1.163
1888,9,1.04,1.177
1888,10,0.6,0.757
1888,11,0.76,0.715
1888,12,0.47,0.396
1889,1,0.44,0.446
1889,2,-0.01,0.142
1889,3,0.14,0.414
1889,4,0.88,1.072
1889,5,1.16,1.277
1889,6,1.12,1.197
1889,7,0.13,0.726
1889,8,-1.02,-0.422
1889,9,-1.27,-0.713
1889,10,-0.42,-0.272
1889,11,1.34,1.15
1889,12,-0.16,-0.006
1890,1,-0.66,-0.51
1890,2,-1.09,-0.872
1890,3,-1.49,-1.194
1890,4,-1.1,-0.733
1890,5,-1.34,-0.883
1890,6,-3.41,-2.646
1890,7,-1.4,-0.836
1890,8,-0.99,-0.521
1890,9,0.83,1.586
1890,10,-0.45,-0.131
1890,11,-1.04,-0.524
1890,12,-1.31,-1.211
1891,1,-0.52,-0.436
1891,2,-0.8,-0.622
1891,3,-1.02,-0.634
1891,4,-0.48,-0.211
1891,5,0.87,0.839
1891,6,1.01,0.989
1891,7,1.13,0.979
1891,8,0.64,0.536
1891,9,0.3,0.345
1891,10,0.89,0.946
1891,11,0.03,0.295
1891,12,-0.18,-0.178
1892,1,-1.15,-0.919
1892,2,-1.42,-1.015
1892,3,-0.96,-0.715
1892,4,-1.32,-1.044
1892,5,-2.76,-2.423
1892,6,-1.94,-1.884
1892,7,-1.65,-1.748
1892,8,-2.85,-2.387
1892,9,-2.46,-2.043
1892,10,-2.82,-2.119
1892,11,-2.36,-1.944
1892,12,-1.13,-1.023
1893,1,-0.51,-0.44
1893,2,-0.67,-0.491
1893,3,-0.93,-0.693
1893,4,-1.6,-1.348
1893,5,-2.45,-2.07
1893,6,-2.13,-1.954
1893,7,-2.14,-1.858
1893,8,-0.41,-0.497
1893,9,0.06,-0.168
1893,10,-0.54,-0.544
1893,11,-0.71,-0.703
1893,12,-1.49,-1.518
1894,1,-1.42,-1.419
1894,2,-2.17,-1.953
1894,3,-3.2,-2.647
1894,4,-3.15,-2.634
1894,5,-3.35,-2.941
1894,6,-2.75,-2.393
1894,7,-2.98,-2.731
1894,8,-1.91,-1.737
1894,9,-2.02,-1.803
1894,10,-2.56,-2.264
1894,11,-2.77,-3.001
1894,12,-1.17,-1.4
1895,1,-0.86,-0.865
1895,2,-0.64,-0.515
1895,3,-0.65,-0.463
1895,4,-1.13,-0.734
1895,5,-0.48,-0.223
1895,6,-0.74,-0.508
1895,7,0.43,0.124
1895,8,-0.16,-0.172
1895,9,-1.34,-1.067
1895,10,-0.84,-0.856
1895,11,-1.23,-1.092
1895,12,-0.27,-0.349
1896,1,0.32,0.245
1896,2,0.2,0.139
1896,3,-0.17,-0.045
1896,4,-0.91,-0.44
1896,5,-1.32,-0.85
1896,6,-0.68,-0.667
1896,7,-0.32,-0.169
1896,8,-0.18,0.183
1896,9,0.99,1.199
1896,10,0.26,0.207
1896,11,0.29,0.237
1896,12,0.21,0.256
1897,1,0.38,0.461
1897,2,-0.29,-0.138
1897,3,-0.62,-0.398
1897,4,-0.06,0.01
1897,5,0.67,0.575
1897,6,0.8,0.781
1897,7,0.57,0.774
1897,8,-0,0.192
1897,9,-0.7,-0.489
1897,10,0.31,0.198
1897,11,0.58,0.411
1897,12,0.05,0.062
1898,1,-0.08,0.121
1898,2,-0.27,-0.072
1898,3,-0.42,-0.343
1898,4,0.21,0.005
1898,5,-0.39,-0.395
1898,6,0.29,0.003
1898,7,-0.36,-0.484
1898,8,0.43,0.351
1898,9,0.29,0.323
1898,10,0.27,0.125
1898,11,0.55,0.586
1898,12,0.6,0.197
1899,1,0.08,0.049
1899,2,-1.27,-0.531
1899,3,-0.75,-0.398
1899,4,-0.51,-0.283
1899,5,-1.07,-0.582
1899,6,-1.48,-0.972
1899,7,-0.14,-0.1
1899,8,0.32,0.571
1899,9,0.35,0.596
1899,10,-0.37,-0.086
1899,11,0.3,0.383
1899,12,0.32,0.399
1900,1,0.81,0.909
1900,2,0.2,0.395
1900,3,0.61,0.797
1900,4,1.85,1.735
1900,5,1.49,1.276
1900,6,1.23,1.003
1900,7,1.07,1.005
1900,8,1.15,1.246
1900,9,-0.4,-0.23
1900,10,0.08,0.122
1900,11,0.57,0.657
1900,12,1.02,0.651
1901,1,1.13,1.146
1901,2,0.65,0.671
1901,3,-0.33,-0.317
1901,4,-0.45,-0.437
1901,5,-0.99,-1.034
1901,6,-0.84,-1.072
1901,7,-1.33,-1.138
1901,8,-0.73,-0.466
1901,9,-0.07,0.092
1901,10,0.25,0.227
1901,11,-0.08,0.074
1901,12,0.56,0.327
1902,1,1.37,1.098
1902,2,0.53,0.44
1902,3,0.4,0.3
1902,4,0.64,0.382
1902,5,1.36,1.002
1902,6,2.33,1.967
1902,7,3.04,2.492
1902,8,1.81,1.593
1902,9,0.89,0.965
1902,10,1.11,1.035
1902,11,0.74,0.465
1902,12,0.44,0.227
1903,1,-0.04,-0.038
1903,2,0.1,0.116
1903,3,-0.19,-0.135
1903,4,-1.08,-0.934
1903,5,-0.37,-0.403
1903,6,0.04,-0.063
1903,7,1.49,1.302
1903,8,1.35,1.152
1903,9,0.54,0.601
1903,10,0.72,0.466
1903,11,0.22,-0.187
1903,12,0.6,-0.017
1904,1,1.41,0.915
1904,2,0.54,0.262
1904,3,0.72,0.55
1904,4,0.07,0.108
1904,5,0.47,0.339
1904,6,-0.07,-0.123
1904,7,0.05,0.056
1904,8,1.64,1.556
1904,9,2.24,1.992
1904,10,1.8,1.767
1904,11,1.93,1.659
1904,12,3.12,2.808
1905,1,2.75,2.479
1905,2,1.71,1.301
1905,3,1.04,0.584
1905,4,2.05,1.684
1905,5,1.31,1.252
1905,6,1.56,1.393
1905,7,2.31,2.093
1905,8,2.41,2.066
1905,9,2.1,1.798
1905,10,-0.41,-0.218
1905,11,0.74,0.565
1905,12,-0.98,-0.99
1906,1,1.36,1.175
1906,2,1.26,1.218
1906,3,0.5,0.566
1906,4,0.43,0.512
1906,5,1.45,1.274
1906,6,0.93,0.719
1906,7,1.35,1.331
1906,8,0.94,0.919
1906,9,0.11,0.188
1906,10,0.94,1.005
1906,11,0.89,0.629
1906,12,-0.43,-0.577
1907,1,-0.68,-0.65
1907,2,-0.36,-0.477
1907,3,-1.88,-1.773
1907,4,-1.58,-1.206
1907,5,0.23,0.446
1907,6,0.96,0.747
1907,7,0.59,0.642
1907,8,-0.31,-0.044
1907,9,0.78,1.103
1907,10,1.84,1.905
1907,11,1.77,1.597
1907,12,1.94,1.588
1908,1,1.72,1.259
1908,2,1.67,1.196
1908,3,0.51,0.281
1908,4,-0.08,-0.008
1908,5,0.16,0.148
1908,6,0.21,0.211
1908,7,0.42,0.293
1908,8,-0.72,-0.213
1908,9,0.71,0.816
1908,10,0.94,1.114
1908,11,1.88,1.581
1908,12,1.34,0.829
1909,1,0.69,0.316
1909,2,0.86,0.542
1909,3,0.93,0.664
1909,4,0.28,0.127
1909,5,-0.17,-0.309
1909,6,-0.65,-0.696
1909,7,-1.39,-1.218
1909,8,-2.3,-2.06
1909,9,-1.97,-1.825
1909,10,-1.25,-1.213
1909,11,-1.36,-1.438
1909,12,-2.21,-2.131
1910,1,-1.71,-1.58
1910,2,-1.23,-1.159
1910,3,-0.9,-0.959
1910,4,-1.97,-1.958
1910,5,-2.33,-2.125
1910,6,-0.35,-0.354
1910,7,-0.08,-0.033
1910,8,-0.73,-0.494
1910,9,0.73,0.754
1910,10,-0.96,-0.956
1910,11,-0.59,-0.633
1910,12,0.39,-0.095
1911,1,-0.3,-0.54
1911,2,-1.21,-1.129
1911,3,-1.26,-1.259
1911,4,-0.56,-0.616
1911,5,-0.71,-0.66
1911,6,-1.51,-1.346
1911,7,-0.38,-0.363
1911,8,0.08,0.14
1911,9,-0.26,-0.084
1911,10,-0.12,-0.107
1911,11,-0.38,-0.329
1911,12,-0.97,-0.858
1912,1,-0.21,-0.3
1912,2,-0.02,0.088
1912,3,-0.44,-0.198
1912,4,-0.51,-0.268
1912,5,-0.04,0.011
1912,6,0.45,0.374
1912,7,0.26,0.299
1912,8,0.34,0.523
1912,9,1.23,1.19
1912,10,0.82,0.691
1912,11,0.05,0.113
1912,12,0.06,-0.265
1913,1,-0.25,-0.304
1913,2,0.11,0.211
1913,3,-0.23,-0.087
1913,4,-0.85,-0.506
1913,5,0.1,0.201
1913,6,0.32,0.128
1913,7,0.9,0.743
1913,8,1.12,1.206
1913,9,0.76,0.877
1913,10,0.4,0.617
1913,11,0.44,0.505
1913,12,0.11,0.04
1914,1,-0.28,-0.215
1914,2,-0.3,-0.027
1914,3,0.04,0.294
1914,4,0.82,0.948
1914,5,0.47,0.708
1914,6,-0.83,-0.57
1914,7,-1.01,-0.39
1914,8,-0.97,-0.251
1914,9,-1.17,-0.355
1914,10,-0.74,-0.137
1914,11,-0.35,0.122
1914,12,-0.07,0.091
1915,1,-0.42,-0.397
1915,2,-0.53,-0.286
1915,3,0.35,0.578
1915,4,1.26,1.45
1915,5,1.54,1.661
1915,6,1.53,1.605
1915,7,1.24,1.602
1915,8,0.5,1.03
1915,9,-0.08,0.585
1915,10,-1.51,-0.727
1915,11,-1.45,-1.066
1915,12,-0.82,-0.641
1916,1,-1.56,-1.114
1916,2,-1.55,-1.116
1916,3,-1.3,-0.941
1916,4,-0.59,-0.339
1916,5,-0.49,-0.204
1916,6,-1.69,-1.155
1916,7,-1.68,-1.127
1916,8,-2.24,-1.568
1916,9,-2.05,-1.476
1916,10,-1.82,-1.452
1916,11,-2.48,-2.164
1916,12,-2.44,-2.274
1917,1,-1.71,-1.695
1917,2,-1.73,-1.624
1917,3,-1.94,-1.794
1917,4,-1.78,-1.591
1917,5,-1.19,-1.087
1917,6,-1.06,-0.897
1917,7,-0.9,-0.51
1917,8,-0.75,-0.219
1917,9,-1.15,-0.697
1917,10,-1.42,-1.155
1917,11,-0.74,-0.935
1917,12,-0.52,-0.584
1918,1,0.42,0.153
1918,2,-0.13,-0.208
1918,3,-0.94,-0.725
1918,4,-0.85,-0.606
1918,5,-1.07,-0.761
1918,6,-0.57,-0.404
1918,7,-0,0.066
1918,8,0.22,0.292
1918,9,0.41,0.643
1918,10,1.31,1.407
1918,11,1.33,1.223
1918,12,0.55,0.364
1919,1,0.47,0.354
1919,2,-0.05,-0.009
1919,3,-0.64,-0.375
1919,4,-0.63,-0.395
1919,5,-1.05,-0.834
1919,6,-1.53,-1.216
1919,7,-1.87,-1.286
1919,8,-0.92,-0.448
1919,9,-0.31,0.115
1919,10,-0.6,-0.112
1919,11,-0.77,-0.569
1919,12,-0.39,-0.448
1920,1,-1.08,-1.089
1920,2,-0.77,-0.685
1920,3,-0.9,-0.571
1920,4,-1.33,-0.815
1920,5,-1.24,-0.538
1920,6,-1.28,-0.726
1920,7,-1.59,-0.877
1920,8,-2.26,-1.296
1920,9,-2.19,-1.388
1920,10,-1.79,-1.154
1920,11,-0.8,-0.476
1920,12,-0.69,-0.638
1921,1,-1.09,-1.021
1921,2,-1.55,-1.297
1921,3,-0.85,-0.687
1921,4,-1.63,-1.459
1921,5,-1.5,-1.257
1921,6,-1.05,-0.986
1921,7,-1.58,-1.076
1921,8,-2.01,-1.235
1921,9,-1.5,-1.098
1921,10,-1.58,-1.164
1921,11,-0.81,-0.562
1921,12,0,-0.097
1922,1,0.07,-0.179
1922,2,-1.26,-1.024
1922,3,-1.63,-1.27
1922,4,-1.81,-1.427
1922,5,-1.89,-1.436
1922,6,-1.27,-0.853
1922,7,-0.74,-0.422
1922,8,-0.56,-0.095
1922,9,-0.49,-0.15
1922,10,-0.27,-0.053
1922,11,-0.74,-0.483
1922,12,0.46,0.2
1923,1,0.24,0.1
1923,2,-0.75,-0.658
1923,3,-1.01,-0.785
1923,4,-0.51,-0.301
1923,5,0.18,0.36
1923,6,-0.98,-0.8
1923,7,0.6,0.592
1923,8,0.21,0.336
1923,9,-0.25,0.063
1923,10,0.26,0.389
1923,11,-0.26,-0.134
1923,12,-0.22,-0.252
1924,1,-0.7,-0.742
1924,2,-0.67,-0.801
1924,3,-0.47,-0.443
1924,4,-1.23,-0.835
1924,5,-0.53,-0.132
1924,6,-0.39,-0.09
1924,7,-1.01,-0.409
1924,8,-1.41,-0.771
1924,9,-1.73,-1.29
1924,10,-2.13,-1.755
1924,11,-1.4,-1.393
1924,12,-0.27,-0.542
1925,1,-0.93,-1.169
1925,2,-0.62,-0.856
1925,3,-0.65,-0.735
1925,4,-1.14,-1.012
1925,5,-0.51,-0.441
1925,6,-1.03,-0.765
1925,7,-0.69,-0.33
1925,8,-0.72,-0.127
1925,9,0.09,0.445
1925,10,0.26,0.572
1925,11,0.94,0.943
1925,12,0.72,0.662
1926,1,1.12,0.873
1926,2,1.26,1.08
1926,3,1.23,1.156
1926,4,1.81,1.766
1926,5,2.29,2.209
1926,6,1.63,1.518
1926,7,2.14,2.102
1926,8,1.7,1.798
1926,9,1.62,1.632
1926,10,1.79,1.569
1926,11,2.55,2.023
1926,12,2.11,1.632
1927,1,0.91,0.713
1927,2,1.33,1.134
1927,3,0.89,0.776
1927,4,-0.03,0.163
1927,5,-0.12,0.137
1927,6,0.56,0.485
1927,7,-0.28,-0.171
1927,8,-0.76,-0.252
1927,9,0.03,0.266
1927,10,-0.63,-0.457
1927,11,-0.24,-0.285
1927,12,-0.08,-0.24
1928,1,0.45,0.282
1928,2,0.75,0.556
1928,3,0.88,0.815
1928,4,0.42,0.526
1928,5,0.48,0.654
1928,6,0.96,1.037
1928,7,-0.68,-0.289
1928,8,-0.86,-0.446
1928,9,-1.79,-1.223
1928,10,-1.05,-0.769
1928,11,0.09,0.203
1928,12,0.6,0.387
1929,1,0.83,0.496
1929,2,0.24,0.032
1929,3,0.04,-0.051
1929,4,0.23,0.276
1929,5,0.48,0.346
1929,6,0.6,0.314
1929,7,0.03,0.054
1929,8,-0.12,0.107
1929,9,1.01,0.912
1929,10,1.02,0.955
1929,11,0.64,0.616
1929,12,1.55,1.37
1930,1,1.29,0.892
1930,2,0.77,0.589
1930,3,0.3,0.292
1930,4,0.19,0.292
1930,5,0.1,0.146
1930,6,0.02,0.021
1930,7,-0,0.171
1930,8,-0.2,0.152
1930,9,0.33,0.691
1930,10,0.01,0.321
1930,11,-0.02,0.081
1930,12,0.84,0.539
1931,1,1.25,0.834
1931,2,1.18,0.752
1931,3,1.14,0.869
1931,4,1.61,1.459
1931,5,2,2.018
1931,6,1.76,1.764
1931,7,2.08,2.081
1931,8,0.74,1.172
1931,9,0.85,1.067
1931,10,0.09,0.344
1931,11,-0.21,-0.123
1931,12,-0.84,-0.756
1932,1,-1.22,-1.01
1932,2,-1.63,-1.253
1932,3,-0.65,-0.427
1932,4,0.49,0.509
1932,5,-0.03,0.02
1932,6,-0.15,-0.187
1932,7,-0.23,-0.126
1932,8,-0.29,-0.041
1932,9,-1.14,-0.76
1932,10,-0.02,-0.055
1932,11,-0.32,-0.427
1932,12,0.16,-0.14
1933,1,-0.7,-0.842
1933,2,-1.08,-1.017
1933,3,-1.05,-1.116
1933,4,-0.84,-0.883
1933,5,-1.83,-1.534
1933,6,-2.36,-2.022
1933,7,-3.32,-2.517
1933,8,-2.92,-2.138
1933,9,-2.97,-2.303
1933,10,-1.83,-1.486
1933,11,-0.49,-0.459
1933,12,-0.66,-0.746
1934,1,-0.41,-0.6
1934,2,0.1,-0.017
1934,3,0.88,0.562
1934,4,1.26,1.07
1934,5,0.79,0.724
1934,6,-0.27,-0.134
1934,7,0.18,0.206
1934,8,1.23,1.171
1934,9,1.13,1.093
1934,10,1.91,1.749
1934,11,1.64,1.439
1934,12,1.51,1.105
1935,1,0.72,0.417
1935,2,0.11,0.081
1935,3,-0.26,-0.252
1935,4,0.1,0.243
1935,5,0.73,0.81
1935,6,1.23,1.15
1935,7,0.62,0.516
1935,8,0.35,0.516
1935,9,0.42,0.614
1935,10,0.4,0.73
1935,11,0.23,0.486
1935,12,1.53,1.305
1936,1,2.17,1.747
1936,2,1.6,1.416
1936,3,1.19,1.001
1936,4,1.19,1.159
1936,5,1.64,1.541
1936,6,2.24,2.028
1936,7,2.79,2.48
1936,8,1.95,1.988
1936,9,0.98,1.202
1936,10,2.15,2.043
1936,11,2.83,2.589
1936,12,1.52,1.343
1937,1,0.06,0.156
1937,2,-0.45,-0.187
1937,3,-0.28,-0.014
1937,4,-0.69,-0.403
1937,5,-0.39,-0.019
1937,6,1.16,1.383
1937,7,-0.32,0.137
1937,8,-0.98,-0.254
1937,9,0.01,0.239
1937,10,0.52,0.59
1937,11,0.97,0.868
1937,12,1.06,0.809
1938,1,1.53,1.14
1938,2,0.28,0.063
1938,3,-0.45,-0.397
1938,4,-0.22,-0.081
1938,5,-0.59,-0.488
1938,6,-0.62,-0.439
1938,7,-0.63,-0.23
1938,8,-0.57,-0.187
1938,9,-0.26,0.066
1938,10,0.78,0.819
1938,11,0.04,0.007
1938,12,1.14,0.683
1939,1,1.17,0.578
1939,2,-0.1,-0.25
1939,3,-0.63,-0.647
1939,4,0.03,-0.007
1939,5,0.12,0.176
1939,6,-0.07,0.075
1939,7,-1.1,-0.683
1939,8,-1.31,-0.59
1939,9,-1.54,-0.9
1939,10,-1.49,-0.998
1939,11,-0.9,-0.729
1939,12,1.44,1.16
1940,1,1.82,1.661
1940,2,1.55,1.411
1940,3,1.87,1.794
1940,4,2.06,2.133
1940,5,1.76,1.983
1940,6,2.07,2.301
1940,7,1.82,2.083
1940,8,1.31,1.711
1940,9,1.09,1.543
1940,10,1.28,1.442
1940,11,1.55,1.717
1940,12,2.68,2.425
1941,1,2.67,2.584
1941,2,2.86,2.77
1941,3,2.43,2.392
1941,4,2.31,2.417
1941,5,2.07,2.232
1941,6,2.83,2.931
1941,7,3.01,2.971
1941,8,3.22,3.202
1941,9,2.04,2.238
1941,10,1.14,1.456
1941,11,1.51,1.641
1941,12,2.21,2.098
1942,1,2.48,2.144
1942,2,1.96,1.718
1942,3,1.11,1.176
1942,4,0.97,1.181
1942,5,0.53,0.832
1942,6,0.77,1.023
1942,7,0.58,0.832
1942,8,0.6,0.87
1942,9,0.37,0.509
1942,10,0.23,0.452
1942,11,-0.13,-0.063
1942,12,-0.93,-0.877
1943,1,-1.62,-1.402
1943,2,-0.7,-0.746
1943,3,0.32,0.156
1943,4,1.28,1.102
1943,5,0.58,0.576
1943,6,-0.14,-0.169
1943,7,-0.22,-0.077
1943,8,-1.88,-1.249
1943,9,-1.61,-1.046
1943,10,-1.48,-1.181
1943,11,-0.18,-0.264
1943,12,1.98,1.512
1944,1,1.58,1.255
1944,2,0.25,0.224
1944,3,-0.53,-0.24
1944,4,-0.87,-0.442
1944,5,-1.76,-1.175
1944,6,-2.1,-1.658
1944,7,-1.49,-1.116
1944,8,-1,-0.457
1944,9,-1.94,-1.116
1944,10,-1.5,-0.88
1944,11,-0.81,-0.382
1944,12,-0.48,-0.349
1945,1,-0.09,0.05
1945,2,-0.34,-0.025
1945,3,-0.06,0.247
1945,4,-0.37,-0.026
1945,5,-0.38,-0.06
1945,6,0.16,0.402
1945,7,0.31,0.762
1945,8,-0.61,0.207
1945,9,-0.57,0.214
1945,10,-0.42,0.15
1945,11,-1.34,-0.841
1945,12,-1.99,-1.488
1946,1,-1.1,-0.93
1946,2,0.67,0.506
1946,3,0.73,0.704
1946,4,0.67,0.72
1946,5,-0.45,-0.132
1946,6,-0.63,-0.386
1946,7,-0.07,0.347
1946,8,-0.17,0.158
1946,9,-0.15,0.249
1946,10,-1.23,-0.603
1946,11,-1.82,-1.237
1946,12,-1.66,-1.428
1947,1,-0.15,0.023
1947,2,0.22,0.461
1947,3,0.31,0.705
1947,4,0.1,0.464
1947,5,-0.36,-0.005
1947,6,0.67,0.951
1947,7,0.78,0.736
1947,8,0.61,0.8
1947,9,0.4,0.575
1947,10,1.39,1.415
1947,11,0.61,0.673
1947,12,0.43,0.159
1948,1,0.27,0.117
1948,2,-0.32,-0.23
1948,3,-1.11,-0.884
1948,4,-1.13,-0.733
1948,5,-1.78,-1.298
1948,6,0.01,-0.029
1948,7,-0.1,0.012
1948,8,-1.07,-0.516
1948,9,-1.07,-0.768
1948,10,-1.74,-1.391
1948,11,-0.92,-0.744
1948,12,-1.85,-1.795
1949,1,-2.82,-2.345
1949,2,-3.17,-2.615
1949,3,-1.82,-1.447
1949,4,-1.54,-1.208
1949,5,-1.37,-0.918
1949,6,-1.21,-0.753
1949,7,-1.48,-0.898
1949,8,-1.61,-0.987
1949,9,-1.6,-0.948
1949,10,-2.29,-1.574
1949,11,-1.08,-0.767
1949,12,-0.93,-0.699
1950,1,-1.61,-1.317
1950,2,-2.17,-1.654
1950,3,-1.89,-1.346
1950,4,-1.99,-1.402
1950,5,-3.19,-2.424
1950,6,-2.52,-1.798
1950,7,-3.65,-2.62
1950,8,-2.98,-1.74
1950,9,-2.4,-1.401
1950,10,-1.92,-1.328
1950,11,-1.45,-1.106
1950,12,-1.06,-0.766
1951,1,-1.19,-0.803
1951,2,-1.52,-1.14
1951,3,-1.72,-1.29
1951,4,-1.35,-0.883
1951,5,-1.29,-0.648
1951,6,-1.77,-1.142
1951,7,-0.23,0.143
1951,8,-1.76,-1.048
1951,9,-0.78,-0.129
1951,10,-0.09,0.074
1951,11,-0.31,-0.145
1951,12,-1.45,-1.321
1952,1,-2.19,-2.005
1952,2,-1.35,-1.153
1952,3,-1.67,-1.49
1952,4,-1.92,-1.498
1952,5,-2.07,-1.393
1952,6,-2.13,-1.647
1952,7,-2.05,-1.458
1952,8,-1.58,-0.814
1952,9,-1.36,-0.666
1952,10,-0.91,-0.322
1952,11,-0.53,-0.163
1952,12,-0.83,-0.564
1953,1,-0.16,-0.091
1953,2,-0.46,-0.252
1953,3,-1.27,-0.966
1953,4,-0.9,-0.628
1953,5,-0.55,-0.177
1953,6,-0.2,-0.179
1953,7,0.06,0.354
1953,8,-0.92,-0.41
1953,9,-1.11,-0.581
1953,10,-1.48,-0.845
1953,11,-0.51,-0.231
1953,12,-0.18,-0.023
1954,1,-1.13,-0.774
1954,2,-0.95,-0.605
1954,3,-1.15,-0.732
1954,4,-1.25,-0.702
1954,5,-0.76,-0.211
1954,6,0.49,0.592
1954,7,-0.08,0.095
1954,8,-0.32,0.148
1954,9,-1.05,-0.499
1954,10,0.02,0.4
1954,11,0.85,1.003
1954,12,0.49,0.461
1955,1,-0.23,-0.067
1955,2,-1.01,-0.649
1955,3,-1.24,-0.909
1955,4,-2.21,-1.645
1955,5,-1.89,-1.435
1955,6,-2.18,-1.903
1955,7,-2.75,-2.218
1955,8,-2.66,-1.946
1955,9,-2.48,-1.829
1955,10,-3.35,-2.564
1955,11,-2.63,-1.957
1955,12,-2.2,-1.64
1956,1,-2.26,-1.61
1956,2,-2.28,-1.643
1956,3,-2.93,-2.328
1956,4,-2.55,-2.007
1956,5,-1.62,-1.241
1956,6,-1.98,-1.865
1956,7,-1.48,-1.227
1956,8,-1,-0.532
1956,9,-0.28,-0.039
1956,10,-1.66,-1.23
1956,11,-2.44,-1.884
1956,12,-1.27,-1.005
1957,1,-1.31,-1.018
1957,2,-1.57,-1.22
1957,3,-0.83,-0.55
1957,4,-0.81,-0.417
1957,5,-0.02,0.226
1957,6,1.53,1.313
1957,7,0.59,0.498
1957,8,0.34,0.273
1957,9,1.84,1.691
1957,10,1.72,1.591
1957,11,1.54,1.493
1957,12,0.46,0.405
1958,1,0.83,0.706
1958,2,0.94,0.872
1958,3,0.62,0.683
1958,4,0.56,0.675
1958,5,1.46,1.393
1958,6,1.82,1.548
1958,7,0.61,0.785
1958,8,1.06,1.169
1958,9,0.77,0.922
1958,10,0.28,0.398
1958,11,0.28,0.407
1958,12,1.14,1.074
1959,1,1.04,1.075
1959,2,0.35,0.541
1959,3,-0.14,0.058
1959,4,-0.16,0.119
1959,5,-0.13,0.208
1959,6,0.23,0.254
1959,7,-0.42,-0.118
1959,8,-0.31,0.002
1959,9,-0.53,-0.182
1959,10,0.96,1.083
1959,11,1.38,1.38
1959,12,1.02,0.945
1960,1,0.24,0.359
1960,2,0.61,0.705
1960,3,0.23,0.446
1960,4,0.21,0.507
1960,5,0.35,0.642
1960,6,1.2,1.051
1960,7,-0.42,-0.09
1960,8,-0.31,0.12
1960,9,-0.96,-0.498
1960,10,-0.34,0.064
1960,11,-0.34,0.042
1960,12,0,0.103
1961,1,0.89,0.879
1961,2,0.92,0.886
1961,3,0.64,0.684
1961,4,0.28,0.486
1961,5,-0.54,-0.216
1961,6,-0.7,-0.455
1961,7,-1.23,-0.671
1961,8,-0.87,-0.426
1961,9,-1.34,-0.73
1961,10,-1.78,-1.262
1961,11,-1.43,-0.901
1961,12,-1.73,-1.448
1962,1,-1,-0.85
1962,2,-0.87,-0.632
1962,3,-1.06,-0.708
1962,4,-0.95,-0.585
1962,5,-1.3,-0.907
1962,6,-1.71,-1.504
1962,7,-1.83,-1.443
1962,8,-0.66,-0.513
1962,9,-1.47,-1.13
1962,10,-1.76,-1.329
1962,11,-0.38,-0.241
1962,12,-0.23,-0.21
1963,1,0.12,0.132
1963,2,0.15,0.321
1963,3,-0.28,-0.056
1963,4,-0.27,-0.009
1963,5,-1.26,-0.881
1963,6,-0.6,-0.62
1963,7,-1.11,-0.957
1963,8,-1.01,-0.704
1963,9,1.08,1.059
1963,10,0.34,0.248
1963,11,-0.5,-0.377
1963,12,0.45,0.318
1964,1,0.34,0.301
1964,2,0.21,0.135
1964,3,-0.71,-0.506
1964,4,-1.27,-0.821
1964,5,-2.39,-1.71
1964,6,-0.86,-0.485
1964,7,-1.08,-0.7
1964,8,-1.6,-1.119
1964,9,-1.35,-0.858
1964,10,-0.64,-0.372
1964,11,-0.68,-0.424
1964,12,-0.62,-0.427
1965,1,-0.95,-0.741
1965,2,-0.61,-0.341
1965,3,-0.17,0.052
1965,4,-0.01,0.143
1965,5,-0.66,-0.277
1965,6,-0.76,-0.513
1965,7,-0.74,-0.485
1965,8,0.32,0.526
1965,9,0.83,1.053
1965,10,0.3,0.647
1965,11,0.47,0.559
1965,12,0.25,0.218
1966,1,-0.67,-0.528
1966,2,-0.43,-0.228
1966,3,-1,-0.633
1966,4,-0.37,-0.085
1966,5,-0.76,-0.332
1966,6,0.1,0.154
1966,7,0.01,0.118
1966,8,-0.29,0.101
1966,9,-0.35,0.051
1966,10,-0.6,-0.184
1966,11,-0.71,-0.32
1966,12,-0.21,-0.057
1967,1,-0.24,-0.153
1967,2,-0.25,-0.118
1967,3,-0.8,-0.508
1967,4,-1.13,-0.754
1967,5,-1.54,-1.107
1967,6,-1.2,-0.872
1967,7,-1.21,-0.635
1967,8,-1.55,-0.861
1967,9,-0.6,-0.231
1967,10,-0.06,0.041
1967,11,0.36,0.247
1967,12,-0.68,-0.652
1968,1,-0.65,-0.549
1968,2,-0.19,-0.103
1968,3,0.08,0.196
1968,4,-0.69,-0.322
1968,5,-0.79,-0.299
1968,6,0.14,0.311
1968,7,0.44,0.716
1968,8,-0.01,0.276
1968,9,0.26,0.464
1968,10,-0.18,0.2
1968,11,0.03,0.278
1968,12,-0.29,0.117
1969,1,-0.71,-0.318
1969,2,-1.22,-0.792
1969,3,-1.21,-0.791
1969,4,-1.07,-0.733
1969,5,-1.06,-0.585
1969,6,0.84,1.078
1969,7,-0.37,0.054
1969,8,-0.92,-0.347
1969,9,-1.07,-0.548
1969,10,0.95,1.124
1969,11,0.58,0.755
1969,12,1.13,1.102
1970,1,1.06,1.111
1970,2,1.01,1.114
1970,3,1.2,1.214
1970,4,0.31,0.428
1970,5,-0.89,-0.547
1970,6,-0.12,0.068
1970,7,-0.92,-0.521
1970,8,-1.79,-1.213
1970,9,-1.68,-1.072
1970,10,-1.2,-0.73
1970,11,-0.92,-0.543
1970,12,-0.91,-0.718
1971,1,-1.34,-0.989
1971,2,-1.45,-1.001
1971,3,-1.55,-1.029
1971,4,-1.7,-1.208
1971,5,-1.75,-1.259
1971,6,-1.86,-1.484
1971,7,-2.25,-1.896
1971,8,-0.32,-0.189
1971,9,-0.17,0.05
1971,10,-0.35,-0.154
1971,11,-1.28,-0.985
1971,12,-1.77,-1.519
1972,1,-2.12,-1.674
1972,2,-1.95,-1.53
1972,3,-1.53,-1.114
1972,4,-1.7,-1.235
1972,5,-2.16,-1.603
1972,6,-1.84,-1.409
1972,7,-1.48,-0.972
1972,8,-0.11,0.258
1972,9,-0.2,0.243
1972,10,-0.22,0.125
1972,11,-0.05,0.133
1972,12,-0.37,-0.287
1973,1,-0.15,-0.067
1973,2,-0.55,-0.267
1973,3,-0.88,-0.521
1973,4,-1.35,-0.821
1973,5,-1.59,-1.017
1973,6,-1.44,-0.988
1973,7,-1.4,-0.708
1973,8,-1.56,-0.738
1973,9,-1.05,-0.37
1973,10,-1.36,-0.686
1973,11,-1.42,-0.929
1973,12,-0.89,-0.69
1974,1,-0.86,-0.537
1974,2,-1.38,-0.98
1974,3,-1.21,-0.834
1974,4,-0.62,-0.374
1974,5,-0.72,-0.432
1974,6,-0.37,-0.326
1974,7,0.02,0.188
1974,8,-0.27,0.205
1974,9,0.71,0.886
1974,10,0.19,0.433
1974,11,0.61,0.642
1974,12,0.27,0.239
1975,1,-0.65,-0.411
1975,2,-0.93,-0.576
1975,3,-1.07,-0.706
1975,4,-1.79,-1.3
1975,5,-2.08,-1.568
1975,6,-1.61,-1.184
1975,7,-0.84,-0.559
1975,8,-1.56,-0.816
1975,9,-1.6,-0.779
1975,10,-1.59,-0.987
1975,11,-1.73,-1.242
1975,12,-1.49,-1.188
1976,1,-1.08,-0.841
1976,2,-1.01,-0.794
1976,3,-1.31,-0.942
1976,4,-1.38,-1.027
1976,5,-1.23,-0.795
1976,6,-1.26,-1.028
1976,7,0.28,0.368
1976,8,0.97,1.023
1976,9,0.58,0.732
1976,10,1.12,1.235
1976,11,1.33,1.215
1976,12,1.2,0.97
1977,1,1.24,1.051
1977,2,1.51,1.349
1977,3,0.62,0.689
1977,4,-0.25,0.075
1977,5,-0.47,-0.105
1977,6,0.03,0.292
1977,7,-0.06,0.382
1977,8,-0.09,0.51
1977,9,-0.64,-0.095
1977,10,-0.84,-0.337
1977,11,-0.45,0.014
1977,12,-0.06,0.149
1978,1,0.58,0.71
1978,2,0.78,0.925
1978,3,1.13,1.307
1978,4,1.03,1.165
1978,5,0.77,1.027
1978,6,0.33,0.575
1978,7,-1.62,-0.8
1978,8,-0.91,-0.305
1978,9,-0.78,-0.348
1978,10,0.07,0.331
1978,11,-0.01,0.256
1978,12,-0.51,-0.284
1979,1,-0.38,0.002
1979,2,-1.29,-0.765
1979,3,-0.68,-0.224
1979,4,-0.12,0.195
1979,5,0.57,0.84
1979,6,0.22,0.475
1979,7,0.3,0.627
1979,8,0.05,0.469
1979,9,0.88,1.127
1979,10,1.1,1.302
1979,11,0.58,0.805
1979,12,0.06,0.378
1980,1,0.06,0.36
1980,2,0.58,0.863
1980,3,0.62,0.797
1980,4,0.78,1.023
1980,5,0.64,1.036
1980,6,-0.72,-0.39
1980,7,-0.21,0.1
1980,8,0.08,0.184
1980,9,-0.13,0.161
1980,10,0.99,1.265
1980,11,0.71,0.874
1980,12,0.3,0.476
1981,1,1.18,1.167
1981,2,1.24,1.32
1981,3,1.22,1.35
1981,4,1.07,1.228
1981,5,1.29,1.379
1981,6,1.82,1.708
1981,7,0.82,1.001
1981,8,-0.05,0.54
1981,9,0.43,0.784
1981,10,-0.09,0.171
1981,11,0.54,0.618
1981,12,0.59,0.61
1982,1,0.11,0.204
1982,2,-0.19,0.077
1982,3,-0.37,0.045
1982,4,-0.7,-0.271
1982,5,-1.21,-0.662
1982,6,-0.99,-0.501
1982,7,0.12,0.576
1982,8,-0.08,0.397
1982,9,0.51,0.883
1982,10,0.15,0.441
1982,11,-0.6,-0.231
1982,12,0.16,0.161
1983,1,0.4,0.329
1983,2,0.97,0.944
1983,3,1.73,1.735
1983,4,1.26,1.445
1983,5,1.01,1.181
1983,6,1.9,1.756
1983,7,2.47,2.273
1983,8,1.18,1.302
1983,9,0.47,0.669
1983,10,0.68,0.702
1983,11,1.19,1.032
1983,12,1.72,1.389
1984,1,1.42,1.178
1984,2,1.23,1.046
1984,3,1.56,1.381
1984,4,1,1.001
1984,5,0.87,0.942
1984,6,-0.13,0.074
1984,7,-0.35,0.098
1984,8,0.01,0.505
1984,9,0.18,0.479
1984,10,0.43,0.7
1984,11,0.54,0.636
1984,12,0.48,0.476
1985,1,0.87,0.831
1985,2,0.48,0.587
1985,3,-0.34,-0.038
1985,4,-0.52,-0.182
1985,5,-0.87,-0.271
1985,6,0.04,0.338
1985,7,0.52,0.84
1985,8,0.19,0.687
1985,9,0.13,0.565
1985,10,0.14,0.441
1985,11,-0.65,-0.402
1985,12,0.33,0.401
1986,1,1.04,1.053
1986,2,1.47,1.57
1986,3,1.68,1.769
1986,4,1.21,1.261
1986,5,0.85,0.99
1986,6,0.62,0.835
1986,7,1.05,1.304
1986,8,-0.19,0.475
1986,9,-0.03,0.617
1986,10,1,1.266
1986,11,1.68,1.763
1986,12,1.71,1.519
1987,1,1.47,1.423
1987,2,1.46,1.59
1987,3,1.35,1.501
1987,4,1.38,1.572
1987,5,0.82,1.267
1987,6,0.05,0.548
1987,7,1.38,1.694
1987,8,1.74,1.917
1987,9,1.44,1.769
1987,10,0.68,1.1
1987,11,0.93,1.092
1987,12,0.94,0.861
1988,1,0.23,0.399
1988,2,0.47,0.643
1988,3,0.49,0.633
1988,4,0.34,0.475
1988,5,0.37,0.49
1988,6,0.21,0.307
1988,7,-0.15,0.172
1988,8,-0.88,-0.362
1988,9,-0.98,-0.334
1988,10,-0.36,-0.05
1988,11,-0.06,0.056
1988,12,-0.14,-0.136
1989,1,-1.24,-0.989
1989,2,-1.45,-1.094
1989,3,-1.24,-0.87
1989,4,-0.32,-0.122
1989,5,-0.09,0.011
1989,6,0.11,0.071
1989,7,0.56,0.571
1989,8,-0.44,-0.079
1989,9,-0.57,-0.202
1989,10,-0.51,-0.231
1989,11,-0.76,-0.552
1989,12,-0.1,-0
1990,1,-0.42,-0.254
1990,2,-1.28,-0.837
1990,3,-1.24,-0.707
1990,4,-0.15,0.105
1990,5,-0.32,-0.047
1990,6,-0.25,-0.136
1990,7,-0.31,-0.047
1990,8,-0.43,0.004
1990,9,-0.26,0.058
1990,10,-1.16,-0.701
1990,11,-1.88,-1.439
1990,12,-2.22,-1.722
1991,1,-1.8,-1.302
1991,2,-1.09,-0.65
1991,3,-1.11,-0.61
1991,4,-1.63,-1.198
1991,5,-1.65,-1.176
1991,6,-2.25,-1.826
1991,7,-1.57,-1.171
1991,8,-0.58,-0.317
1991,9,0.37,0.613
1991,10,0.41,0.545
1991,11,0.56,0.598
1991,12,-0.21,-0.042
1992,1,0.08,0.244
1992,2,0.17,0.27
1992,3,0.12,0.207
1992,4,0.55,0.615
1992,5,1.26,1.349
1992,6,1.22,1.239
1992,7,1.5,1.579
1992,8,0.85,1.113
1992,9,0.45,0.872
1992,10,1.28,1.377
1992,11,1.31,1.35
1992,12,0.33,0.474
1993,1,-0.28,0.01
1993,2,0.02,0.312
1993,3,0.24,0.545
1993,4,1,1.123
1993,5,1.79,1.776
1993,6,2.05,1.928
1993,7,1.48,1.464
1993,8,1.96,1.962
1993,9,1.15,1.437
1993,10,1.31,1.478
1993,11,1.13,1.229
1993,12,0.67,0.752
1994,1,0.85,0.945
1994,2,0.33,0.556
1994,3,0.27,0.481
1994,4,0.49,0.717
1994,5,0.55,0.684
1994,6,0.1,0.152
1994,7,-0.91,-0.472
1994,8,-0.88,-0.426
1994,9,-1.51,-0.886
1994,10,-1.06,-0.591
1994,11,-1.93,-1.428
1994,12,-2.22,-1.852
1995,1,-0.86,-0.578
1995,2,0.02,0.239
1995,3,0.46,0.71
1995,4,0.49,0.712
1995,5,0.89,1.153
1995,6,1.03,1.15
1995,7,1,1.262
1995,8,-0.11,0.277
1995,9,1.22,1.342
1995,10,0.64,0.692
1995,11,0.05,0.182
1995,12,0.44,0.425
1996,1,1.01,0.947
1996,2,1.01,1.068
1996,3,0.85,1.013
1996,4,1.37,1.285
1996,5,2.13,1.898
1996,6,1.1,1.026
1996,7,0.57,0.577
1996,8,-0.66,-0.212
1996,9,0.07,0.511
1996,10,0.4,0.717
1996,11,0.38,0.688
1996,12,-0.03,0.22
1997,1,0.44,0.815
1997,2,0.29,0.592
1997,3,0.39,0.732
1997,4,0.73,0.961
1997,5,1.59,1.657
1997,6,2.55,2.382
1997,7,1.49,1.442
1997,8,2.27,2.123
1997,9,1.8,1.639
1997,10,1.78,1.587
1997,11,1.48,1.281
1997,12,0.99,0.867
1998,1,1.05,0.991
1998,2,1.52,1.482
1998,3,1.29,1.407
1998,4,0.03,0.31
1998,5,-0.83,-0.355
1998,6,-0.78,-0.519
1998,7,-1.16,-0.681
1998,8,-0.87,-0.171
1998,9,-1.7,-0.867
1998,10,-2.23,-1.576
1998,11,-0.97,-0.612
1998,12,-1.09,-0.874
1999,1,-0.78,-0.543
1999,2,-1.06,-0.756
1999,3,-1.18,-0.867
1999,4,-1.85,-1.452
1999,5,-2.32,-1.864
1999,6,-2.34,-1.91
1999,7,-1.87,-1.321
1999,8,-1.84,-1.189
1999,9,-2.24,-1.379
1999,10,-2.54,-1.849
1999,11,-2.18,-1.754
1999,12,-1.92,-1.64
2000,1,-2.2,-1.784
2000,2,-1.28,-0.969
2000,3,-0.66,-0.475
2000,4,-0.63,-0.392
2000,5,-0.81,-0.568
2000,6,-0.64,-0.521
2000,7,-1.51,-0.903
2000,8,-1.68,-1.102
2000,9,-1.45,-0.811
2000,10,-1.61,-1.082
2000,11,-1.04,-0.804
2000,12,0,0.024
2001,1,0.48,0.519
2001,2,-0.01,0.145
2001,3,-0.41,-0.035
2001,4,-1.18,-0.837
2001,5,-1.12,-0.755
2001,6,-1.22,-1.02
2001,7,-2.21,-1.73
2001,8,-1.68,-1.09
2001,9,-1.98,-1.217
2001,10,-1.91,-1.201
2001,11,-1.25,-0.793
2001,12,-1.12,-0.889
2002,1,-0.42,-0.154
2002,2,-1.51,-0.961
2002,3,-1.27,-0.779
2002,4,-1.23,-0.701
2002,5,-1.3,-0.996
2002,6,-1.18,-0.868
2002,7,-0.71,-0.422
2002,8,0.11,0.285
2002,9,-0.21,0.123
2002,10,-0.2,0.3
2002,11,1.08,1.081
2002,12,1.57,1.473
2003,1,1.45,1.442
2003,2,1.23,1.262
2003,3,1.01,1.282
2003,4,0.36,0.529
2003,5,0.21,0.324
2003,6,-0.42,-0.182
2003,7,0.37,0.493
2003,8,0.63,0.745
2003,9,-0.17,0.049
2003,10,0.74,0.757
2003,11,-0.23,-0.02
2003,12,-0.6,-0.361
2004,1,-0.55,-0.226
2004,2,-0.21,0.032
2004,3,-0.15,0.128
2004,4,-0,0.095
2004,5,0.61,0.496
2004,6,-0.11,-0.288
2004,7,0.04,0.032
2004,8,0.24,0.292
2004,9,0.02,0.108
2004,10,-0.72,-0.52
2004,11,-1.22,-0.946
2004,12,-0.64,-0.531
2005,1,-0.15,-0.068
2005,2,-0.01,0.169
2005,3,0.7,0.795
2005,4,0.28,0.402
2005,5,1.36,1.147
2005,6,0.85,0.528
2005,7,0.11,0.014
2005,8,-0.42,-0.198
2005,9,-0.99,-0.712
2005,10,-2,-1.566
2005,11,-1.89,-1.544
2005,12,-0.1,-0.059
2006,1,0.54,0.554
2006,2,0.38,0.507
2006,3,-0.74,-0.351
2006,4,-0.54,-0.358
2006,5,-0.37,-0.284
2006,6,0.21,0.091
2006,7,0.39,0.377
2006,8,-0.85,-0.466
2006,9,-1.54,-0.997
2006,10,-0.46,-0.169
2006,11,-0.81,-0.442
2006,12,-0.42,-0.296
2007,1,-0.69,-0.468
2007,2,-0.71,-0.382
2007,3,-1.1,-0.734
2007,4,-0.46,-0.24
2007,5,-0.29,-0.116
2007,6,-0.07,0.086
2007,7,0.43,0.547
2007,8,0.09,0.185
2007,9,-0.97,-0.582
2007,10,-2.33,-1.871
2007,11,-1.46,-1.23
2007,12,-0.87,-0.759
2008,1,-1.5,-1.23
2008,2,-1.46,-1.188
2008,3,-1.26,-0.955
2008,4,-1.79,-1.498
2008,5,-1.62,-1.348
2008,6,-1.85,-1.625
2008,7,-1.96,-1.373
2008,8,-1.85,-1.218
2008,9,-1.87,-1.347
2008,10,-1.9,-1.538
2008,11,-1.59,-1.384
2008,12,-1.31,-1.266
2009,1,-1.81,-1.619
2009,2,-1.78,-1.464
2009,3,-2.06,-1.742
2009,4,-2.23,-1.872
2009,5,-1.32,-1.008
2009,6,-0.73,-0.665
2009,7,-0.71,-0.523
2009,8,-0.49,-0.25
2009,9,0.33,0.454
2009,10,-0.13,0.078
2009,11,-0.94,-0.759
2009,12,-0.51,-0.429
2010,1,0.05,0.134
2010,2,0.25,0.361
2010,3,-0.16,0.036
2010,4,-0.04,0.043
2010,5,-0.18,-0.132
2010,6,-0.79,-0.699
2010,7,-1.99,-1.579
2010,8,-2.21,-1.499
2010,9,-2.45,-1.639
2010,10,-1.6,-1.083
2010,11,-1.57,-1.183
2010,12,-2.04,-1.677
2011,1,-1.8,-1.469
2011,2,-1.46,-1.069
2011,3,-1.28,-0.931
2011,4,-1.02,-0.823
2011,5,-0.66,-0.898
2011,6,-1.08,-1.445
2011,7,-2.3,-2.137
2011,8,-2.37,-1.997
2011,9,-2.5,-1.867
2011,10,-1.92,-1.553
2011,11,-2.95,-2.48
2011,12,-2.4,-2.184
2012,1,-1.85,-1.669
2012,2,-1.35,-1.148
2012,3,-1.66,-1.348
2012,4,-1.01,-0.761
2012,5,-2.12,-1.626
2012,6,-1.63,-1.426
2012,7,-2.4,-1.953
2012,8,-2.6,-1.936
2012,9,-2.99,-2.309
2012,10,-1.22,-0.918
2012,11,-0.66,-0.577
2012,12,-1.31,-1.301
2013,1,-1.1,-1
2013,2,-1.42,-1.109
2013,3,-1.48,-1.109
2013,4,-0.72,-0.556
2013,5,-0.4,-0.294
2013,6,-1.19,-1.069
2013,7,-1.34,-1.139
2013,8,-1.56,-1.088
2013,9,-1,-0.658
2013,10,-1.65,-1.267
2013,11,-1.09,-0.895
2013,12,-1.04,-0.928
2014,1,-0.57,-0.496
2014,2,-0.42,-0.227
2014,3,0.3,0.464
2014,4,0.36,0.526
2014,5,1.27,1.153
2014,6,-0.28,-0.324
2014,7,0.25,0.4
2014,8,0.34,0.361
2014,9,0.76,0.621
2014,10,1.43,1.202
2014,11,1.35,1.132
2014,12,1.86,1.567
2015,1,1.51,1.336
2015,2,1.52,1.426
2015,3,1.33,1.26
2015,4,0.9,0.83
2015,5,0.32,0.389
2015,6,0.82,0.657
2015,7,1.41,1.144
2015,8,0.98,0.889
2015,9,0.97,0.936
2015,10,0.84,0.72
2015,11,0.17,0.067
2015,12,0.29,0.01
2016,1,0.75,0.521
2016,2,1.29,1.113
2016,3,1.56,1.447
2016,4,1.74,1.619
2016,5,1.6,1.498
2016,6,0.87,0.676
2016,7,0.57,0.478
2016,8,-0.63,-0.124
2016,9,-0.8,-0.327
2016,10,-0.43,-0.296
2016,11,0.96,0.66
2016,12,0.61,0.315
2017,1,-0.06,-0.091
2017,2,-0.02,0.108
2017,3,0.1,0.196
2017,4,0.56,0.492
2017,5,0.45,0.397
2017,6,0.33,0.122
2017,7,-0.45,-0.445
2017,8,-0.63,-0.334
2017,9,-0.2,0.038
2017,10,-0.68,-0.46
2017,11,-0.6,-0.547
2017,12,-0.03,-0.23
2018,1,0.38,0.174
2018,2,-0.09,-0.193
2018,3,-0.72,-0.549
2018,4,-0.82,-0.511
2018,5,-0.47,-0.312
2018,6,-0.66,-0.713
2018,7,-0.03,-0.083
2018,8,-0.24,-0.123
2018,9,-0.35,-0.138
2018,10,-0.57,-0.428
2018,11,-0.7,-0.529
2018,12,-0.21,-0.23
2019,1,-0.34,-0.306
2019,2,-0.72,-0.51
2019,3,-0.4,-0.216
2019,4,0.09,0.202
2019,5,0.26,0.436
2019,6,-0.06,0.033
2019,7,0.52,0.53
2019,8,-0,0.232
2019,9,0.13,0.171
2019,10,-0.9,-0.705
2019,11,-0.51,-0.353
2019,12,-0,0.01
2020,1,-1.41,-1.21
2020,2,-1.48,-1.14
2020,3,-1.75,-1.426
2020,4,-1.32,-1.082
2020,5,-0.52,-0.456
2020,6,-0.75,-0.813
2020,7,-0.92,-0.938
2020,8,-1.33,-1.24
2020,9,-1.04,-1.053
2020,10,-0.62,-0.686
2020,11,-1.58,-1.497
2020,12,-0.98,-0.955
2021,1,-0.61,-0.56
2021,2,-1.09,-0.87
2021,3,-1.67,-1.331
2021,4,-1.84,-1.438
2021,5,-2.04,-1.616
2021,6,-1.82,-1.655
2021,7,-2,-1.572
2021,8,-0.95,-0.776
2021,9,-1.96,-1.626
2021,10,-3.14,-2.686
2021,11,-2.75,-2.468
2021,12,-2.71,-2.417
2022,1,-2.4,-2.05
2022,2,-1.91,-1.583
2022,3,-1.67,-1.361
2022,4,-2.09,-1.805
2022,5,-2.23,-2.033
2022,6,-1.31,-1.405
2022,7,-2.63,-2.262
2022,8,-2.38,-1.947
2022,9,-2.28,-1.723
2022,10,-1.81,-1.364
2022,11,-2.4,-1.986
2022,12,-2.21,-1.836
2023,1,-1.24,-0.947
2023,2,-1.65,-1.273
2023,3,-2.45,-1.892
2023,4,-3.08,-2.484
2023,5,-2.41,-1.949
2023,6,-2.55,-2.16
2023,7,-2.54,-2.148
2023,8,-2.48,-1.971
2023,9,-2.99,-2.39
2023,10,-2.23,-2.021
2023,11,-1.79,-1.621
2023,12,-1.66,-1.68
2024,1,-1.57,-1.4
2024,2,-1.34,-1.077
2024,3,-1.54,-1.274
2024,4,-2.11,-1.69
2024,5,-2.98,-2.607
2024,6,-3.15,-2.744
2024,7,-3.01,-2.315
2024,8,-2.91,-2.079
2024,9,-3.56,-2.652
2024,10,-3.8,-3.043
2024,11,-3.13,-2.628
2024,12,-2.03,-1.788
2025,1,-1.29,-1.086
2025,2,-1.4,-1.11
2025,3,-1.12,-0.892
2025,4,-1.15,-1.017
2025,5,-1.66,-1.595
2025,6,-2.64,-2.666
2025,7,-4.21,-3.591
2025,8,-3.23,-2.691
2025,9,-2.31,-1.976
2025,10,-2.37,-2.125
2025,11,-1.51,-1.488
2025,12,-0.96,-1.075
2026,1,-1.24,-1.232
2026,2,-1,-0.881
2026,3,-1.42,-1.28
2026,4,-1.62,-1.413
2026,5,-1.68,-1.506
2026,6,-1.72,-1.703
2026,7,-2.14,-1.729
2026,8,-1.84,NA
2026,9,NA,NA
2026,10,NA,NA
2026,11,NA,NA
2026,12,NA,NA
