year,month,beuti_45N,beuti_46N,beuti_47N,cuti_45N,cuti_46N,cuti_47N
1988,1,0.04461290322580645,1.2036774193548387,-1.6279032258064516,-0.016290322580645153,0.10445161290322581,-0.11674193548387096
1988,2,3.7135172413793103,1.8560344827586206,0.978103448275862,0.26155172413793104,0.1349655172413793,0.05813793103448276
1988,3,2.597967741935484,2.414483870967742,2.6571290322580645,0.19564516129032258,0.1607741935483871,0.1522258064516129
1988,4,1.6846,1.0205333333333333,0.5059666666666667,0.1258,0.0774,0.05396666666666666
1988,5,0.13687096774193547,0.39535483870967736,0.3289354838709677,-0.0013548387096774324,0.06229032258064516,0.03841935483870968
1988,6,0.3138333333333333,0.10966666666666666,0.06776666666666667,0.40140000000000003,0.27093333333333336,0.1244
1988,7,1.3186451612903225,0.26345161290322583,0.1723225806451613,0.7791935483870968,0.48358064516129035,0.3321290322580645
1988,8,1.878774193548387,0.45729032258064517,0.3394838709677419,0.6899677419354838,0.37909677419354837,0.289
1988,9,1.3684333333333334,0.23246666666666668,0.3416,0.4953,0.3113,0.2217
1988,10,0.451,0.04696774193548387,0.022903225806451613,0.2752903225806452,0.17006451612903226,0.06061290322580645
1988,11,-0.36619999999999997,-0.0036666666666666714,0.08136666666666663,-0.3782666666666667,-0.095,-0.07326666666666667
1988,12,1.8624516129032258,1.138516129032258,1.0592580645161291,0.31867741935483873,0.14241935483870968,0.10741935483870968
1989,1,2.890290322580645,4.655838709677419,1.9506774193548386,0.19025806451612906,0.2632258064516129,0.08041935483870967
1989,2,-0.3121428571428574,1.6302857142857143,4.2716071428571425,0.0452142857142857,0.06682142857142857,0.16507142857142856
1989,3,-11.171354838709677,-3.423451612903226,-4.739258064516129,-0.47374193548387095,-0.12383870967741936,-0.18458064516129033
1989,4,2.2417,3.110866666666667,1.4183,0.2098,0.24336666666666668,0.13546666666666665
1989,5,1.2218387096774193,0.5284516129032258,0.30241935483870963,0.3497096774193548,0.23848387096774193,0.148
1989,6,0.8195666666666667,0.12793333333333332,0.1883,0.40896666666666665,0.1558,0.08056666666666666
1989,7,0.14329032258064517,0.009387096774193547,0.003032258064516129,0.4469677419354839,0.2788709677419355,0.1270967741935484
1989,8,0.7946451612903226,0.3578387096774194,0.3706774193548387,0.5329354838709678,0.3586774193548387,0.23380645161290323
1989,9,1.5879666666666667,0.2976,0.18046666666666666,0.5126000000000001,0.3864,0.22813333333333333
1989,10,0.29138709677419355,0.23806451612903226,-0.031000000000000003,-0.08174193548387096,0.02461290322580645,-0.017677419354838714
1989,11,0.1602,0.20406666666666667,0.04549999999999999,0.06603333333333333,0.10149999999999999,0.07463333333333333
1989,12,1.4534838709677418,-0.27154838709677426,-0.44941935483870965,0.14748387096774193,-0.04235483870967742,-0.05064516129032258
1990,1,-4.144645161290322,0.4098709677419355,-0.37187096774193545,-0.39638709677419354,0.03751612903225807,-0.04290322580645162
1990,2,-0.9405714285714287,5.558678571428572,3.833142857142857,-0.043607142857142865,0.2829642857142857,0.14835714285714285
1990,3,1.680741935483871,4.205129032258064,1.0568064516129032,0.11674193548387098,0.2561935483870968,0.06629032258064516
1990,4,3.7457333333333334,2.0844666666666667,2.241766666666667,0.2749,0.16273333333333334,0.15476666666666666
1990,5,2.7775806451612906,1.640516129032258,1.1989032258064516,0.22696774193548386,0.1255806451612903,0.06680645161290323
1990,6,0.13506666666666667,0.007666666666666666,-0.13770000000000002,0.32816666666666666,0.18626666666666666,0.078
1990,7,0.9051612903225806,0.15548387096774194,0.17870967741935484,0.6855806451612904,0.47683870967741937,0.3568709677419355
1990,8,1.1344193548387096,0.19712903225806452,0.10467741935483871,0.2635483870967742,0.25183870967741934,0.1513225806451613
1990,9,0.1883,0.0871,8.333333333333333e-4,0.3748666666666667,0.3257,0.25976666666666665
1990,10,0.022,-0.003935483870967741,-0.11090322580645162,0.14048387096774193,0.08274193548387097,0.026032258064516124
1990,11,0.009066666666666664,-0.09456666666666669,-0.016366666666666682,-0.009833333333333326,0.00323333333333334,-0.049666666666666665
1990,12,6.020354838709677,1.7329354838709676,4.0318387096774195,0.5115806451612903,0.15106451612903227,0.2216774193548387
1991,1,-0.7694193548387099,-0.4225483870967743,-2.4011612903225807,-0.042322580645161284,0.0019677419354838725,-0.07406451612903227
1991,2,-6.053571428571429,-2.1762857142857146,-4.463928571428571,-0.25253571428571425,-0.07367857142857143,-0.15767857142857145
1991,3,0.7693870967741935,0.933451612903226,2.098451612903226,0.04680645161290323,0.052225806451612906,0.09680645161290323
1991,4,-0.8838333333333332,0.9789,0.4224666666666666,0.014900000000000005,0.11203333333333335,0.08080000000000001
1991,5,3.836451612903226,1.921709677419355,1.3586451612903225,0.43770967741935485,0.2454516129032258,0.15
1991,6,3.8274666666666666,2.0089,1.7566333333333333,0.6202666666666666,0.38656666666666667,0.2386
1991,7,1.9215806451612902,0.35996774193548386,0.4007096774193548,0.7010967741935484,0.48829032258064514,0.30732258064516127
1991,8,0.47980645161290325,0.07903225806451614,-0.009032258064516132,0.16925806451612901,0.0986774193548387,0.013258064516129032
1991,9,0.2727,0.10736666666666667,0.0057666666666666665,0.5937666666666667,0.48663333333333336,0.34336666666666665
1991,10,1.127709677419355,0.9111290322580645,0.4595806451612903,0.3741290322580645,0.41551612903225804,0.22751612903225807
1991,11,-0.8206666666666667,-1.1214666666666666,-1.8520333333333332,-0.22396666666666668,-0.16723333333333334,-0.1588
1991,12,-1.4120645161290322,-1.2434193548387098,-2.2506451612903224,-0.11619354838709677,-0.11425806451612902,-0.18096774193548387
1992,1,-8.142645161290323,-5.856290322580645,-8.376483870967743,-0.7908709677419355,-0.5505806451612903,-0.665483870967742
1992,2,-1.7435172413793103,-0.674103448275862,-1.553793103448276,-0.2063448275862069,-0.0673103448275862,-0.1436896551724138
1992,3,1.2730645161290322,0.9115806451612903,0.8608387096774194,0.2944193548387097,0.19,0.1484516129032258
1992,4,0.023033333333333333,0.02836666666666668,-0.03610000000000001,-0.0619,0.02073333333333333,-0.06549999999999999
1992,5,0.3785483870967742,0.05796774193548387,0.07690322580645162,0.6624193548387097,0.4090645161290323,0.29129032258064513
1992,6,0.4274,0.08276666666666667,0.046033333333333336,0.47526666666666667,0.2779,0.181
1992,7,0.5766774193548387,0.24377419354838709,0.0925483870967742,0.5740322580645161,0.44403225806451613,0.3433548387096774
1992,8,0.5459354838709677,0.16532258064516128,0.1495483870967742,0.4535806451612903,0.3574516129032258,0.299
1992,9,0.6144000000000001,0.2006,0.0562,0.2882,0.3416,0.17673333333333333
1992,10,0.3977741935483871,0.08083870967741935,-0.04048387096774193,0.11116129032258065,0.1993548387096774,0.08874193548387098
1992,11,-0.11496666666666668,0.13923333333333335,-0.25233333333333335,-0.07186666666666668,0.05486666666666667,-0.0285
1992,12,-0.7701612903225806,-0.5489032258064516,-0.24035483870967742,-0.0587741935483871,-0.050419354838709685,-0.02335483870967742
1993,1,-0.9706129032258065,-1.4709354838709676,-4.02616129032258,-0.09274193548387095,-0.11125806451612903,-0.22396774193548386
1993,2,-0.35728571428571415,-1.7420357142857144,-4.230357142857143,-0.10296428571428573,-0.13339285714285715,-0.22667857142857142
1993,3,-4.336838709677419,-1.2890645161290322,-0.20383870967741938,-0.30932258064516127,-0.0805483870967742,0.010419354838709672
1993,4,-4.556433333333334,-2.1376666666666666,-2.9031333333333333,-0.5563,-0.21883333333333332,-0.2739
1993,5,-0.07938709677419356,0.2567741935483871,-0.04183870967741936,0.016258064516129028,0.0802258064516129,-0.03735483870967742
1993,6,0.08876666666666666,0.0056,0.0027333333333333333,0.38589999999999997,0.26180000000000003,0.11336666666666667
1993,7,0.1980967741935484,0.022903225806451613,0.13719354838709677,0.4642258064516129,0.306,0.22129032258064515
1993,8,0.33783870967741936,0.010870967741935484,-3.2258064516129115e-5,0.5545806451612904,0.36274193548387096,0.21529032258064515
1993,9,0.8698333333333333,0.19483333333333333,0.021366666666666666,0.36246666666666666,0.354,0.22236666666666666
1993,10,0.35838709677419356,0.10496774193548387,-0.004935483870967746,0.15564516129032258,0.0777741935483871,0.01361290322580645
1993,11,0.7720333333333333,1.6566,-0.2879333333333334,0.2421,0.2814,0.05093333333333333
1993,12,-8.097096774193549,-3.7129032258064516,-5.407870967741935,-0.6714516129032257,-0.2704838709677419,-0.3739032258064516
1994,1,-3.0462903225806452,-0.6420967741935484,-1.7127741935483871,-0.2891290322580645,-0.048903225806451615,-0.12041935483870968
1994,2,-5.1498928571428575,-0.2231785714285714,-3.8985357142857144,-0.3939642857142857,-0.016500000000000004,-0.23789285714285716
1994,3,0.7534838709677419,-0.10699999999999996,-0.7693548387096775,0.12148387096774194,0.003322580645161295,-0.059000000000000004
1994,4,1.9566666666666668,0.8734000000000001,-1.1684,0.22413333333333332,0.09696666666666667,-0.060366666666666666
1994,5,0.8255483870967741,0.19880645161290322,0.27229032258064517,0.48261290322580647,0.2945483870967742,0.16893548387096774
1994,6,0.14196666666666666,0.005366666666666666,0.0033,0.45026666666666665,0.2265,0.10296666666666666
1994,7,1.1795483870967742,0.22529032258064516,0.3177741935483871,0.7537096774193548,0.4005483870967742,0.3363548387096774
1994,8,0.07770967741935483,0.003419354838709677,1.290322580645161e-4,0.3267741935483871,0.21174193548387096,0.12748387096774194
1994,9,0.0536,0.014633333333333333,0.011066666666666667,0.35583333333333333,0.24689999999999998,0.13873333333333335
1994,10,0.3180322580645161,0.024709677419354835,0.020870967741935486,0.12745161290322582,0.08796774193548387,0.09735483870967741
1994,11,-1.5222333333333333,-0.6206,-1.1366333333333332,-0.18536666666666668,-0.05783333333333333,-0.10596666666666665
1994,12,-9.173032258064516,-2.9673548387096775,-3.3831290322580645,-0.7197741935483871,-0.25112903225806454,-0.26764516129032256
1995,1,-9.200322580645162,-3.8131612903225807,-3.5383548387096773,-0.8916129032258064,-0.2918387096774193,-0.2559677419354839
1995,2,-3.091892857142857,1.6286428571428573,-0.7213571428571428,-0.19946428571428573,0.1400357142857143,-0.015785714285714285
1995,3,-3.4021935483870966,-2.158967741935484,-4.683580645161291,-0.573741935483871,-0.24100000000000002,-0.4391290322580645
1995,4,2.1479,1.5566333333333333,-0.9216,0.25216666666666665,0.19243333333333332,-0.06193333333333333
1995,5,1.5987096774193548,0.38125806451612904,0.6323548387096775,0.5573870967741935,0.2603548387096774,0.13151612903225807
1995,6,0.7475333333333333,0.3026,0.29336666666666666,0.352,0.23916666666666667,0.08403333333333333
1995,7,0.6629677419354839,0.1814516129032258,0.05667741935483871,0.4959677419354839,0.33641935483870966,0.22141935483870967
1995,8,0.7334516129032258,0.28274193548387094,0.1187741935483871,0.367,0.2884516129032258,0.1636774193548387
1995,9,0.0808,0.0012000000000000001,0,0.2395,0.10976666666666667,0.010599999999999998
1995,10,0.059225806451612906,0.037096774193548385,0.008935483870967743,0.22680645161290322,0.18964516129032258,0.010161290322580646
1995,11,-1.0477666666666665,-0.5267000000000001,-1.1552666666666667,-0.4809,-0.262,-0.3646
1995,12,-1.4883225806451612,-0.6293548387096775,-1.2580967741935485,-0.7170322580645161,-0.25064516129032255,-0.3096774193548387
1996,1,0.2212903225806451,0.9911612903225807,0.881225806451613,-0.11574193548387098,0.14180645161290323,0.05041935483870968
1996,2,-3.161655172413793,-1.3755862068965516,-0.5899999999999999,-0.5635172413793104,-0.15679310344827585,-0.01951724137931035
1996,3,-0.638258064516129,-0.20877419354838705,1.2439032258064517,-0.06070967741935484,-0.005806451612903222,0.129
1996,4,-2.8806000000000003,-0.2689333333333333,-2.0125,-0.4956333333333333,-0.061900000000000004,-0.25780000000000003
1996,5,0.71,0.18174193548387096,0.026774193548387105,0.46,0.2275483870967742,0.1219032258064516
1996,6,0.5970333333333333,0.11806666666666667,0.22413333333333332,0.5871,0.3508,0.2046
1996,7,1.004258064516129,0.25309677419354837,0.13332258064516128,0.6585806451612903,0.5279354838709678,0.4279032258064516
1996,8,2.2439032258064517,0.7028387096774193,0.44461290322580643,0.3942258064516129,0.4200322580645161,0.31509677419354837
1996,9,0.26406666666666667,0.14893333333333333,0.030766666666666668,0.26543333333333335,0.2404,0.17163333333333333
1996,10,0.23012903225806453,0.06025806451612903,0.00903225806451613,0.15903225806451612,0.12116129032258063,0.01829032258064516
1996,11,-0.004933333333333348,0.15123333333333333,-0.15720000000000003,0.0702,0.10903333333333333,-0.0014000000000000048
1996,12,-5.412516129032258,-2.160322580645161,-2.469483870967742,-0.690258064516129,-0.2461290322580645,-0.22438709677419355
1997,1,-2.444258064516129,-1.048258064516129,-2.5624516129032258,-0.24561290322580648,-0.07509677419354839,-0.1743225806451613
1997,2,1.8428571428571427,4.172,1.1065714285714285,0.18121428571428572,0.28639285714285717,0.07510714285714286
1997,3,-3.3670322580645164,0.396935483870968,-2.2286129032258066,-0.2383548387096774,0.03658064516129032,-0.11277419354838711
1997,4,2.3356333333333335,1.3050666666666666,1.1035333333333333,0.16946666666666665,0.10746666666666667,0.07423333333333333
1997,5,0.2158064516129032,0.017322580645161283,-0.1519032258064516,0.14893548387096775,0.08738709677419355,0.011548387096774191
1997,6,0.06186666666666667,5e-4,0,0.3407,0.22749999999999998,0.13876666666666668
1997,7,0.2991935483870968,0.01096774193548387,0.005483870967741935,0.583258064516129,0.41761290322580646,0.30970967741935485
1997,8,0.2623548387096774,9.03225806451613e-4,0.007580645161290323,0.11119354838709677,0.13516129032258065,0.08896774193548387
1997,9,0,0,0,-0.08393333333333333,-0.07026666666666666,-0.11193333333333334
1997,10,-0.008774193548387097,-0.0024838709677419356,0,-0.1395483870967742,-0.08248387096774192,-0.16938709677419356
1997,11,-0.06616666666666667,-0.04466666666666667,-0.1698,-0.5225,-0.2505,-0.44293333333333335
1997,12,-0.012838709677419357,-0.23848387096774193,-0.8158064516129032,-0.15083870967741936,-0.3191612903225806,-0.3286774193548387
1998,1,-1.8678064516129032,-0.8794838709677419,-2.896483870967742,-0.9292903225806451,-0.21493548387096773,-0.4808709677419355
1998,2,-2.3285,0.040249999999999994,-1.2851428571428571,-0.9999285714285714,-0.15253571428571427,-0.4205
1998,3,0.07112903225806448,0.8033870967741935,-0.7787096774193548,0.049516129032258056,0.2144516129032258,-0.09725806451612903
1998,4,1.0062333333333333,0.5781999999999999,0.6294000000000001,0.1844,0.08823333333333333,0.07783333333333334
1998,5,0.9239032258064516,0.8516774193548386,0.9734516129032258,0.3255161290322581,0.28680645161290325,0.23190322580645162
1998,6,0.8126,0.19963333333333333,0.22240000000000001,0.5611666666666667,0.431,0.34436666666666665
1998,7,0.3479032258064516,0.04903225806451613,0.025548387096774195,0.4073548387096774,0.2812258064516129,0.14341935483870968
1998,8,1.0614516129032259,0.17051612903225807,0.1697741935483871,0.5595161290322581,0.43132258064516127,0.2785161290322581
1998,9,0.6444666666666666,0.0643,0.029766666666666667,0.5182333333333333,0.39386666666666664,0.25046666666666667
1998,10,0.037838709677419355,-0.005516129032258065,-0.021967741935483873,0.04451612903225806,0.006838709677419355,-0.09767741935483872
1998,11,-1.3697333333333332,-0.34646666666666665,-0.35086666666666666,-0.7425333333333334,-0.40736666666666665,-0.5365666666666666
1998,12,-1.0385806451612902,0.6705483870967742,0.24316129032258066,-0.05348387096774194,0.05303225806451612,0.043129032258064526
1999,1,-4.839419354838709,-2.0039032258064515,-3.167032258064516,-0.2801290322580645,-0.12474193548387096,-0.19283870967741937
1999,2,-22.029821428571427,-6.85775,-11.304785714285714,-1.2492142857142856,-0.37189285714285714,-0.592
1999,3,-7.05374193548387,-1.9196129032258067,-4.058838709677419,-0.35903225806451616,-0.09932258064516129,-0.21654838709677418
1999,4,9.916133333333333,5.9044,5.699233333333333,0.6099,0.39193333333333336,0.35633333333333334
1999,5,4.535225806451613,2.3800645161290324,2.3384516129032256,0.5380967741935484,0.43212903225806454,0.36035483870967744
1999,6,1.0571666666666668,0.6004333333333333,0.7538333333333334,0.2661,0.21216666666666667,0.14376666666666665
1999,7,0.6559354838709678,0.32467741935483874,0.5037419354838709,0.48535483870967744,0.3136451612903226,0.3000967741935484
1999,8,0.24751612903225806,0.13409677419354837,0.08990322580645162,0.3068709677419355,0.24306451612903227,0.18458064516129033
1999,9,1.7308,0.5022333333333333,0.3056666666666667,0.6880666666666667,0.5262666666666667,0.3607666666666667
1999,10,0.45022580645161286,0.5387741935483871,-0.07132258064516128,0.09580645161290323,0.0893225806451613,-0.1097741935483871
1999,11,-2.8897666666666666,-1.3941333333333334,-2.0089,-0.7073333333333334,-0.3967,-0.4750333333333333
1999,12,0.2912258064516129,0.46129032258064523,-0.2981290322580645,-0.013806451612903234,0.03474193548387095,-0.05916129032258065
2000,1,-3.482322580645161,-0.8000322580645162,-2.7056774193548385,-0.413258064516129,-0.07783870967741935,-0.22522580645161291
2000,2,-4.995586206896552,-1.5184827586206897,-1.1116896551724138,-0.5345172413793103,-0.13820689655172416,-0.06824137931034482
2000,3,2.7020967741935484,-0.6399354838709679,-0.2620645161290322,0.22335483870967743,-0.05458064516129032,-0.032419354838709676
2000,4,1.5841333333333334,0.7295666666666667,0.6225999999999999,0.10183333333333332,0.05106666666666667,0.01883333333333333
2000,5,0.43535483870967745,1.0011290322580646,0.6748387096774194,0.14709677419354839,0.17916129032258066,0.16983870967741935
2000,6,1.6923333333333332,0.8523666666666666,1.0456333333333334,0.7224666666666667,0.5131666666666667,0.421
2000,7,1.431967741935484,0.8106129032258065,0.6734516129032259,0.48751612903225805,0.37470967741935485,0.3044516129032258
2000,8,3.254548387096774,1.2197096774193548,0.12090322580645162,0.6193225806451613,0.43151612903225806,0.3642258064516129
2000,9,0.22526666666666667,0.11173333333333334,0.011933333333333334,0.3147333333333333,0.2789333333333333,0.136
2000,10,-0.28474193548387094,-0.005903225806451612,-0.08219354838709678,0.04548387096774194,0.12996774193548388,-0.01864516129032258
2000,11,-1.0345,-0.9824999999999999,-1.9963666666666666,-0.05723333333333334,-0.07846666666666667,-0.162
2000,12,-3.1128387096774195,-1.568516129032258,0.12470967741935482,-0.393741935483871,-0.13264516129032258,0.01870967741935484
2001,1,-6.185935483870968,-4.402096774193549,-3.1293870967741935,-0.39167741935483874,-0.2513225806451613,-0.17303225806451614
2001,2,2.054607142857143,0.4134642857142857,-1.2996428571428573,0.2075,0.04507142857142857,-0.056357142857142856
2001,3,7.051548387096774,2.9048709677419353,1.8896774193548387,0.5306129032258065,0.21748387096774194,0.13690322580645162
2001,4,1.1380333333333332,0.9905,2.1881333333333335,0.17003333333333334,0.10213333333333334,0.17263333333333333
2001,5,5.046903225806451,3.420193548387097,3.1833548387096773,0.47603225806451616,0.3281612903225806,0.29435483870967744
2001,6,1.2117,0.6010333333333333,1.0609333333333333,0.404,0.27563333333333334,0.24626666666666666
2001,7,2.7203870967741937,1.8219354838709678,2.2701290322580645,0.7807741935483871,0.5625161290322581,0.5340322580645162
2001,8,0.2242258064516129,0.013612903225806453,-0.09335483870967742,0.17041935483870968,0.09764516129032258,0.05629032258064516
2001,9,1.2486333333333333,0.4835,0.23363333333333333,0.4524666666666667,0.34396666666666664,0.2535
2001,10,0.3678064516129032,0.13693548387096777,0.33129032258064517,0.1235483870967742,0.13564516129032259,0.21574193548387097
2001,11,-3.301966666666667,-2.1256666666666666,-2.5474,-0.738,-0.46706666666666663,-0.4313666666666667
2001,12,-2.395290322580645,-1.5308064516129032,-0.7309354838709677,-0.2773225806451613,-0.1244516129032258,-0.0029032258064516075
2002,1,-2.0787096774193548,-1.6931290322580645,-4.085451612903226,-0.25287096774193546,-0.19761290322580646,-0.2934838709677419
2002,2,1.36475,-0.12778571428571428,-0.9158214285714288,0.10717857142857143,-0.0020000000000000113,-0.04421428571428573
2002,3,2.620064516129032,1.2299032258064517,-1.2356129032258065,0.18538709677419354,0.0904516129032258,-0.057870967741935474
2002,4,8.436533333333333,3.839033333333333,3.4475,0.6212,0.286,0.21196666666666666
2002,5,4.881064516129032,3.2216129032258065,2.0956129032258066,0.4127096774193548,0.2313548387096774,0.099
2002,6,1.1561,0.34863333333333335,0.4595666666666667,0.31273333333333336,0.2061,0.15336666666666668
2002,7,1.8558709677419354,0.25703225806451613,0.5493548387096774,0.5840322580645161,0.4687741935483871,0.3520967741935484
2002,8,2.3973225806451612,0.8155483870967742,1.5173548387096774,0.49793548387096775,0.5418709677419354,0.3748387096774194
2002,9,1.2381333333333333,0.4648333333333333,0.14936666666666668,0.3333666666666667,0.4025666666666667,0.23646666666666666
2002,10,2.5703548387096773,0.6704193548387097,1.5830322580645162,0.3165806451612903,0.25387096774193546,0.3519032258064516
2002,11,-6.4283,-4.9354,-3.4825,-0.8247,-0.7545666666666667,-0.7666
2002,12,-3.3600967741935484,-1.787516129032258,-4.210290322580645,-0.9646129032258064,-0.5253548387096775,-0.7777096774193548
2003,1,-2.2013225806451615,-1.1967419354838709,-3.182,-0.5063870967741936,-0.1812258064516129,-0.3689677419354839
2003,2,0.9923928571428572,-0.8979285714285714,-0.9688214285714285,0.19825,-0.11310714285714286,-0.06939285714285715
2003,3,-2.4718387096774195,-0.5933548387096774,-3.005,-0.35151612903225804,-0.01454838709677419,-0.2803548387096774
2003,4,-1.0288,-0.6110333333333333,-2.6842333333333332,-0.1436,-0.037033333333333335,-0.2315
2003,5,1.4016129032258065,0.6724193548387096,0.5424516129032259,0.4560967741935484,0.24661290322580645,0.12996774193548388
2003,6,2.0305666666666666,0.8205333333333333,1.0224,0.8798333333333334,0.5302333333333333,0.3711333333333333
2003,7,1.9578064516129032,1.0787096774193548,0.8902903225806451,0.6290322580645161,0.46958064516129033,0.3028709677419355
2003,8,0.7982903225806451,0.9546451612903226,0.7898709677419354,0.5483870967741935,0.42648387096774193,0.34180645161290324
2003,9,1.2913666666666668,0.3127333333333333,0.31176666666666664,0.49423333333333336,0.4083333333333333,0.23473333333333335
2003,10,-0.3168064516129032,-0.10654838709677418,-0.01332258064516129,-0.273,-0.23696774193548387,-0.13425806451612904
2003,11,-0.22846666666666668,0.1141,0.20863333333333334,-0.18703333333333333,0.13653333333333334,0.11763333333333334
2003,12,-1.5274516129032258,-1.7655483870967743,-1.351,-0.5155806451612903,-0.4109032258064516,-0.24619354838709678
2004,1,-3.247354838709678,-3.9365483870967743,-1.2843870967741935,-0.4039032258064516,-0.30096774193548387,-0.07819354838709677
2004,2,-2.3740344827586206,-0.6515862068965518,-2.947793103448276,-0.2873448275862069,-0.08003448275862068,-0.22986206896551725
2004,3,2.3161290322580643,1.0270645161290324,1.0640967741935483,0.2315483870967742,0.10983870967741935,0.09829032258064516
2004,4,0.9206666666666666,1.1113666666666666,0.43520000000000003,0.11106666666666667,0.17093333333333333,0.05633333333333333
2004,5,0.3977741935483871,0.16948387096774195,0.10483870967741934,0.269741935483871,0.16925806451612904,0.09751612903225806
2004,6,0.5226,0.14963333333333334,0.0092,0.5304333333333333,0.394,0.29336666666666666
2004,7,0.7838064516129032,0.2774516129032258,0.09116129032258065,0.48716129032258065,0.45861290322580645,0.3337741935483871
2004,8,0.5369677419354839,0.4200967741935484,0.12316129032258064,0.36206451612903223,0.273,0.21945161290322582
2004,9,0.23173333333333335,0.07333333333333333,0.0024333333333333334,0.40909999999999996,0.4201,0.3237
2004,10,-0.00890322580645161,0.027935483870967743,8.064516129032259e-4,0.054612903225806454,0.10954838709677418,0.10012903225806451
2004,11,1.9923,0.685,0.7791,0.5582,0.28413333333333335,0.22349999999999998
2004,12,-1.5643548387096775,-0.5055161290322582,-1.947709677419355,-0.14525806451612902,-0.04700000000000001,-0.1453225806451613
2005,1,-4.398612903225807,-3.1143548387096773,-4.4067741935483875,-0.40874193548387094,-0.26967741935483874,-0.2910645161290323
2005,2,1.592107142857143,0.5998928571428572,0.5578571428571428,0.26964285714285713,0.06632142857142857,0.04085714285714285
2005,3,-1.8277096774193549,-0.2597741935483871,-0.9638064516129032,-0.33003225806451614,-0.017548387096774188,-0.0972258064516129
2005,4,0.18566666666666665,-0.16983333333333334,-0.478,0.063,0.008999999999999998,-0.022833333333333337
2005,5,-0.2440967741935484,0.06890322580645161,-0.017451612903225805,-0.03732258064516128,-0.01541935483870968,-0.047419354838709675
2005,6,0.10333333333333333,0.0010333333333333334,0.0023,0.5133666666666666,0.30186666666666667,0.26353333333333334
2005,7,1.1331290322580645,0.7703225806451613,0.47838709677419355,0.8248709677419355,0.7381935483870967,0.4714838709677419
2005,8,1.6692903225806452,1.3835483870967742,1.0754193548387097,0.6013870967741936,0.6268064516129033,0.36348387096774193
2005,9,2.0361333333333334,0.5996,0.1877,0.5688333333333333,0.5535,0.3982
2005,10,-0.2832258064516129,0.22435483870967743,0.06154838709677419,-0.26141935483870965,-0.10767741935483871,-0.1837741935483871
2005,11,0.0812,0.04526666666666668,-0.08836666666666666,0.0475,-0.013533333333333331,-0.084
2005,12,-4.906193548387097,-2.2331290322580646,-6.2867096774193545,-0.5708387096774193,-0.2294516129032258,-0.5260967741935484
2006,1,-1.9844193548387097,-1.905,-3.8781935483870966,-0.44225806451612903,-0.3155806451612903,-0.49270967741935484
2006,2,-0.14717857142857138,-1.3361785714285714,0.8562857142857142,0.08614285714285715,-0.03607142857142858,0.09767857142857142
2006,3,-5.252870967741935,-1.8999677419354841,-5.388354838709677,-0.5273225806451612,-0.1331935483870968,-0.3289677419354839
2006,4,2.7638000000000003,1.6478666666666666,1.7075333333333333,0.39876666666666666,0.22303333333333333,0.18596666666666667
2006,5,5.414096774193548,2.968516129032258,3.161774193548387,0.663741935483871,0.3651935483870968,0.2550322580645161
2006,6,1.5906,0.3385666666666667,0.23593333333333333,0.8768666666666667,0.6256333333333334,0.3761333333333333
2006,7,1.3501612903225806,0.6121612903225806,0.49151612903225805,0.7643548387096775,0.5828064516129032,0.38770967741935486
2006,8,2.9648709677419354,1.7459032258064515,1.4451612903225806,0.7102258064516129,0.7817419354838709,0.5859032258064516
2006,9,0.7754,0.3977333333333333,0.22493333333333335,0.3199666666666667,0.2999,0.23156666666666667
2006,10,0.9469354838709678,0.7016451612903226,0.6100322580645161,0.2167741935483871,0.3261612903225806,0.46196774193548384
2006,11,-2.394066666666667,-1.6612333333333333,-1.8762666666666667,-0.4198,-0.4417333333333333,-0.4148
2006,12,-3.5656129032258064,-1.6992258064516128,-4.885806451612903,-0.43683870967741933,-0.22825806451612904,-0.42035483870967744
2007,1,1.8012580645161291,0.3054193548387097,-2.2016774193548385,0.1806451612903226,0.029580645161290338,-0.12393548387096774
2007,2,-0.8038571428571428,-3.412892857142857,-6.343785714285715,-0.048107142857142855,-0.17710714285714285,-0.29732142857142857
2007,3,1.2226451612903226,-2.585935483870968,-7.7985483870967744,0.07341935483870968,-0.15687096774193549,-0.36916129032258066
2007,4,0.8012,-0.6180333333333333,-1.7727666666666666,0.06963333333333332,-0.0455,-0.13556666666666667
2007,5,7.8146129032258065,3.9711612903225806,3.3687419354838712,0.7091612903225807,0.40238709677419354,0.25983870967741934
2007,6,0.44836666666666664,0.6530333333333334,0.4137,0.11186666666666667,0.13363333333333333,0.07073333333333333
2007,7,0.33045161290322583,0.05325806451612903,0.14896774193548387,0.3983548387096774,0.3405161290322581,0.1910967741935484
2007,8,0.3259677419354839,0.14225806451612905,0.17125806451612902,0.4336774193548387,0.3253548387096774,0.1955483870967742
2007,9,0.8577666666666667,0.14093333333333333,0.027500000000000004,0.3505666666666667,0.18433333333333335,0.1366
2007,10,0.22541935483870965,-0.0944516129032258,0.018258064516129033,0.1247741935483871,0.049419354838709684,-0.07767741935483871
2007,11,0.5291,0.021700000000000014,-0.2896666666666667,0.07416666666666667,-0.0038666666666666762,-0.08143333333333333
2007,12,-9.844967741935484,-6.840258064516129,-7.917774193548387,-0.6980000000000001,-0.49096774193548387,-0.5290645161290323
2008,1,-5.8311290322580644,-5.151870967741936,-7.7984838709677415,-0.351,-0.2931290322580645,-0.40706451612903227
2008,2,-1.4428620689655174,3.02851724137931,-2.380931034482759,-0.08141379310344826,0.15724137931034482,-0.09817241379310346
2008,3,1.4485161290322581,3.969451612903226,0.4197419354838709,0.0872258064516129,0.20106451612903226,0.02161290322580646
2008,4,5.416733333333333,3.2861666666666665,2.174533333333333,0.2854,0.17146666666666666,0.11813333333333333
2008,5,9.011935483870968,4.981612903225806,4.468548387096774,0.5228387096774194,0.3245806451612903,0.2540322580645161
2008,6,3.795733333333333,2.2230666666666665,2.9558666666666666,0.5011333333333333,0.39513333333333334,0.29943333333333333
2008,7,4.599967741935484,2.3753870967741935,4.058806451612903,0.555,0.531,0.4631290322580645
2008,8,0.7286774193548387,0.12403225806451613,0.11780645161290322,0.23561290322580647,0.15345161290322581,0.12090322580645162
2008,9,2.0545999999999998,0.7481333333333333,0.22290000000000001,0.4512,0.32989999999999997,0.1655
2008,10,-0.5054838709677419,-0.21248387096774196,-0.3803870967741936,-0.08909677419354838,0.015580645161290325,-0.08780645161290324
2008,11,-0.9662,-0.9589,-2.069733333333333,-0.5222,-0.39849999999999997,-0.44453333333333334
2008,12,-0.7730645161290323,-1.2632258064516129,-2.2038387096774197,0.026806451612903216,-0.05709677419354838,-0.10580645161290322
2009,1,-0.26658064516129043,-1.539483870967742,-2.1929032258064516,-0.03438709677419355,-0.08803225806451613,-0.08790322580645162
2009,2,-0.1573214285714285,2.1484285714285716,-1.4396428571428572,0.0061428571428571435,0.11739285714285715,-0.05453571428571428
2009,3,1.4569354838709676,0.2981935483870969,0.4492903225806452,0.08045161290322579,0.015096774193548395,0.019032258064516135
2009,4,5.263366666666666,2.6024666666666665,3.720666666666667,0.2871666666666667,0.16273333333333334,0.2029
2009,5,4.097096774193548,2.347677419354839,1.107,0.24703225806451615,0.2848709677419355,0.19716129032258065
2009,6,2.677166666666667,0.8547333333333333,0.45276666666666665,0.29136666666666666,0.3518,0.22666666666666666
2009,7,4.404612903225806,1.4590967741935483,1.0744193548387098,0.42574193548387096,0.40851612903225804,0.25767741935483873
2009,8,1.3898709677419354,0.4493548387096774,0.3721290322580645,0.27841935483870967,0.22016129032258064,0.13203225806451613
2009,9,-0.01926666666666667,-0.0153,-0.0026000000000000003,0.11873333333333333,0.12153333333333334,0.03779999999999999
2009,10,-0.02432258064516131,0.05190322580645161,-0.021709677419354836,0.002645161290322578,0.01712903225806452,-0.024032258064516133
2009,11,-1.7664666666666666,-0.6728333333333333,-1.0215666666666667,-0.7772,-0.4385666666666667,-0.5248
2009,12,-4.264096774193549,-2.847483870967742,-6.465419354838709,-0.25025806451612903,-0.1800967741935484,-0.28977419354838707
2010,1,-8.930967741935484,-4.712483870967742,-13.859548387096774,-0.9246129032258065,-0.45229032258064517,-0.8097741935483871
2010,2,-1.298857142857143,-1.79,-5.363,-0.15675,-0.20092857142857143,-0.45207142857142857
2010,3,-1.2954193548387098,-0.26280645161290334,-2.775,-0.12125806451612903,-0.03277419354838709,-0.256741935483871
2010,4,0.5042999999999999,0.9301666666666667,-0.07589999999999997,0.0495,0.08973333333333335,-0.009099999999999997
2010,5,1.0758064516129033,0.29861290322580647,0.2783225806451613,0.14193548387096774,0.08835483870967742,0.04951612903225806
2010,6,0.4454,0.26493333333333335,0.1931,0.23316666666666666,0.23213333333333333,0.12353333333333334
2010,7,6.27841935483871,4.263032258064516,3.7465806451612904,0.8480967741935483,0.9064516129032258,0.5756451612903226
2010,8,2.7380967741935485,2.198967741935484,1.4209677419354838,0.26603225806451614,0.21451612903225806,0.20719354838709678
2010,9,-0.07766666666666666,0.10413333333333334,-0.05056666666666667,-0.09443333333333333,-0.025433333333333336,-0.055999999999999994
2010,10,-0.03851612903225807,0.013709677419354837,-0.004870967741935484,-0.27422580645161293,-0.19712903225806452,-0.3033225806451613
2010,11,-1.0120333333333333,-0.5496666666666666,-1.0709333333333333,-0.19566666666666668,-0.13076666666666667,-0.1497
2010,12,-8.80841935483871,-5.526322580645162,-7.981645161290323,-1.1393548387096775,-0.623,-0.8100322580645162
2011,1,-0.523516129032258,-2.075290322580645,-3.826451612903226,-0.046612903225806454,-0.15641935483870967,-0.1980967741935484
2011,2,1.7177857142857145,0.6082142857142857,-0.0661071428571431,0.17482142857142857,0.03453571428571429,-3.571428571428053e-5
2011,3,-8.50125806451613,-3.8738709677419356,-10.181161290322581,-0.6200322580645161,-0.23441935483870968,-0.5806774193548387
2011,4,3.0391666666666666,1.7869,1.4691333333333334,0.24486666666666668,0.13783333333333334,0.10563333333333333
2011,5,0.7233548387096774,0.7729354838709678,0.2880967741935484,0.06829032258064516,0.08006451612903226,0.028741935483870964
2011,6,0.8966333333333333,0.5075666666666667,0.38953333333333334,0.2364,0.19816666666666666,0.1082
2011,7,2.633258064516129,2.5831290322580647,2.717516129032258,0.5494193548387096,0.4399032258064516,0.26661290322580644
2011,8,2.1863225806451614,1.7170645161290323,2.309064516129032,0.3704516129032258,0.39961290322580645,0.24645161290322581
2011,9,0.5650000000000001,0.4284,0.1764,0.007033333333333339,0.1165,-0.10033333333333333
2011,10,0.014419354838709677,-3.2258064516129034e-5,6.451612903225807e-5,0.07345161290322581,-0.05245161290322581,-0.09567741935483871
2011,11,-1.4811999999999999,-0.9276333333333333,-1.9697,-0.3317333333333333,-0.26066666666666666,-0.40646666666666664
2011,12,2.959322580645161,-0.42377419354838713,-2.2515806451612903,0.4595161290322581,0.04922580645161291,-0.05790322580645161
2012,1,-10.307548387096775,-7.125032258064516,-10.663516129032258,-0.6099032258064516,-0.39106451612903226,-0.5510322580645162
2012,2,0.7885862068965517,0.819655172413793,-1.7174827586206896,0.05227586206896551,0.0406551724137931,-0.08475862068965517
2012,3,-14.123903225806451,-5.868161290322581,-8.769258064516128,-0.6690645161290323,-0.2730967741935484,-0.39025806451612904
2012,4,-4.231433333333333,-1.4478666666666666,-3.6527333333333334,-0.2727333333333333,-0.0812,-0.25020000000000003
2012,5,4.476,2.982548387096774,1.5982258064516128,0.5025483870967742,0.31870967741935485,0.1207741935483871
2012,6,0.8134666666666667,0.3292,0.004200000000000035,0.18703333333333333,0.03476666666666667,-0.009933333333333336
2012,7,2.5103870967741937,2.64241935483871,2.6628387096774193,0.4687096774193548,0.346258064516129,0.20616129032258065
2012,8,2.2715483870967743,2.5965806451612905,2.0093870967741934,0.4980322580645161,0.4370322580645161,0.2773225806451613
2012,9,2.0274666666666668,1.1315666666666666,0.6385666666666666,0.4969,0.49073333333333335,0.3171333333333333
2012,10,0.08512903225806452,0.3260645161290322,-0.19674193548387095,-0.18932258064516128,-0.1295806451612903,-0.09999999999999999
2012,11,-1.2477666666666667,-1.5540666666666667,-2.0815,-0.6190666666666667,-0.6709,-0.6148
2012,12,-0.892516129032258,-3.985225806451613,-1.1960322580645162,-0.16174193548387097,-0.6872903225806452,-0.18138709677419354
2013,1,1.117,1.958032258064516,2.2108709677419354,0.0549032258064516,0.10070967741935484,0.12932258064516128
2013,2,1.2111785714285714,0.05278571428571433,0.8294642857142857,0.07246428571428572,-0.0025000000000000022,0.04321428571428571
2013,3,0.7407096774193549,0.4219032258064515,0.7656774193548388,0.06583870967741937,0.05596774193548387,0.05467741935483871
2013,4,3.0906000000000002,1.1810333333333334,2.283333333333333,0.34896666666666665,0.18309999999999998,0.22626666666666667
2013,5,3.424193548387097,1.6928387096774193,1.9458387096774195,0.3275483870967742,0.1800967741935484,0.13316129032258064
2013,6,1.5685,0.40273333333333333,0.8740333333333333,0.4689,0.2499,0.16246666666666668
2013,7,4.311258064516129,2.5783548387096773,5.778354838709678,1.4344516129032259,1.0023225806451612,0.8076451612903226
2013,8,2.8611935483870967,2.1931935483870966,1.9065483870967743,0.33525806451612905,0.20803225806451614,0.13851612903225807
2013,9,0.9118333333333334,0.5659666666666666,0.6369333333333334,0.0022000000000000114,0.014133333333333336,0.09109999999999999
2013,10,0.3833548387096774,0.10209677419354839,0.07783870967741936,0.5709677419354838,0.38325806451612904,0.3684193548387097
2013,11,-0.0015000000000000128,0.5624,-0.07586666666666667,0.032966666666666665,0.16526666666666667,0.06586666666666667
2013,12,0.7197096774193549,2.63441935483871,2.5343870967741937,0.07264516129032259,0.2737741935483871,0.18674193548387097
2014,1,-2.085516129032258,2.0332580645161293,-1.3579032258064516,-0.15061290322580645,0.12993548387096773,-0.08312903225806452
2014,2,-4.1075357142857145,-2.721285714285714,-4.142571428571428,-0.23932142857142857,-0.15057142857142858,-0.20617857142857143
2014,3,-2.7920322580645163,-0.7103870967741935,-0.8670967741935484,-0.19616129032258064,-0.0604516129032258,-0.054419354838709674
2014,4,2.4492333333333334,0.3256,1.2016666666666667,0.22816666666666666,0.03919999999999999,0.1625
2014,5,0.8309354838709677,-0.008354838709677423,0.06745161290322581,0.3034516129032258,0.16370967741935483,0.25006451612903224
2014,6,2.1215,0.5673,1.9078666666666666,0.6770333333333334,0.4815666666666667,0.43556666666666666
2014,7,1.483032258064516,1.1762903225806451,3.1363548387096776,0.9021612903225806,0.7402258064516128,0.6299677419354839
2014,8,1.7136451612903225,1.4681612903225807,4.326548387096774,0.7632258064516129,0.6511612903225806,0.5345161290322581
2014,9,0.4548,0.3868,1.0594333333333334,0.2362,0.07246666666666667,0.014166666666666666
2014,10,0.027,-0.0040967741935483875,0.0038064516129032258,-0.4756774193548387,-0.33470967741935487,-0.28106451612903227
2014,11,-0.0070999999999999995,-0.029466666666666665,-0.27323333333333333,-0.16246666666666668,-0.0474,-0.4721
2014,12,-0.23509677419354838,-0.08880645161290322,-0.6870967741935484,-0.5799032258064516,-0.21293548387096772,-0.4254193548387097
2015,1,-0.1884516129032258,-0.8839354838709678,-0.5141935483870967,-0.10338709677419355,-0.23093548387096777,-0.06035483870967742
2015,2,-0.6650357142857143,-0.5490714285714285,-0.12278571428571428,-0.35960714285714285,-0.21210714285714288,-0.02150000000000001
2015,3,0.26283870967741935,0.062096774193548386,0.04103225806451613,0.054806451612903234,-0.0016451612903225859,0.027774193548387095
2015,4,1.2215333333333334,0.3659,0.45330000000000004,0.3858333333333333,0.2719333333333333,0.25666666666666665
2015,5,3.408483870967742,2.4643225806451614,4.409935483870968,0.6618064516129032,0.474258064516129,0.5012580645161291
2015,6,6.524533333333333,4.252533333333333,6.916933333333334,0.9043,0.6801,0.6821
2015,7,3.720258064516129,2.915548387096774,3.238677419354839,0.43174193548387096,0.3937741935483871,0.35461290322580646
2015,8,2.636548387096774,1.7209677419354839,4.356419354838709,0.47335483870967743,0.4230645161290323,0.4057741935483871
2015,9,0.7691,0.5936,0.7129333333333333,0.4207666666666667,0.36356666666666665,0.28376666666666667
2015,10,-0.02629032258064515,-0.007064516129032259,9.677419354838701e-4,0.052645161290322574,-0.026999999999999996,0.010129032258064516
2015,11,-0.002766666666666666,0.004033333333333332,-0.0356,-0.14846666666666666,-0.004199999999999998,0.10313333333333333
2015,12,-1.4238064516129032,-1.1585806451612903,-0.6363225806451613,-0.9648064516129032,-0.6356774193548387,-0.15170967741935484
2016,1,-2.9605806451612904,-4.565322580645161,-4.931225806451613,-0.7935161290322581,-0.8802258064516129,-0.6801290322580645
2016,2,-1.8402068965517242,-1.8143448275862069,-1.1631724137931034,-0.41613793103448277,-0.3566206896551724,-0.15762068965517242
2016,3,-2.274032258064516,-2.4758064516129035,-1.3738387096774194,-0.5391612903225806,-0.5412903225806451,-0.23074193548387098
2016,4,1.4213666666666667,0.5474,0.734,0.18636666666666665,0.09643333333333334,0.12586666666666665
2016,5,4.898193548387097,1.9027096774193548,2.5655483870967744,0.6835483870967742,0.5570967741935484,0.6052903225806452
2016,6,4.1303,3.060966666666667,4.584,0.5500666666666667,0.415,0.41233333333333333
2016,7,3.4078387096774194,1.7505806451612902,2.9589354838709676,0.6655161290322581,0.4825483870967742,0.48812903225806453
2016,8,2.2774193548387096,1.0561290322580645,3.8635483870967744,0.7042903225806452,0.5542903225806451,0.49316129032258066
2016,9,2.8638,0.9325333333333333,1.4352333333333334,0.5301,0.3952333333333333,0.3139
2016,10,-0.2487741935483871,-0.010225806451612902,-0.007451612903225807,-1.023741935483871,-0.6730322580645162,-0.38112903225806455
2016,11,0,9.999999999999998e-5,0,-0.6475666666666666,-0.6113,-0.36446666666666666
2016,12,-0.01435483870967742,0.17961290322580645,0.13348387096774192,0.02151612903225807,0.031129032258064515,0.04558064516129032
2017,1,-3.5183225806451612,-2.5770645161290324,-4.457774193548387,-0.39319354838709675,-0.23816129032258065,-0.3122258064516129
2017,2,-0.27507142857142863,-3.303464285714286,-0.037285714285714214,-0.05996428571428571,-0.28996428571428573,-0.010000000000000009
2017,3,-4.110354838709677,-3.212967741935484,-1.7553870967741936,-0.4748709677419355,-0.2837096774193548,-0.164
2017,4,-2.1756333333333333,-2.158166666666667,-1.0424,-0.2848,-0.247,-0.12166666666666666
2017,5,5.191290322580645,1.4524193548387097,2.195,0.5055483870967742,0.2936451612903226,0.38483870967741934
2017,6,4.7324,2.5721333333333334,3.013,0.42273333333333335,0.31396666666666667,0.3264
2017,7,2.4506774193548386,1.6361290322580646,3.9530967741935483,0.9980967741935484,0.7263548387096774,0.6617741935483871
2017,8,5.314838709677419,1.2875806451612903,3.2695806451612905,0.6798064516129032,0.6209677419354839,0.47477419354838707
2017,9,2.951033333333333,1.4961333333333333,2.6876333333333333,0.32343333333333335,0.23033333333333333,0.2591333333333333
2017,10,1.1595483870967742,0.3952258064516129,0.5168709677419355,0.18048387096774193,0.18283870967741936,0.2177741935483871
2017,11,-1.2900333333333334,-0.8414333333333334,-0.809,-0.7843666666666667,-0.6009333333333333,-0.44156666666666666
2017,12,0.07661290322580647,0.30593548387096775,0.03577419354838709,0.10861290322580644,0.11738709677419354,0.017354838709677425
2018,1,-2.818806451612903,-3.149193548387097,-3.049,-0.6355161290322581,-0.563741935483871,-0.4329677419354839
2018,2,3.1671428571428573,1.767607142857143,5.268142857142857,0.41125,0.1215357142857143,0.4369642857142857
2018,3,0.23854838709677414,-5.532709677419355,1.2426129032258064,0.03703225806451613,-0.3885483870967742,0.06835483870967742
2018,4,-0.29706666666666665,-2.0437333333333334,1.2732,-0.02933333333333333,-0.17796666666666666,0.11613333333333332
2018,5,5.112903225806452,1.366483870967742,2.625064516129032,0.6022580645161291,0.3778064516129032,0.43474193548387097
2018,6,1.7902,1.2433,0.9344333333333333,0.43893333333333334,0.2712,0.20493333333333333
2018,7,4.541483870967742,2.3863870967741936,5.457129032258065,0.8050645161290323,0.6609354838709678,0.5682903225806452
2018,8,3.214483870967742,1.4401612903225807,4.164516129032258,0.5409032258064516,0.4306451612903226,0.4472258064516129
2018,9,2.2146666666666666,0.5594666666666667,0.7141666666666667,0.3998333333333333,0.36446666666666666,0.2624666666666667
2018,10,0.9235806451612903,0.4048709677419355,0.23619354838709677,0.1592258064516129,0.05574193548387098,0.07896774193548388
2018,11,-0.15843333333333331,-0.15633333333333332,-0.1671,-0.094,-0.12733333333333333,-0.12966666666666665
2018,12,-2.679,-2.5450322580645164,-2.0902903225806453,-0.6098709677419355,-0.473258064516129,-0.35835483870967744
2019,1,-1.6010322580645162,-2.208290322580645,-2.059451612903226,-0.3365483870967742,-0.37709677419354837,-0.26870967741935486
2019,2,1.3373214285714285,0.14864285714285713,4.340642857142857,0.22642857142857142,0.01510714285714285,0.37925
2019,3,1.3071935483870967,1.0218709677419355,0.7157741935483871,0.1297741935483871,0.07316129032258065,0.03538709677419355
2019,4,1.3655333333333335,-0.0537,0.6851999999999999,0.22426666666666667,0.11946666666666667,0.2013
2019,5,4.002870967741935,3.1093548387096774,5.180258064516129,0.5503548387096774,0.45996774193548384,0.49332258064516127
2019,6,7.322733333333333,4.3345666666666665,4.3606,0.7536,0.5423666666666667,0.5327999999999999
2019,7,3.0551612903225807,1.5136774193548388,2.8829354838709675,0.4210322580645161,0.2756774193548387,0.24754838709677418
2019,8,2.045741935483871,1.6021935483870968,3.013483870967742,0.4883225806451613,0.3840967741935484,0.27916129032258064
2019,9,0.9093333333333333,0.8720333333333333,1.2139666666666666,0.20536666666666667,0.22823333333333334,0.20036666666666667
2019,10,0.5163225806451613,0.13516129032258065,0.1309032258064516,0.3231612903225806,0.17119354838709677,0.14574193548387096
2019,11,1.9353,0.8966999999999999,0.33003333333333335,0.4555666666666667,0.3308333333333333,0.17473333333333335
2019,12,-2.813064516129032,-2.533451612903226,-2.4170967741935483,-0.3432903225806452,-0.2460967741935484,-0.216
2020,1,-9.027354838709677,-4.787903225806452,-4.131161290322581,-0.9931290322580645,-0.42461290322580647,-0.323741935483871
2020,2,1.9778620689655173,0.30999999999999994,2.673,0.21582758620689654,0.03624137931034483,0.26268965517241377
2020,3,3.2683548387096772,2.243225806451613,2.263967741935484,0.2604516129032258,0.16983870967741935,0.18083870967741936
2020,4,5.552366666666667,4.140066666666667,3.6154333333333333,0.39616666666666667,0.3123666666666667,0.2672
2020,5,0.9143225806451613,-0.01787096774193549,0.3143870967741935,0.1496451612903226,0.1416451612903226,0.18806451612903224
2020,6,4.5423,1.2742666666666667,1.8086666666666666,0.4669333333333333,0.3402,0.35096666666666665
2020,7,7.678290322580645,3.2288709677419356,3.6249032258064515,0.7711612903225806,0.5891290322580646,0.5338387096774193
2020,8,5.3868709677419355,2.8596451612903224,2.8246451612903227,0.5751612903225807,0.4737096774193548,0.4417741935483871
2020,9,-0.36896666666666667,-0.4581666666666667,-0.108,0.06643333333333334,0.15113333333333334,0.024733333333333333
2020,10,1.419258064516129,0.8856774193548387,0.6247741935483871,0.3466451612903226,0.24538709677419354,0.17651612903225808
2020,11,-0.5295333333333333,-0.32123333333333337,-0.0022999999999999956,-0.2199,-0.055133333333333326,0.09326666666666668
2020,12,-2.3411612903225807,-0.8916129032258064,-1.0775161290322581,-0.3259677419354839,-0.10951612903225806,-0.12948387096774194
2021,1,-4.391870967741935,-2.280548387096774,-1.6801935483870967,-0.5228709677419354,-0.26048387096774195,-0.18393548387096773
2021,2,0.1652142857142857,2.0923214285714287,3.763678571428571,0.01467857142857143,0.15957142857142856,0.29314285714285715
2021,3,-0.3470322580645162,0.780483870967742,1.1716451612903227,-0.039129032258064515,0.05970967741935484,0.07574193548387097
2021,4,8.1486,6.5862,5.619866666666667,0.5501666666666667,0.4094,0.2798
2021,5,10.955387096774194,7.313354838709677,7.621774193548387,0.519774193548387,0.442,0.39229032258064517
2021,6,3.5693333333333332,1.0184,1.2090333333333334,0.3734,0.28833333333333333,0.2799333333333333
2021,7,8.844096774193549,3.6225483870967743,4.478451612903226,0.9353870967741935,0.7476774193548387,0.7149354838709677
2021,8,5.996483870967742,3.117225806451613,4.07941935483871,0.6156451612903225,0.5722903225806452,0.5665161290322581
2021,9,2.189233333333333,0.6166333333333334,0.7655333333333334,0.3100333333333333,0.20156666666666667,0.16306666666666667
2021,10,-0.0635483870967742,-0.24458064516129033,0.21467741935483872,-0.3686774193548387,-0.25741935483870965,-0.12503225806451615
2021,11,-0.22499999999999998,-0.2289,-0.14326666666666665,-0.2951666666666667,-0.3861,-0.16493333333333335
2021,12,-0.175741935483871,1.103258064516129,2.320193548387097,-0.09406451612903224,0.0991290322580645,0.3525161290322581
2022,1,-2.045903225806452,-2.181741935483871,-0.37135483870967734,-0.1994516129032258,-0.14587096774193548,5.806451612903198e-4
2022,2,2.7336428571428573,1.545607142857143,3.3760714285714286,0.30639285714285713,0.15839285714285714,0.22557142857142856
2022,3,0.27741935483870955,-0.2835483870967741,0.08341935483870967,0.022516129032258064,-0.045741935483870955,-0.009483870967741939
2022,4,0.0883333333333333,-0.7817666666666667,-0.20670000000000005,0.009533333333333333,-0.03483333333333333,-4.000000000000094e-4
2022,5,3.0093548387096773,1.5778709677419356,1.0252258064516129,0.13351612903225807,0.11874193548387096,0.11458064516129032
2022,6,3.4449,0.9493666666666667,0.9672,0.2323,0.13736666666666666,0.20653333333333332
2022,7,6.518258064516129,2.591064516129032,3.5382580645161292,0.6990967741935484,0.572741935483871,0.421
2022,8,4.898354838709677,3.6117096774193547,3.1660645161290324,0.39470967741935487,0.4999677419354839,0.36670967741935484
2022,9,3.080433333333333,2.6078,2.5244999999999997,0.3263,0.35383333333333333,0.2252
2022,10,5.021193548387097,3.9846451612903224,2.5610645161290324,0.35716129032258065,0.32461290322580644,0.2550322580645161
2022,11,0.10926666666666668,-0.022433333333333333,0.24033333333333334,-0.0041666666666666675,-0.015566666666666668,0.03646666666666667
2022,12,-5.27258064516129,-3.661451612903226,-2.831,-0.5089677419354839,-0.30448387096774193,-0.19461290322580646
2023,1,-4.323709677419354,-5.558225806451613,-3.6690645161290325,-0.4385806451612903,-0.5569032258064516,-0.253
2023,2,2.520785714285714,1.541785714285714,4.51625,0.19771428571428573,0.12357142857142858,0.29628571428571426
2023,3,0.9303548387096773,-1.2405806451612902,4.793129032258064,0.046,-0.06558064516129034,0.2674193548387097
2023,4,-2.557166666666667,-5.132533333333333,1.5452666666666666,-0.16503333333333334,-0.3136,0.10013333333333332
2023,5,7.280516129032258,2.2049354838709676,4.790806451612903,0.5498709677419354,0.429,0.5305806451612903
2023,6,6.983366666666667,2.7851666666666666,3.6910666666666665,0.7099333333333333,0.6652333333333333,0.5841666666666666
2023,7,5.108548387096774,2.3805806451612903,3.703,0.5374516129032259,0.5538387096774193,0.454741935483871
2023,8,5.300387096774194,2.479967741935484,1.740709677419355,0.6035806451612903,0.5795806451612904,0.4760322580645161
2023,9,1.7500333333333333,2.1673666666666667,1.1379,0.008933333333333321,0.1333,0.03503333333333333
2023,10,0.07603225806451613,0.011419354838709678,0,0.11980645161290324,0.09064516129032259,0.019161290322580647
2023,11,0.007866666666666666,0.022433333333333333,0.055900000000000005,-2.3333333333334298e-4,-0.03476666666666667,-0.018933333333333337
2023,12,-0.9022258064516129,-1.5381935483870968,-0.5269999999999999,-0.44093548387096776,-0.524483870967742,-0.04370967741935484
2024,1,-2.0758709677419356,-4.33641935483871,0.10512903225806454,-0.38867741935483874,-0.5688387096774193,0.11229032258064517
2024,2,-0.5399310344827586,-2.6270344827586207,-0.005862068965517233,-0.07310344827586206,-0.4251379310344828,0.07272413793103448
2024,3,-1.340516129032258,-1.3391612903225807,0.9345483870967741,-0.2384516129032258,-0.171,0.10806451612903226
2024,4,2.874833333333333,1.8832333333333333,2.2559,0.41623333333333334,0.34403333333333336,0.34076666666666666
2024,5,3.6043548387096775,1.1443548387096774,3.12358064516129,0.5897741935483871,0.36648387096774193,0.43416129032258066
2024,6,3.4114666666666666,1.2398,2.2633666666666667,0.4549,0.3015,0.31876666666666664
2024,7,7.016258064516129,5.834032258064516,5.940935483870968,0.6898064516129032,0.49874193548387097,0.5343870967741936
2024,8,1.0650967741935484,2.492516129032258,0.6454193548387097,0.1774193548387097,0.3570967741935484,0.0647741935483871
2024,9,1.8853333333333333,3.1360333333333332,0.6174333333333334,0.37546666666666667,0.41013333333333335,0.11220000000000001
2024,10,0.6538064516129033,0.5835483870967741,-0.008451612903225804,0.03516129032258064,0.06287096774193549,-0.11348387096774194
2024,11,-0.9898666666666667,-0.22553333333333334,-0.524,-0.5280666666666667,-0.2779,-0.3914
2024,12,-6.3222903225806455,2.312774193548387,-4.462032258064516,-1.3618387096774194,0.39296774193548384,-0.8443225806451613
2025,1,0.4387741935483872,6.3751612903225805,-1.5508064516129032,0.08851612903225807,0.5628709677419355,-0.26722580645161287
2025,2,-6.864857142857143,0.07674999999999972,-7.862035714285715,-0.5456428571428571,-0.028749999999999998,-0.4806785714285714
2025,3,-3.5759032258064516,-1.2173548387096773,-3.1792258064516132,-0.3070322580645161,-0.09541935483870967,-0.26929032258064517
2025,4,2.7563666666666666,4.6526,1.2778666666666667,0.3978,0.6676333333333333,0.13176666666666667
2025,5,1.1569354838709678,1.595225806451613,0.48893548387096775,0.17616129032258065,0.33780645161290324,0.028387096774193547
2025,6,4.273633333333334,2.8514666666666666,1.5687666666666666,0.6524333333333333,0.7217,0.2996666666666667
2025,7,4.09641935483871,4.134516129032258,1.5820645161290323,0.4009354838709677,0.6214193548387097,0.20874193548387096
2025,8,1.1262258064516129,2.0059032258064518,0.6886774193548387,0.21474193548387097,0.40358064516129033,0.1301935483870968
2025,9,0.6221666666666666,2.1058666666666666,-0.04436666666666667,0.1764,0.3547,0.00353333333333333
2025,10,-0.03906451612903226,-0.010935483870967742,-0.010483870967741934,0.024064516129032258,0.21093548387096775,0.022419354838709674
2025,11,-0.13776666666666668,0.0134,-0.15136666666666668,-0.37933333333333336,-0.012899999999999997,-0.3942333333333333
2025,12,-0.496258064516129,0.3251935483870968,-1.059,-0.4704516129032258,0.11667741935483872,-0.4541935483870968
2026,1,-2.3626774193548385,0.9100967741935484,-4.853645161290323,-0.5185806451612903,0.22551612903225807,-0.45680645161290323
2026,2,0.19628571428571426,1.9199285714285714,-1.2977142857142856,-0.010214285714285705,0.28575,-0.14460714285714285
2026,3,1.5769032258064517,3.3223870967741935,-0.5517096774193548,0.19038709677419355,0.31593548387096776,-0.05238709677419355
2026,4,1.2937333333333334,3.5645666666666664,2.1998333333333333,0.30883333333333335,0.4427,0.22846666666666668
2026,5,2.6663548387096774,2.2051935483870966,1.9332903225806453,0.5794838709677419,0.6562258064516129,0.33538709677419354
2026,6,3.9157333333333333,2.1676,2.6440333333333332,0.5432,0.7714333333333333,0.35523333333333335
2026,7,2.78058064516129,1.2544516129032257,1.2971935483870967,0.3804193548387097,0.45387096774193547,0.15561290322580645
2026,8,2.5684193548387095,4.404,0.21022580645161287,0.37458064516129036,0.5476774193548387,0.15293548387096775
