response,beach,predictor,n,estimate,se,p,q_bh
log_pre_next,Kalaloch,beuti_larval,27,-0.22737605862814825,0.42107666442752084,0.5946302423279795,0.8988554013072008
log_pre_next,Kalaloch,sst_larval,27,0.08915772308136208,0.31658813021666854,0.7808664873619273,0.9480128450727696
log_pre_next,Kalaloch,pdo_larval,27,0.33570843782350446,0.33472874559316534,0.32680046624931736,0.7780963482126604
log_pre_next,Kalaloch,q_freshet,27,-0.04527416398281064,0.3063531620635168,0.8838591589118926,0.9480128450727696
log_pre_next,Kalaloch,cuti_winter,27,0.259013631337481,0.3566334758046283,0.4753275556492166,0.8487992065164582
log_pre_next,Mocrocks,beuti_larval,27,-0.5845110298375397,0.15277662520430174,9.212593115917733e-4,0.046062965579588666
log_pre_next,Mocrocks,sst_larval,27,0.002997191946290264,0.15752060475421398,0.9849908401438422,0.9849908401438422
log_pre_next,Mocrocks,pdo_larval,27,-0.1976378229516585,0.1496460580090597,0.2001754188825401,0.6634249398270223
log_pre_next,Mocrocks,q_freshet,27,0.0329943298304426,0.14983545848641844,0.8277430526780876,0.9480128450727696
log_pre_next,Mocrocks,cuti_winter,27,-0.039022225208618824,0.1866435183577593,0.8363145987649174,0.9480128450727696
log_pre_next,Copalis,beuti_larval,27,-0.5601630262749204,0.18903661584847525,0.0071798132304075266,0.17949533076018817
log_pre_next,Copalis,sst_larval,27,0.10579741317499,0.17777458778019894,0.5578349593026384,0.8988554013072008
log_pre_next,Copalis,pdo_larval,27,0.01870016271187052,0.19938048421294785,0.9261238691814708,0.9480128450727696
log_pre_next,Copalis,q_freshet,27,-0.03561941795819256,0.21410670470683646,0.8693908493269981,0.9480128450727696
log_pre_next,Copalis,cuti_winter,27,0.041072106689542,0.1976507275176272,0.8372956246375189,0.9480128450727696
log_pre_next,Twin Harbors,beuti_larval,27,-0.12357449380409179,0.15588372444674778,0.4363981999438973,0.8081448147109209
log_pre_next,Twin Harbors,sst_larval,27,-0.06535666211809898,0.1267387906940635,0.6112216728888965,0.8988554013072008
log_pre_next,Twin Harbors,pdo_larval,27,-0.37122777426597015,0.14030395093475376,0.014761270559440258,0.2305320180152048
log_pre_next,Twin Harbors,q_freshet,27,-0.024041821600086378,0.11920457410626588,0.8420159227769822,0.9480128450727696
log_pre_next,Twin Harbors,cuti_winter,27,-0.04130177071908979,0.1630611316481529,0.8023959579613046,0.9480128450727696
log_pre_next,Long Beach,beuti_larval,27,-1.215909841589327,0.569231293593721,0.04405092965627077,0.3670910804689231
log_pre_next,Long Beach,sst_larval,27,0.5190257156172808,0.3103333803866492,0.1085933365284445,0.5678969909953414
log_pre_next,Long Beach,pdo_larval,27,0.05059761741836118,0.37650973839398805,0.894319250286846,0.9480128450727696
log_pre_next,Long Beach,q_freshet,27,-0.2899200260654019,0.3453436946766722,0.4102127076244769,0.8081448147109209
log_pre_next,Long Beach,cuti_winter,27,0.6952876661949626,0.5694701362042781,0.2350338263363405,0.6634249398270223
log_rec_next2,Kalaloch,beuti_larval,26,0.28351202756515176,0.26755842390376655,0.30135069281855664,0.7533767320463916
log_rec_next2,Kalaloch,sst_larval,26,-0.17750216840784452,0.20018940799919108,0.3852979175448945,0.802703994885197
log_rec_next2,Kalaloch,pdo_larval,26,-0.022439197814419883,0.24901602113589227,0.9290525881713142,0.9480128450727696
log_rec_next2,Kalaloch,q_freshet,26,0.2820076428504244,0.1952664148620063,0.16343233357982948,0.6634249398270223
log_rec_next2,Kalaloch,cuti_winter,26,0.04176495510915455,0.2404052020757416,0.8637435153983944,0.9480128450727696
log_rec_next2,Mocrocks,beuti_larval,26,-0.042946966373315805,0.06677097397134504,0.5270572994869918,0.8988554013072008
log_rec_next2,Mocrocks,sst_larval,26,-0.03618210507921291,0.05871227417816417,0.5443450748337892,0.8988554013072008
log_rec_next2,Mocrocks,pdo_larval,26,-0.1733407399439645,0.07342851063098947,0.02798944559003753,0.2798944559003753
log_rec_next2,Mocrocks,q_freshet,26,0.1290756737366282,0.050519181011246646,0.018442561441216383,0.2305320180152048
log_rec_next2,Mocrocks,cuti_winter,26,0.03018219732794728,0.06647132895534084,0.6544412491231382,0.9349160701759117
log_rec_next2,Copalis,beuti_larval,26,0.02639198359906324,0.10174101634133793,0.7978498842742677,0.9480128450727696
log_rec_next2,Copalis,sst_larval,26,-0.09683376492542613,0.083632797149356,0.2599270629646846,0.68401858674917
log_rec_next2,Copalis,pdo_larval,26,-0.14601036833970651,0.12043341270809907,0.23883297833772804,0.6634249398270223
log_rec_next2,Copalis,q_freshet,26,0.09981874781844419,0.10923793434516145,0.37120851522922493,0.802703994885197
log_rec_next2,Copalis,cuti_winter,26,0.05548172514021362,0.09763475464601191,0.5758864592614443,0.8988554013072008
log_rec_next2,Twin Harbors,beuti_larval,26,-0.15645813832702296,0.09132035586405303,0.10138545954950536,0.5678969909953414
log_rec_next2,Twin Harbors,sst_larval,26,0.06195088663142968,0.07551693731913289,0.4212270541329909,0.8081448147109209
log_rec_next2,Twin Harbors,pdo_larval,26,-0.14514747996224817,0.08790555719099495,0.11357939819906829,0.5678969909953414
log_rec_next2,Twin Harbors,q_freshet,26,0.06624049639816142,0.07156351618846049,0.36516002208121023,0.802703994885197
log_rec_next2,Twin Harbors,cuti_winter,26,0.10559773875951094,0.08341811699161053,0.21941831297426834,0.6634249398270223
log_rec_next2,Long Beach,beuti_larval,26,-0.32044714078524783,0.1586778624765747,0.05638158911454007,0.4027256365324291
log_rec_next2,Long Beach,sst_larval,26,0.12098707187214153,0.09893723323844522,0.2349267258157275,0.6634249398270223
log_rec_next2,Long Beach,pdo_larval,26,-0.03177728696734818,0.14370286662741072,0.8271257012284678,0.9480128450727696
log_rec_next2,Long Beach,q_freshet,26,0.12489934092653322,0.10142031803017117,0.23174852995799722,0.6634249398270223
log_rec_next2,Long Beach,cuti_winter,26,0.25403096712275924,0.19749408446319752,0.21234958652416777,0.6634249398270223
