year,beuti,cuti,discharge,pdo,sst_homogenised,sst_naive3,mean_sst_stations,mean_sst_se,oisst,mur,ndbc_wind,ndbc_wave,columbia_beaver
1988,12,12,0,12,0,0,0,NA,12,0,0,0,0
1989,12,12,0,12,0,0,0,NA,12,0,0,0,0
1990,12,12,12,12,11,11,0.9166666666666666,0.46693290060771264,12,0,11,11,0
1991,12,12,12,12,10,10,1.0833333333333333,0.4191450467795613,12,0,10,10,6
1992,12,12,12,12,12,12,2,0.30764005451387483,12,0,12,12,12
1993,12,12,12,12,12,12,1.75,0.3474632660373343,11,0,12,12,12
1994,12,12,12,12,12,12,1.75,0.33296703298047353,9,0,11,12,12
1995,12,12,12,12,12,12,1.5,0.3776223221895532,11,0,10,12,12
1996,12,12,12,12,12,12,1.4166666666666667,0.4005608814019469,11,0,12,12,12
1997,12,12,12,12,11,11,1.4166666666666667,0.353689106271327,12,0,11,12,12
1998,12,12,12,12,8,8,1.1666666666666667,0.33296703298047353,10,0,7,9,12
1999,12,12,12,12,12,12,1.5,0.3582940114470722,12,0,12,12,12
2000,12,12,12,12,12,12,1.6666666666666667,0.36073766987848743,12,0,12,12,12
2001,12,12,12,12,12,12,1.75,0.33296703298047353,12,0,12,12,12
2002,12,12,12,12,12,12,1.6666666666666667,0.3414093591360064,12,7,12,12,12
2003,12,12,12,12,12,12,2,0.30764005451387483,12,12,12,12,12
2004,12,12,12,12,12,12,1.4166666666666667,0.4046483907862976,12,12,12,12,12
2005,12,12,12,12,12,12,1.9166666666666667,0.33215510916199253,12,12,12,12,12
2006,12,12,12,12,12,12,1.3333333333333333,0.4017243126595856,12,12,12,12,12
2007,12,12,12,12,10,10,1.0833333333333333,0.40338562686403867,12,12,8,12,12
2008,12,12,12,12,12,12,2.8333333333333335,0.26329029356436773,12,12,12,12,12
2009,12,12,12,12,12,12,2.8333333333333335,0.26329029356436773,12,12,11,12,12
2010,12,12,12,12,12,12,3,0.25196783574385584,12,12,12,12,12
2011,12,12,12,12,12,12,3.75,0.21373687526094112,12,12,12,12,12
2012,12,12,12,12,12,12,3.6666666666666665,0.2109262037672972,12,12,12,12,12
2013,12,12,12,12,12,12,3.8333333333333335,0.2094889907628395,12,12,12,12,12
2014,12,12,12,12,12,12,3.5,0.22556551569989672,12,12,12,12,12
2015,12,12,12,12,12,12,3.6666666666666665,0.2095740809889408,12,12,12,12,12
2016,12,12,12,12,12,12,4.416666666666667,0.19017824711332632,12,12,12,12,12
2017,12,12,12,12,12,12,5.416666666666667,0.16043273142235656,12,12,12,12,12
2018,12,12,12,12,12,12,5.5,0.1557646629048413,12,12,12,12,12
2019,12,12,12,12,12,12,5.166666666666667,0.16716531658011752,12,12,12,12,12
2020,12,12,12,12,12,12,5.916666666666667,0.15016757777352702,12,12,12,12,12
2021,12,12,12,12,12,12,5.666666666666667,0.15293964367079066,12,12,12,12,12
2022,12,12,12,12,12,12,5.25,0.15559260921787782,12,12,12,12,12
2023,12,12,12,12,12,12,5.833333333333333,0.15218707383431787,12,11,12,12,12
2024,12,12,12,12,12,12,4.416666666666667,0.16830535193895427,12,12,12,12,12
2025,12,12,12,12,12,12,4.5,0.17391789725424348,12,11,12,12,12
