predictor,response,n_beach_years,n_year_classes,year_classes,estimate,se,p_lrt
"beuti_larval, cached",log_pre_next,135,27,1997-2023,-0.3364149298683583,0.16615715155180127,0.051709767074682916
"beuti_larval, cached",log_rec_next2,130,26,1997-2022,-0.04377515486122735,0.10131562803888566,0.6663190728567948
"beuti_larval, current",log_pre_next,135,27,1997-2023,-0.30735808685382515,0.18686735298780027,0.11068674615569249
"beuti_larval, current",log_rec_next2,130,26,1997-2022,-0.07659778551785983,0.10967248656040741,0.48537769891375826
"cuti_winter, cached",log_pre_next,135,27,1997-2023,0.09756918006998107,0.13440589840554196,0.4709371068447672
"cuti_winter, cached",log_rec_next2,130,26,1997-2022,0.03606374816786257,0.07699321617629142,0.6481755431323466
"cuti_winter, current",log_pre_next,135,27,1997-2023,0.09059174222563393,0.13428999983784257,0.500825322225088
"cuti_winter, current",log_rec_next2,130,26,1997-2022,0.0765221288608403,0.07824205933262106,0.3399760283739487
"pdo_larval, cached",log_pre_next,135,27,1997-2023,-0.030988489058938248,0.14148258994374177,0.8266635314836198
"pdo_larval, cached",log_rec_next2,130,26,1997-2022,-0.08186334044934919,0.08611809051289497,0.3468990574624057
"pdo_larval, NCEI",log_pre_next,135,27,1997-2023,0.018157395817767076,0.13677333640542172,0.8944204283580662
"pdo_larval, NCEI",log_rec_next2,130,26,1997-2022,-0.07415179319303393,0.08452912217022483,0.38454928073587047
"pdo_larval, PSL",log_pre_next,135,27,1997-2023,0.0022044776045560205,0.14321349247760645,0.9877191935904579
"pdo_larval, PSL",log_rec_next2,130,26,1997-2022,-0.07117043022711056,0.08816171487899588,0.4229900619718066
"beuti_larval, cached","log_pre_next coastwide index, GLS-AR(1)",NA,27,1997-2023,-0.5749896257316771,0.15747799500953788,0.001265356547934311
"beuti_larval, current","log_pre_next coastwide index, GLS-AR(1)",NA,27,1997-2023,-0.6163696993089937,0.20050965934188317,0.005201563111882447
"cuti_winter, cached","log_pre_next coastwide index, GLS-AR(1)",NA,27,1997-2023,0.11668389184291574,0.17281298188739944,0.5060003122863774
"cuti_winter, current","log_pre_next coastwide index, GLS-AR(1)",NA,27,1997-2023,0.14737309341868712,0.16780500575552085,0.3885213557309749
"pdo_larval, cached","log_pre_next coastwide index, GLS-AR(1)",NA,27,1997-2023,-0.08146616783549217,0.1444792581208644,0.57808042453923
"pdo_larval, NCEI","log_pre_next coastwide index, GLS-AR(1)",NA,27,1997-2023,-0.0320740421584992,0.14265342939316428,0.8240079261834212
"pdo_larval, PSL","log_pre_next coastwide index, GLS-AR(1)",NA,27,1997-2023,-0.04800145870603717,0.14862962333308075,0.7495223295814675
