lat_num,beuti_1988-1998,beuti_1999-2010,beuti_2011-2024,cuti_1988-1998,cuti_1999-2010,cuti_2011-2024,beuti_ratio_last_to_first,cuti_ratio_last_to_first
47,0.1763569844789357,1.1806734417344174,2.1492108013937283,0.15096895787139689,0.2749952574525745,0.2829570267131243,12.186706456473987,1.8742729015468307
46,0.23317960088691797,0.9918509485094851,1.6720778164924506,0.23716186252771618,0.32420528455284553,0.3453879210220674,7.170772272242356,1.4563383730455535
45,0.8178026607538803,2.278009485094851,2.827664924506388,0.418160384331116,0.4785670731707317,0.41612078977932637,3.4576372274207854,0.9951224586828038
44,1.2332978566149297,2.613109756097561,4.716079558652729,0.3120879526977088,0.40563753387533874,0.4553164924506388,3.823958286603284,1.4589364585042555
43,4.451970436067997,7.941747289972899,8.724655052264808,0.7611936437546194,0.945861111111111,0.8225087108013938,1.959728883548128,1.0805512073699608
42,7.2342771618625274,13.109441734417343,16.11101800232288,0.8428152254249816,1.1630562330623306,1.1724535423925668,2.2270390865388072,1.391115759449372
41,7.9180206947524026,13.009323170731708,16.391204413472707,0.7774116777531411,1.0939512195121952,1.0940377468060396,2.070113863725543,1.4072823680344042
40,12.542175166297117,19.19879539295393,21.42084610917538,1.163250554323725,1.5793543360433604,1.3637903600464576,1.7079051938882746,1.1723960542957315
39,14.164242424242424,20.973579945799457,22.0568768873403,1.217309682187731,1.6019126016260163,1.3743240418118468,1.5572224921531599,1.1289847291298398
38,7.655133037694013,11.315353658536585,12.792231126596981,0.6177797487065779,0.8078692411924119,0.7614326364692219,1.6710658147425792,1.2325309109976565
37,5.96780266075388,10.365875338753387,10.16354587688734,0.5990369549150036,0.8791327913279132,0.7713536585365853,1.703063330784372,1.2876562158774185
36,5.518825572801182,9.280325203252033,10.558214285714286,0.6953813747228381,0.912479674796748,0.9272903600464576,1.9131270134263854,1.3334989888333617
35,5.269241685144124,7.142570460704607,8.125605110336817,0.7689704360679971,0.7815528455284553,0.8635807200929152,1.5420824467486096,1.1230350083531067
34,1.4163850702143386,2.8412615176151763,4.674579558652729,0.4789024390243902,0.6677140921409214,0.8193786295005807,3.3003592433696967,1.710951047085501
33,0.14675018477457502,0.36797018970189704,1.104451800232288,0.32144345898004434,0.4370867208672087,0.4727595818815331,7.526067527130215,1.4707394680906625
32,0.23815521064301554,0.5353048780487805,0.7307810685249709,0.28390761271249076,0.4203617886178862,0.5632833914053427,3.068507577692182,1.9840376452877007
31,0.5646917960088692,0.9302086720867209,1.6827485481997677,0.3005558019216556,0.4261260162601626,0.7374558652729384,2.9799415541240446,2.453640424034028
