beach,target_survey_year,doy_used,doy_source,model,fit_log,lwr_log,upr_log,target,year_class,spec,predictor,window,predictor_value,fit,lwr,upr,issued_on,commit,data_through_survey,env_through,index_vintage,status,note
Kalaloch,2025,195,survey date in shell-length file,climatology,14.836036785591276,11.10506412698819,18.567009444194362,pre_recruits,2024,beach mean of log pre-recruits,NA,NA,NA,2774654.4797018413,66507.10925287624,115757662.1238661,2026-10-02,583c5a6,2024,2026-08,current,pseudo-prospective (survey already happened; estimates not in repository),issued under docs/forecast-protocol.md
Kalaloch,2025,195,survey date in shell-length file,trend,15.78469233551695,11.946150104653043,19.62323456638086,pre_recruits,2024,log pre ~ year class,NA,NA,NA,7164811.679567653,154222.2626192543,332860674.79378325,2026-10-02,583c5a6,2024,2026-08,current,pseudo-prospective (survey already happened; estimates not in repository),issued under docs/forecast-protocol.md
Kalaloch,2025,195,survey date in shell-length file,a_priori_beuti,14.07990752425697,10.24095245693185,17.91886259158209,pre_recruits,2024,log pre ~ year class + log spawners + survey doy + BEUTI May-Aug Y,BEUTI May-Aug Y,May Y - Aug Y,2.993325537634409,1302645.19991331,28027.808497702517,60542889.64462859,2026-10-02,583c5a6,2024,2026-08,current,pseudo-prospective (survey already happened; estimates not in repository),issued under docs/forecast-protocol.md
Kalaloch,2025,195,survey date in shell-length file,exploratory_scan,15.13593009388196,11.84481228107869,18.427047906685228,pre_recruits,2024,log pre ~ year class + log spawners + survey doy + x; x = BEUTI [Apr Y-1 - Jul Y-1],BEUTI,Apr Y-1 - Jul Y-1,3.432534946236559,3744992.206470254,139359.51070683432,100638747.62036689,2026-10-02,583c5a6,2024,2026-08,current,pseudo-prospective (survey already happened; estimates not in repository),issued under docs/forecast-protocol.md
Kalaloch,2025,195,survey date in shell-length file,climatology,14.016350596270312,12.025841885083304,16.00685930745732,recruits,NA,beach mean of log recruits,NA,NA,NA,1222429.2143350171,167015.49726430982,8947272.60964815,2026-10-02,583c5a6,2024,2026-08,current,pseudo-prospective (survey already happened; estimates not in repository),issued under docs/forecast-protocol.md
Kalaloch,2025,195,survey date in shell-length file,persistence,12.230946559620968,9.48759233328531,14.974300785956626,recruits,NA,log recruits at T-1 (interval from year-to-year changes),NA,NA,NA,205037.17017698922,13194.98791797588,3186076.5175021575,2026-10-02,583c5a6,2024,2026-08,current,pseudo-prospective (survey already happened; estimates not in repository),issued under docs/forecast-protocol.md
Kalaloch,2025,195,survey date in shell-length file,carry_over,13.489295980892368,11.525533685245968,15.45305827653877,recruits,NA,log rec_T ~ log pre_(T-1) + log rec_(T-1),"pre, rec at T-1",NA,NA,721650.3212040755,101268.80389895529,5142543.0739122,2026-10-02,583c5a6,2024,2026-08,current,pseudo-prospective (survey already happened; estimates not in repository),issued under docs/forecast-protocol.md
Kalaloch,2025,195,survey date in shell-length file,carry_over_escapement,13.500289515686529,11.540413384977771,15.460165646395286,recruits,NA,log rec_T ~ log pre_(T-1) + log(rec_(T-1) - harvest between the surveys),"pre, escapement at T-1",NA,0,729627.57790133,102786.91983800927,5179223.224833934,2026-10-02,583c5a6,2024,2026-08,current,pseudo-prospective (survey already happened; estimates not in repository),issued under docs/forecast-protocol.md
Mocrocks,2025,193,survey date in shell-length file,climatology,15.682622407671627,14.112157238690484,17.25308757665277,pre_recruits,2024,beach mean of log pre-recruits,NA,NA,NA,6469584.258886351,1345339.8809560451,31111484.22440741,2026-10-02,583c5a6,2024,2026-08,current,pseudo-prospective (survey already happened; estimates not in repository),issued under docs/forecast-protocol.md
Mocrocks,2025,193,survey date in shell-length file,trend,16.00599389964487,14.362630485907545,17.649357313382197,pre_recruits,2024,log pre ~ year class,NA,NA,NA,8939532.919508856,1728268.3058938312,46240070.79598194,2026-10-02,583c5a6,2024,2026-08,current,pseudo-prospective (survey already happened; estimates not in repository),issued under docs/forecast-protocol.md
Mocrocks,2025,193,survey date in shell-length file,a_priori_beuti,16.44732217540935,15.011034607304985,17.883609743513716,pre_recruits,2024,log pre ~ year class + log spawners + survey doy + BEUTI May-Aug Y,BEUTI May-Aug Y,May Y - Aug Y,2.993325537634409,13898926.646031361,3305289.4514768105,58445762.3901735,2026-10-02,583c5a6,2024,2026-08,current,pseudo-prospective (survey already happened; estimates not in repository),issued under docs/forecast-protocol.md
Mocrocks,2025,193,survey date in shell-length file,exploratory_scan,16.2258567937159,14.785000730166415,17.666712857265384,pre_recruits,2024,log pre ~ year class + log spawners + survey doy + x; x = BEUTI [Apr Y-1 - Jul Y-1],BEUTI,Apr Y-1 - Jul Y-1,3.432534946236559,11137816.787913106,2636599.9047143534,47049596.937066875,2026-10-02,583c5a6,2024,2026-08,current,pseudo-prospective (survey already happened; estimates not in repository),issued under docs/forecast-protocol.md
Mocrocks,2025,193,survey date in shell-length file,climatology,15.538386568316842,14.588841453742738,16.487931682890945,recruits,NA,beach mean of log recruits,NA,NA,NA,5600612.744144555,2166972.2045551958,14474972.518769773,2026-10-02,583c5a6,2024,2026-08,current,pseudo-prospective (survey already happened; estimates not in repository),issued under docs/forecast-protocol.md
Mocrocks,2025,193,survey date in shell-length file,persistence,16.034797324817998,15.202096360637375,16.86749828899862,recruits,NA,log recruits at T-1 (interval from year-to-year changes),NA,NA,NA,9200766.233654903,4001165.936105704,21157357.789753933,2026-10-02,583c5a6,2024,2026-08,current,pseudo-prospective (survey already happened; estimates not in repository),issued under docs/forecast-protocol.md
Mocrocks,2025,193,survey date in shell-length file,carry_over,15.740953056405058,15.045827157454317,16.436078955355796,recruits,NA,log rec_T ~ log pre_(T-1) + log rec_(T-1),"pre, rec at T-1",NA,NA,6858182.729729928,3422312.8672981565,13743533.15379334,2026-10-02,583c5a6,2024,2026-08,current,pseudo-prospective (survey already happened; estimates not in repository),issued under docs/forecast-protocol.md
Mocrocks,2025,193,survey date in shell-length file,carry_over_escapement,15.750799772983292,15.013345504708616,16.488254041257967,recruits,NA,log rec_T ~ log pre_(T-1) + log(rec_(T-1) - harvest between the surveys),"pre, escapement at T-1",NA,621856.3625311041,6926046.88252132,3312936.468621427,14479639.399437215,2026-10-02,583c5a6,2024,2026-08,current,pseudo-prospective (survey already happened; estimates not in repository),issued under docs/forecast-protocol.md
Copalis,2025,178,survey date in shell-length file,climatology,15.556068659233862,13.915492974425511,17.196644344042213,pre_recruits,2024,beach mean of log pre-recruits,NA,NA,NA,5700524.0047303485,1105151.485430818,29404090.16944778,2026-10-02,583c5a6,2024,2026-08,current,pseudo-prospective (survey already happened; estimates not in repository),issued under docs/forecast-protocol.md
Copalis,2025,178,survey date in shell-length file,trend,15.867229323753477,14.142260018392742,17.592198629114215,pre_recruits,2024,log pre ~ year class,NA,NA,NA,7781263.789353822,1386454.0720535922,43671166.16407376,2026-10-02,583c5a6,2024,2026-08,current,pseudo-prospective (survey already happened; estimates not in repository),issued under docs/forecast-protocol.md
Copalis,2025,178,survey date in shell-length file,a_priori_beuti,16.10908606384276,14.273152172950047,17.945019954735475,pre_recruits,2024,log pre ~ year class + log spawners + survey doy + BEUTI May-Aug Y,BEUTI May-Aug Y,May Y - Aug Y,2.993325537634409,9910308.775997924,1580342.5304795709,62147425.726635076,2026-10-02,583c5a6,2024,2026-08,current,pseudo-prospective (survey already happened; estimates not in repository),issued under docs/forecast-protocol.md
Copalis,2025,178,survey date in shell-length file,exploratory_scan,16.155270144498754,14.522375609532434,17.788164679465076,pre_recruits,2024,log pre ~ year class + log spawners + survey doy + x; x = BEUTI [Apr Y-1 - Jul Y-1],BEUTI,Apr Y-1 - Jul Y-1,3.432534946236559,10378741.073660024,2027624.7854367704,53125345.00848204,2026-10-02,583c5a6,2024,2026-08,current,pseudo-prospective (survey already happened; estimates not in repository),issued under docs/forecast-protocol.md
Copalis,2025,178,survey date in shell-length file,climatology,15.507557710394256,14.314521796740161,16.700593624048352,recruits,NA,beach mean of log recruits,NA,NA,NA,5430586.572048608,1647091.8847078807,17905054.836540047,2026-10-02,583c5a6,2024,2026-08,current,pseudo-prospective (survey already happened; estimates not in repository),issued under docs/forecast-protocol.md
Copalis,2025,178,survey date in shell-length file,persistence,15.595759499682478,14.488424353283524,16.703094646081432,recruits,NA,log recruits at T-1 (interval from year-to-year changes),NA,NA,NA,5931332.790994408,1959939.872192877,17949891.81895851,2026-10-02,583c5a6,2024,2026-08,current,pseudo-prospective (survey already happened; estimates not in repository),issued under docs/forecast-protocol.md
Copalis,2025,178,survey date in shell-length file,carry_over,15.506545437156877,14.720373891140513,16.29271698317324,recruits,NA,log rec_T ~ log pre_(T-1) + log rec_(T-1),"pre, rec at T-1",NA,NA,5425092.116013033,2471594.115057092,11907952.154412244,2026-10-02,583c5a6,2024,2026-08,current,pseudo-prospective (survey already happened; estimates not in repository),issued under docs/forecast-protocol.md
Copalis,2025,178,survey date in shell-length file,carry_over_escapement,15.546080282713227,14.741313174034039,16.350847391392417,recruits,NA,log rec_T ~ log pre_(T-1) + log(rec_(T-1) - harvest between the surveys),"pre, escapement at T-1",NA,791059.2604412388,5643868.444173566,2523893.164851481,12620681.19948041,2026-10-02,583c5a6,2024,2026-08,current,pseudo-prospective (survey already happened; estimates not in repository),issued under docs/forecast-protocol.md
Twin Harbors,2025,221,survey date in shell-length file,climatology,15.071344196914618,13.744683655046584,16.398004738782653,pre_recruits,2024,beach mean of log pre-recruits,NA,NA,NA,3510763.8642746992,931623.1394187177,13230095.291951917,2026-10-02,583c5a6,2024,2026-08,current,pseudo-prospective (survey already happened; estimates not in repository),issued under docs/forecast-protocol.md
Twin Harbors,2025,221,survey date in shell-length file,trend,14.589512904134708,13.297680445780061,15.881345362489354,pre_recruits,2024,log pre ~ year class,NA,NA,NA,2168427.707485654,595811.9915005399,7891883.3284127135,2026-10-02,583c5a6,2024,2026-08,current,pseudo-prospective (survey already happened; estimates not in repository),issued under docs/forecast-protocol.md
Twin Harbors,2025,221,survey date in shell-length file,a_priori_beuti,14.588069626748501,13.09863678244824,16.077502471048764,pre_recruits,2024,log pre ~ year class + log spawners + survey doy + BEUTI May-Aug Y,BEUTI May-Aug Y,May Y - Aug Y,2.993325537634409,2165300.3221969237,488276.3338437076,9602196.871591283,2026-10-02,583c5a6,2024,2026-08,current,pseudo-prospective (survey already happened; estimates not in repository),issued under docs/forecast-protocol.md
Twin Harbors,2025,221,survey date in shell-length file,exploratory_scan,14.574700636597838,13.1221846088571,16.027216664338575,pre_recruits,2024,log pre ~ year class + log spawners + survey doy + x; x = BEUTI [Apr Y-1 - Jul Y-1],BEUTI,Apr Y-1 - Jul Y-1,3.432534946236559,2136545.086034521,499910.6237154582,9131282.049441881,2026-10-02,583c5a6,2024,2026-08,current,pseudo-prospective (survey already happened; estimates not in repository),issued under docs/forecast-protocol.md
Twin Harbors,2025,221,survey date in shell-length file,climatology,15.100700269514347,14.297670213623563,15.90373032540513,recruits,NA,beach mean of log recruits,NA,NA,NA,3615353.766529526,1619568.3379124377,8070534.938962177,2026-10-02,583c5a6,2024,2026-08,current,pseudo-prospective (survey already happened; estimates not in repository),issued under docs/forecast-protocol.md
Twin Harbors,2025,221,survey date in shell-length file,persistence,15.583337362292143,14.63171379526585,16.534960929318437,recruits,NA,log recruits at T-1 (interval from year-to-year changes),NA,NA,NA,5858108.701601519,2261895.6328402855,15171980.99749929,2026-10-02,583c5a6,2024,2026-08,current,pseudo-prospective (survey already happened; estimates not in repository),issued under docs/forecast-protocol.md
Twin Harbors,2025,221,survey date in shell-length file,carry_over,15.24228489701472,14.398814674297093,16.085755119732347,recruits,NA,log rec_T ~ log pre_(T-1) + log rec_(T-1),"pre, rec at T-1",NA,NA,4165241.8412137777,1791949.4695023412,9681768.314938119,2026-10-02,583c5a6,2024,2026-08,current,pseudo-prospective (survey already happened; estimates not in repository),issued under docs/forecast-protocol.md
Twin Harbors,2025,221,survey date in shell-length file,carry_over_escapement,15.263625413826812,14.386793613344569,16.140457214309055,recruits,NA,log rec_T ~ log pre_(T-1) + log(rec_(T-1) - harvest between the surveys),"pre, escapement at T-1",NA,0,4255085.500136298,1770537.29209868,10226134.571844455,2026-10-02,583c5a6,2024,2026-08,current,pseudo-prospective (survey already happened; estimates not in repository),issued under docs/forecast-protocol.md
Long Beach,2025,165,survey date in shell-length file,climatology,15.738370059492564,12.698845961381505,18.777894157603622,pre_recruits,2024,beach mean of log pre-recruits,NA,NA,NA,6840490.923690359,327369.8863021562,142934087.81619504,2026-10-02,583c5a6,2024,2026-08,current,pseudo-prospective (survey already happened; estimates not in repository),issued under docs/forecast-protocol.md
Long Beach,2025,165,survey date in shell-length file,trend,15.903977182074117,12.630788583527078,19.177165780621156,pre_recruits,2024,log pre ~ year class,NA,NA,NA,8072527.450256386,305831.196570254,213077345.1693092,2026-10-02,583c5a6,2024,2026-08,current,pseudo-prospective (survey already happened; estimates not in repository),issued under docs/forecast-protocol.md
Long Beach,2025,165,survey date in shell-length file,a_priori_beuti,15.69030155301694,12.269819832608984,19.110783273424897,pre_recruits,2024,log pre ~ year class + log spawners + survey doy + BEUTI May-Aug Y,BEUTI May-Aug Y,May Y - Aug Y,2.677675806451613,6519456.379288067,213164.5821788719,199391995.83247015,2026-10-02,583c5a6,2024,2026-08,current,pseudo-prospective (survey already happened; estimates not in repository),issued under docs/forecast-protocol.md
Long Beach,2025,165,survey date in shell-length file,exploratory_scan,16.145062796097246,12.482443205703246,19.807682386491248,pre_recruits,2024,log pre ~ year class + log spawners + survey doy + x; x = BEUTI [Apr Y-1 - Jul Y-1],BEUTI,Apr Y-1 - Jul Y-1,3.432534946236559,10273340.492915438,263667.2592902187,400283012.64058965,2026-10-02,583c5a6,2024,2026-08,current,pseudo-prospective (survey already happened; estimates not in repository),issued under docs/forecast-protocol.md
Long Beach,2025,165,survey date in shell-length file,climatology,15.628128633257676,14.263873368188575,16.99238389832678,recruits,NA,beach mean of log recruits,NA,NA,NA,6126466.003447635,1565746.6615128429,23971684.956450302,2026-10-02,583c5a6,2024,2026-08,current,pseudo-prospective (survey already happened; estimates not in repository),issued under docs/forecast-protocol.md
Long Beach,2025,165,survey date in shell-length file,persistence,15.60288007209096,14.324596812615713,16.881163331566206,recruits,NA,log recruits at T-1 (interval from year-to-year changes),NA,NA,NA,5973718.000000005,1663770.2378520642,21448458.405887805,2026-10-02,583c5a6,2024,2026-08,current,pseudo-prospective (survey already happened; estimates not in repository),issued under docs/forecast-protocol.md
Long Beach,2025,165,survey date in shell-length file,carry_over,15.717515009946059,14.64557671385786,16.789453306034257,recruits,NA,log rec_T ~ log pre_(T-1) + log rec_(T-1),"pre, rec at T-1",NA,NA,6699309.43700889,2293470.461833305,19568923.027210288,2026-10-02,583c5a6,2024,2026-08,current,pseudo-prospective (survey already happened; estimates not in repository),issued under docs/forecast-protocol.md
Long Beach,2025,165,survey date in shell-length file,carry_over_escapement,15.752871164042084,14.677341901834462,16.828400426249708,recruits,NA,log rec_T ~ log pre_(T-1) + log(rec_(T-1) - harvest between the surveys),"pre, escapement at T-1",NA,1225499.8742503026,6940408.303030564,2367492.418784914,20346112.634015508,2026-10-02,583c5a6,2024,2026-08,current,pseudo-prospective (survey already happened; estimates not in repository),issued under docs/forecast-protocol.md
