resp,model,n_forecasts,mse,mse_clim,skill_vs_climatology
Pre,honest_1,70,1.9358204525484985,1.6120586076416215,-0.2008375150705768
Pre,honest_2,70,1.8841828392535451,1.6120586076416215,-0.16880542079672334
Pre,leaky_1,70,1.1072293810963845,1.6120586076416215,0.3131581098554366
Pre,leaky_2,70,1.046116167909143,1.6120586076416215,0.3510681541289804
Pre,persistence,70,3.3462396623558157,1.6120586076416215,-1.0757555876031288
Rec,carryover,70,0.41994169843632423,0.5509756761197254,0.23782171039965816
Rec,honest_1,70,0.6594328077672678,0.5509756761197254,-0.19684558928509754
Rec,honest_2,70,0.6118865694497999,0.5509756761197254,-0.1105509661679489
Rec,leaky_1,70,0.38395573442449,0.5509756761197254,0.30313487316079357
Rec,leaky_2,70,0.38368670723625986,0.5509756761197254,0.3036231473258615
Rec,persistence,70,0.7365380835748025,0.5509756761197254,-0.33678874675904025
