series,year,obs,climatology,honest_scan,honest_var,honest_window,leaky_var,leaky_window
Kalaloch|PreYC,2011,13.71388638680316,14.466747685960636,14.742581202336789,CUTI,Apr Y-1 - Jun Y-1,BEUTI,Apr Y-1 - Jul Y-1
Kalaloch|PreYC,2012,13.192378126596369,14.416556932683472,13.559896070296993,CUTI,Apr Y-1 - Jul Y-1,BEUTI,Apr Y-1 - Jul Y-1
Kalaloch|PreYC,2013,13.217098846639622,14.340045757303027,11.941534015709431,CUTI,Apr Y-1 - Jul Y-1,BEUTI,Apr Y-1 - Jul Y-1
Kalaloch|PreYC,2014,18.312080909584452,14.273990056675768,10.898175245424094,Storm hours Hs > 4 m (buoys),Jan Y-1 - Jan Y-1,BEUTI,Apr Y-1 - Jul Y-1
Kalaloch|PreYC,2015,13.800934846511886,14.498328437392917,14.733593955098035,SST anomaly (buoys),Jul Y-1 - Jul Y-1,BEUTI,Apr Y-1 - Jul Y-1
Kalaloch|PreYC,2016,18.42391898518516,14.461623511557073,15.39466201187802,SST anomaly (buoys),Jul Y-1 - Jul Y-1,BEUTI,Apr Y-1 - Jul Y-1
Kalaloch|PreYC,2017,14.440459729621717,14.659738285238477,13.77321478329184,SST anomaly (buoys),Jul Y-1 - Jul Y-1,BEUTI,Apr Y-1 - Jul Y-1
Kalaloch|PreYC,2018,16.212508953834945,14.649296449256727,17.58220463626496,SST anomaly (buoys),Jul Y-1 - Jul Y-1,BEUTI,Apr Y-1 - Jul Y-1
Kalaloch|PreYC,2019,15.791810509238664,14.720351563101191,16.221466896961708,SST anomaly (buoys),Jul Y-1 - Jul Y-1,BEUTI,Apr Y-1 - Jul Y-1
Kalaloch|PreYC,2020,18.394767308518414,14.766936734672386,16.482306450317253,SST anomaly (buoys),Jul Y-1 - Jul Y-1,BEUTI,Apr Y-1 - Jul Y-1
Kalaloch|PreYC,2021,13.971412734461472,14.918096341915971,16.132792144421376,BEUTI,Apr Y-1 - May Y-1,BEUTI,Apr Y-1 - Jul Y-1
Kalaloch|PreYC,2022,15.36685484291185,14.88022899761779,18.708435984940454,BEUTI,Apr Y-1 - May Y-1,BEUTI,Apr Y-1 - Jul Y-1
Kalaloch|PreYC,2023,13.20041342760781,14.898945376282947,13.97311910861453,BEUTI,Apr Y-1 - Jul Y-1,BEUTI,Apr Y-1 - Jul Y-1
Mocrocks|PreYC,2011,16.145407367285525,15.521244163053458,14.563145136043138,CUTI,Apr Y-1 - Jun Y-1,BEUTI,Apr Y-1 - Jul Y-1
Mocrocks|PreYC,2012,15.712106233694865,15.562855043335595,15.19959008585786,CUTI,Apr Y-1 - Jul Y-1,BEUTI,Apr Y-1 - Jul Y-1
Mocrocks|PreYC,2013,16.379051616545986,15.57218324273305,15.225710644913468,CUTI,Apr Y-1 - Jul Y-1,BEUTI,Apr Y-1 - Jul Y-1
Mocrocks|PreYC,2014,15.51585697703728,15.619646088251457,15.71603868273228,Storm hours Hs > 4 m (buoys),Jan Y-1 - Jan Y-1,BEUTI,Apr Y-1 - Jul Y-1
Mocrocks|PreYC,2015,13.790216739603592,15.613880026517336,15.178613843775059,SST anomaly (buoys),Jul Y-1 - Jul Y-1,BEUTI,Apr Y-1 - Jul Y-1
Mocrocks|PreYC,2016,16.251500427811198,15.517897748258719,14.324462361330294,SST anomaly (buoys),Jul Y-1 - Jul Y-1,BEUTI,Apr Y-1 - Jul Y-1
Mocrocks|PreYC,2017,15.753950548972076,15.554577882236343,15.858669333864947,SST anomaly (buoys),Jul Y-1 - Jul Y-1,BEUTI,Apr Y-1 - Jul Y-1
Mocrocks|PreYC,2018,15.830507840730382,15.564071818747568,16.532342021812713,SST anomaly (buoys),Jul Y-1 - Jul Y-1,BEUTI,Apr Y-1 - Jul Y-1
Mocrocks|PreYC,2019,15.781281180004465,15.576182547019513,15.718297993525896,SST anomaly (buoys),Jul Y-1 - Jul Y-1,BEUTI,Apr Y-1 - Jul Y-1
Mocrocks|PreYC,2020,17.690518287538946,15.585099878888425,15.1296550064687,SST anomaly (buoys),Jul Y-1 - Jul Y-1,BEUTI,Apr Y-1 - Jul Y-1
Mocrocks|PreYC,2021,15.857369125790717,15.67282564591553,16.23337104558482,BEUTI,Apr Y-1 - May Y-1,BEUTI,Apr Y-1 - Jul Y-1
Mocrocks|PreYC,2022,16.079207930356866,15.680207385110538,17.091839206237925,BEUTI,Apr Y-1 - May Y-1,BEUTI,Apr Y-1 - Jul Y-1
Mocrocks|PreYC,2023,15.346412449013595,15.695553559927705,15.012963358770973,BEUTI,Apr Y-1 - Jul Y-1,BEUTI,Apr Y-1 - Jul Y-1
Copalis|PreYC,2011,16.1079254367445,15.425602135742842,14.745735312944857,CUTI,Apr Y-1 - Jun Y-1,BEUTI,Apr Y-1 - Jul Y-1
Copalis|PreYC,2012,14.148262619471422,15.471090355809618,14.408256363242607,CUTI,Apr Y-1 - Jul Y-1,BEUTI,Apr Y-1 - Jul Y-1
Copalis|PreYC,2013,15.73955581549611,15.388413622288482,13.109068232230833,CUTI,Apr Y-1 - Jul Y-1,BEUTI,Apr Y-1 - Jul Y-1
Copalis|PreYC,2014,15.772497277542683,15.409069045418342,14.403715574605407,Storm hours Hs > 4 m (buoys),Jan Y-1 - Jan Y-1,BEUTI,Apr Y-1 - Jul Y-1
Copalis|PreYC,2015,14.83806335072742,15.429259502758583,14.406186255831336,SST anomaly (buoys),Jul Y-1 - Jul Y-1,BEUTI,Apr Y-1 - Jul Y-1
Copalis|PreYC,2016,15.645252165559596,15.398143915809575,14.317649385589586,SST anomaly (buoys),Jul Y-1 - Jul Y-1,BEUTI,Apr Y-1 - Jul Y-1
Copalis|PreYC,2017,15.935653566901246,15.410499328297076,15.06677921833617,SST anomaly (buoys),Jul Y-1 - Jul Y-1,BEUTI,Apr Y-1 - Jul Y-1
Copalis|PreYC,2018,15.6679308836464,15.435506672992512,15.658722894745418,SST anomaly (buoys),Jul Y-1 - Jul Y-1,BEUTI,Apr Y-1 - Jul Y-1
Copalis|PreYC,2019,16.346043323978108,15.446071409840416,15.234336828992756,SST anomaly (buoys),Jul Y-1 - Jul Y-1,BEUTI,Apr Y-1 - Jul Y-1
Copalis|PreYC,2020,16.55158676199804,15.485200623498576,14.366874603113558,SST anomaly (buoys),Jul Y-1 - Jul Y-1,BEUTI,Apr Y-1 - Jul Y-1
Copalis|PreYC,2021,15.995391375842868,15.529633379269388,15.45636454393865,BEUTI,Apr Y-1 - May Y-1,BEUTI,Apr Y-1 - Jul Y-1
Copalis|PreYC,2022,16.054500258268597,15.548263699132328,17.06511200491597,BEUTI,Apr Y-1 - May Y-1,BEUTI,Apr Y-1 - Jul Y-1
Copalis|PreYC,2023,15.252761062737507,15.567734336022184,15.301805609971707,BEUTI,Apr Y-1 - Jul Y-1,BEUTI,Apr Y-1 - Jul Y-1
Twin Harbors|PreYC,2011,15.985466023050323,15.294991270586292,14.417949668148998,CUTI,Apr Y-1 - Jun Y-1,BEUTI,Apr Y-1 - Jul Y-1
Twin Harbors|PreYC,2012,14.151053791767396,15.34102292075056,13.513922282358362,CUTI,Apr Y-1 - Jul Y-1,BEUTI,Apr Y-1 - Jul Y-1
Twin Harbors|PreYC,2013,14.95141265851896,15.266649850189113,13.037947674597282,CUTI,Apr Y-1 - Jul Y-1,BEUTI,Apr Y-1 - Jul Y-1
Twin Harbors|PreYC,2014,14.856182244610062,15.248106485973222,13.919910643770956,Storm hours Hs > 4 m (buoys),Jan Y-1 - Jan Y-1,BEUTI,Apr Y-1 - Jul Y-1
Twin Harbors|PreYC,2015,14.937162257135697,15.226332917008602,14.590592845419444,SST anomaly (buoys),Jul Y-1 - Jul Y-1,BEUTI,Apr Y-1 - Jul Y-1
Twin Harbors|PreYC,2016,14.242865887382512,15.211113408594239,14.159490931166127,SST anomaly (buoys),Jul Y-1 - Jul Y-1,BEUTI,Apr Y-1 - Jul Y-1
Twin Harbors|PreYC,2017,14.376273474649883,15.162701032533652,15.347473518891572,SST anomaly (buoys),Jul Y-1 - Jul Y-1,BEUTI,Apr Y-1 - Jul Y-1
Twin Harbors|PreYC,2018,14.14625140148544,15.125252101205854,14.76825222704497,SST anomaly (buoys),Jul Y-1 - Jul Y-1,BEUTI,Apr Y-1 - Jul Y-1
Twin Harbors|PreYC,2019,14.872762717304616,15.080752069400381,14.449698451929912,SST anomaly (buoys),Jul Y-1 - Jul Y-1,BEUTI,Apr Y-1 - Jul Y-1
Twin Harbors|PreYC,2020,15.332615106912444,15.071709054091869,13.821600319363432,SST anomaly (buoys),Jul Y-1 - Jul Y-1,BEUTI,Apr Y-1 - Jul Y-1
Twin Harbors|PreYC,2021,14.658579388039394,15.08258013962606,14.40257758397316,BEUTI,Apr Y-1 - May Y-1,BEUTI,Apr Y-1 - Jul Y-1
Twin Harbors|PreYC,2022,15.005050406469188,15.065620109562593,15.17111984100308,BEUTI,Apr Y-1 - May Y-1,BEUTI,Apr Y-1 - Jul Y-1
Twin Harbors|PreYC,2023,15.280740171160671,15.063290505597461,14.131842464256682,BEUTI,Apr Y-1 - Jul Y-1,BEUTI,Apr Y-1 - Jul Y-1
Long Beach|PreYC,2011,16.486224833917174,15.64818972439636,14.113103161898419,CUTI,Apr Y-1 - Jun Y-1,BEUTI,Apr Y-1 - Jul Y-1
Long Beach|PreYC,2012,13.610451246599329,15.704058731697748,15.43241226841302,CUTI,Apr Y-1 - Jul Y-1,BEUTI,Apr Y-1 - Jul Y-1
Long Beach|PreYC,2013,17.059405342165956,15.573208263879096,13.88976691762124,CUTI,Apr Y-1 - Jul Y-1,BEUTI,Apr Y-1 - Jul Y-1
Long Beach|PreYC,2014,16.92141251457046,15.660631621425383,14.82089448135308,Storm hours Hs > 4 m (buoys),Jan Y-1 - Jan Y-1,BEUTI,Apr Y-1 - Jul Y-1
Long Beach|PreYC,2015,15.623656629094167,15.730675004377886,15.667947459136098,SST anomaly (buoys),Jul Y-1 - Jul Y-1,BEUTI,Apr Y-1 - Jul Y-1
Long Beach|PreYC,2016,12.162776465813922,15.725042458310321,15.49612656423535,SST anomaly (buoys),Jul Y-1 - Jul Y-1,BEUTI,Apr Y-1 - Jul Y-1
Long Beach|PreYC,2017,16.112855672504175,15.546929158685503,14.737577382393747,SST anomaly (buoys),Jul Y-1 - Jul Y-1,BEUTI,Apr Y-1 - Jul Y-1
Long Beach|PreYC,2018,17.058047400096676,15.573878040295915,15.467848694289819,SST anomaly (buoys),Jul Y-1 - Jul Y-1,BEUTI,Apr Y-1 - Jul Y-1
Long Beach|PreYC,2019,17.355606358233942,15.641340283923222,15.887662741240863,SST anomaly (buoys),Jul Y-1 - Jul Y-1,BEUTI,Apr Y-1 - Jul Y-1
Long Beach|PreYC,2020,16.90305924767218,15.71587359150195,14.268716787256635,SST anomaly (buoys),Jul Y-1 - Jul Y-1,BEUTI,Apr Y-1 - Jul Y-1
Long Beach|PreYC,2021,13.588380320366296,15.765339660509042,16.20878273453641,BEUTI,Apr Y-1 - May Y-1,BEUTI,Apr Y-1 - Jul Y-1
Long Beach|PreYC,2022,16.846959721137175,15.678261286903332,16.289766939591054,BEUTI,Apr Y-1 - May Y-1,BEUTI,Apr Y-1 - Jul Y-1
Long Beach|PreYC,2023,16.132499712578717,15.723211226681556,15.415588012224317,BEUTI,Apr Y-1 - Jul Y-1,BEUTI,Apr Y-1 - Jul Y-1
