model,n_forecasts,mse,mse_clim,skill_vs_climatology,series
beuti,70,1.6893267843195392,1.6120601240138084,-0.04793038370885783,All beaches
persistence,70,3.3462423698816735,1.6120601240138084,-1.0757553146032728,All beaches
trend,70,1.7635693029093238,1.6120601240138084,-0.09398481895221034,All beaches
trend_beuti,70,1.6527302168772255,1.6120601240138084,-0.025228645171220032,All beaches
beuti,14,0.5211474865745468,0.42821489796568885,-0.21702324942534879,Copalis|PreYC
persistence,14,0.6862303127520034,0.42821489796568885,-0.6025372214093034,Copalis|PreYC
trend,14,0.4171991276910303,0.42821489796568885,0.025724864611182174,Copalis|PreYC
trend_beuti,14,0.35759032545780894,0.42821489796568885,0.1649278734658568,Copalis|PreYC
beuti,14,4.3033068080802925,4.011904951006424,-0.07263428736036426,Kalaloch|PreYC
persistence,14,8.648944383748427,4.011904951006424,-1.155819863473774,Kalaloch|PreYC
trend,14,4.288717781154146,4.011904951006424,-0.06899785352050292,Kalaloch|PreYC
trend_beuti,14,4.614365496525466,4.011904951006424,-0.15016820011349208,Kalaloch|PreYC
beuti,14,2.6079651033751996,2.531363244161774,-0.030261109064491976,Long Beach|PreYC
persistence,14,5.571312481021984,2.531363244161774,-1.2009138727408706,Long Beach|PreYC
trend,14,2.900010873112801,2.531363244161774,-0.14563205411205193,Long Beach|PreYC
trend_beuti,14,2.340536408754584,2.531363244161774,0.07538500681295135,Long Beach|PreYC
beuti,14,0.731300525412309,0.685061044043723,-0.06749687749816768,Mocrocks|PreYC
persistence,14,1.3523626197314065,0.685061044043723,-0.9740760790436858,Mocrocks|PreYC
trend,14,0.7979420186097197,0.685061044043723,-0.16477505989786256,Mocrocks|PreYC
trend_beuti,14,0.5497719520101868,0.685061044043723,0.1974847252077898,Mocrocks|PreYC
beuti,14,0.2829139981553486,0.4037564828914316,0.29929546609553026,Twin Harbors|PreYC
persistence,14,0.47236205215454646,0.4037564828914316,-0.16991818625872712,Twin Harbors|PreYC
trend,14,0.4139767139789218,0.4037564828914316,-0.025312859410453914,Twin Harbors|PreYC
trend_beuti,14,0.40138690163808105,0.4037564828914316,0.005868837662695192,Twin Harbors|PreYC
