series,model,n_forecasts,mse,mse_clim,skill_vs_climatology
Copalis|Pre,honest_1,14,0.6996501895118288,0.42821465866624037,-0.6338772514024351
Copalis|Pre,honest_2,14,0.6882367252182935,0.42821465866624037,-0.6072236465746959
Copalis|Pre,leaky_1,14,0.4725398296055866,0.42821465866624037,-0.10351156842086118
Copalis|Pre,leaky_2,14,0.5125995521162741,0.42821465866624037,-0.19706213167215525
Copalis|Pre,persistence,14,0.6862299268674789,0.42821465866624037,-0.6025372158087214
Copalis|Rec,carryover,14,0.18420478227552875,0.38463575802460825,0.5210929342046673
Copalis|Rec,honest_1,14,0.47968050110549826,0.38463575802460825,-0.2471032427380535
Copalis|Rec,honest_2,14,0.4995131417116839,0.38463575802460825,-0.2986653770233343
Copalis|Rec,leaky_1,14,0.21080162703425445,0.38463575802460825,0.4519448006683565
Copalis|Rec,leaky_2,14,0.22883286969791186,0.38463575802460825,0.40506605295061626
Copalis|Rec,persistence,14,0.21289577148104957,0.38463575802460825,0.44650031350587815
Kalaloch|Pre,honest_1,14,3.881480774900632,4.0119018001343045,0.03250852880529298
Kalaloch|Pre,honest_2,14,3.6202068606745494,4.0119018001343045,0.0976332320613238
Kalaloch|Pre,leaky_1,14,2.6619892308723143,4.0119018001343045,0.3364769718981656
Kalaloch|Pre,leaky_2,14,2.099570700551731,4.0119018001343045,0.4766644835420836
Kalaloch|Pre,persistence,14,8.648939974293466,4.0119018001343045,-1.1558204575206523
Kalaloch|Rec,carryover,14,1.0084658035158363,1.0930352549412785,0.07737120192887614
Kalaloch|Rec,honest_1,14,1.6782532695233532,1.0930352549412785,-0.5354063484562668
Kalaloch|Rec,honest_2,14,1.5163210277477084,1.0930352549412785,-0.3872572004360191
Kalaloch|Rec,leaky_1,14,0.8796611234900245,1.0930352549412785,0.19521248787416035
Kalaloch|Rec,leaky_2,14,0.9259628744289484,1.0930352549412785,0.15285177651594206
Kalaloch|Rec,persistence,14,2.533642053277346,1.0930352549412785,-1.3179874956672477
Long Beach|Pre,honest_1,14,4.012632046521873,2.5313596540723866,-0.5851686820031494
Long Beach|Pre,honest_2,14,3.8811856911137093,2.5313596540723866,-0.5332415071361973
Long Beach|Pre,leaky_1,14,1.6003467020754962,2.5313596540723866,0.3677916531928209
Long Beach|Pre,leaky_2,14,1.8601208071858497,2.5313596540723866,0.26516929184940785
Long Beach|Pre,persistence,14,5.571304724560431,2.5313596540723866,-1.200913930028654
Long Beach|Rec,carryover,14,0.4372316268489729,0.6742784661459537,0.3515562949116483
Long Beach|Rec,honest_1,14,0.6702015610135632,0.6742784661459537,0.006046322605693266
Long Beach|Rec,honest_2,14,0.6168012595529279,0.6742784661459537,0.08524253624997769
Long Beach|Rec,leaky_1,14,0.48492703005492166,0.6742784661459537,0.2808208264062302
Long Beach|Rec,leaky_2,14,0.3562137290287873,0.6742784661459537,0.4717112485219399
Long Beach|Rec,persistence,14,0.5140764338332734,0.6742784661459537,0.23759031372952533
Mocrocks|Pre,honest_1,14,0.6699856940486514,0.6850607081033461,0.02200536956269361
Mocrocks|Pre,honest_2,14,0.8489388455590898,0.6850607081033461,-0.239216956274511
Mocrocks|Pre,leaky_1,14,0.545102020692777,0.6850607081033461,0.20430114551169865
Mocrocks|Pre,leaky_2,14,0.5370820410664668,0.6850607081033461,0.21600810743703558
Mocrocks|Pre,persistence,14,1.352361972707464,0.6850607081033461,-0.974076102615202
Mocrocks|Rec,carryover,14,0.18732319118422674,0.3429807829846477,0.4538376478293491
Mocrocks|Rec,honest_1,14,0.2665392412141084,0.3429807829846477,0.22287412462394707
Mocrocks|Rec,honest_2,14,0.20339345860974078,0.3429807829846477,0.4069829311141173
Mocrocks|Rec,leaky_1,14,0.1733634919164471,0.3429807829846477,0.4945387598458917
Mocrocks|Rec,leaky_2,14,0.18573334348124593,0.3429807829846477,0.4584730320311864
Mocrocks|Rec,persistence,14,0.12212808666052621,0.3429807829846477,0.643921488551757
Twin Harbors|Pre,honest_1,14,0.4153535577595067,0.4037562172318296,-0.0287236209195465
Twin Harbors|Pre,honest_2,14,0.382346073702084,0.4037562172318296,0.05302740271477291
Twin Harbors|Pre,leaky_1,14,0.25616912223574756,0.4037562172318296,0.3655351637875589
Twin Harbors|Pre,leaky_2,14,0.2212077386253943,0.4037562172318296,0.4521254926004501
Twin Harbors|Pre,persistence,14,0.4723617133502384,0.4037562172318296,-0.16991811689927938
Twin Harbors|Rec,carryover,14,0.28248308835705654,0.2599481185021389,-0.08669025952089071
Twin Harbors|Rec,honest_1,14,0.2024894659798159,0.2599481185021389,0.22103892443387785
Twin Harbors|Rec,honest_2,14,0.22340395962693838,0.2599481185021389,0.14058250963989882
Twin Harbors|Rec,leaky_1,14,0.17102539962680222,0.2599481185021389,0.34207871704447446
Twin Harbors|Rec,leaky_2,14,0.2216907195444057,0.2599481185021389,0.14717320970883818
Twin Harbors|Rec,persistence,14,0.29994807262181783,0.2599481185021389,-0.15387668258637466
