beach,survey_year,survey_doy,n,mode_mm,k,mix_mu1,mix_sd1,mix_w1,mix_mu_settler,mix_w_settler,Linf,K,source,age_assumed_yr,t0_mode,t0_mixture,year_old_partly_above_76mm
Kalaloch,1997,216,398,25.15068493150685,3,78.24291810746446,23.71948383171831,0.18389855059554489,NA,NA,143.17,1,Copalis (proxy),1.0082135523613962,0.8150291150806945,0.21744564013916035,TRUE
Kalaloch,2000,213,1003,66.0880626223092,4,71.26243498561439,11.91481967188608,0.5844388566023265,15.261286058442357,0.021082081891941107,143.17,1,Copalis (proxy),1,0.380836242493384,0.31134873959724174,TRUE
Kalaloch,2001,216,1860,69.09980430528375,3,77.61988918333931,5.267324672062869,0.5854140041519472,NA,NA,143.17,1,Copalis (proxy),1.0082135523613962,0.34919405103484824,0.2269957177643458,TRUE
Kalaloch,2002,222,4644,22.027397260273972,4,68.8270300272695,24.544762602277387,0.1240728670127606,15.721486596538917,0.630986947534359,143.17,1,Copalis (proxy),1.0246406570841888,0.8575763084204908,0.369297036990059,TRUE
Kalaloch,2003,211,988,24.258317025440313,4,78.29492161128972,24.023277303809724,0.1680310479487922,13.978086805303212,0.43596768207988496,143.17,1,Copalis (proxy),0.9945242984257358,0.8088726207504005,0.20295511284264145,TRUE
Kalaloch,2004,213,1194,65.75342465753425,4,68.82824177686574,14.38739480002404,0.5925058450089484,16.399621469140577,0.17758377210043233,143.17,1,Copalis (proxy),1,0.38516817400768444,0.34464008032203297,TRUE
Kalaloch,2005,215,762,54.59882583170254,3,52.364238018067056,11.417294419893889,0.7239068873321544,NA,NA,143.17,1,Copalis (proxy),1.0054757015742641,0.525249422888311,0.5501657077467084,FALSE
Kalaloch,2006,205,168,NA,3,72.66161525080503,9.92084878634709,0.46247206659769013,NA,NA,143.17,1,Copalis (proxy),0.9780971937029432,NA,0.26979609368970214,TRUE
Kalaloch,2007,213,194,NA,4,NA,NA,NA,NA,NA,143.17,1,Copalis (proxy),1,NA,NA,FALSE
Kalaloch,2008,214,1234,67.42661448140899,3,68.2548873988764,7.674246093599668,0.8227365405971653,NA,NA,143.17,1,Copalis (proxy),1.002737850787132,0.3660562361051837,0.3550607559606469,FALSE
Kalaloch,2009,205,836,23.812133072407043,4,NA,NA,NA,NA,NA,143.17,1,Copalis (proxy),0.9780971937029432,0.7961907237115328,NA,FALSE
Kalaloch,2010,197,678,67.20352250489236,3,54.55669078047807,17.078480158255978,0.4105833070082562,NA,NA,143.17,1,Copalis (proxy),0.9561943874058864,0.3224538094224283,0.4764437152878796,FALSE
Kalaloch,2011,211,652,23.92367906066536,3,NA,NA,NA,NA,NA,143.17,1,Copalis (proxy),0.9945242984257358,0.8116828406842639,NA,FALSE
Kalaloch,2012,214,254,NA,3,79.06407431104086,8.478112125377454,0.48464514617854487,NA,NA,143.17,1,Copalis (proxy),1.002737850787132,NA,0.19924191951433634,TRUE
Kalaloch,2013,203,295,67.98434442270059,3,72.90265407940741,10.252665482414457,0.7182979444321848,NA,NA,143.17,1,Copalis (proxy),0.972621492128679,0.3285492192152146,0.26089595151041933,TRUE
Kalaloch,2015,181,5602,69.9921722113503,4,70.15315040602096,2,0.2254987971546251,44.042410563047206,0.5914514969483604,143.17,1,Copalis (proxy),0.9123887748117727,0.2412485154614532,0.23904627030980818,FALSE
Kalaloch,2016,188,1282,69.88062622309198,3,32.32112628204692,8.124569479080579,0.03277449331558504,NA,NA,143.17,1,Copalis (proxy),0.9315537303216974,0.26193662439592025,0.675688770544766,FALSE
Kalaloch,2017,206,12994,59.61839530332681,4,56.442560324469554,5.148918677582767,0.5851216084895832,41.940635100798985,0.4122724689888833,143.17,1,Copalis (proxy),0.9808350444900753,0.4422667703981784,0.4795726327458132,FALSE
Kalaloch,2018,195,1448,48.01761252446184,3,48.24005708365384,10.06082654148032,0.1903535523759848,NA,NA,143.17,1,Copalis (proxy),0.9507186858316222,0.5421656355897291,0.5398251270292651,FALSE
Kalaloch,2019,171,2217,50.806262230919764,3,51.49464222303975,9.485226029509697,0.901555853304547,NA,NA,143.17,1,Copalis (proxy),0.8850102669404517,0.4467119848012547,0.4392311481845866,FALSE
Kalaloch,2020,205,869,68.87671232876713,4,73.39877732948727,4.557046323078118,0.6360956830322692,33.37152142140807,0.01161733992784881,143.17,1,Copalis (proxy),0.9780971937029432,0.3220850650748204,0.2592861004297614,TRUE
Kalaloch,2021,194,4907,57.94520547945205,4,60.86941938603833,6.868452756170602,0.5266223375322104,43.96510510999502,0.46480820389187844,143.17,1,Copalis (proxy),0.94798083504449,0.42924050667011604,0.39432626217804356,FALSE
Kalaloch,2022,196,250,NA,3,47.51525445037017,8.943233839242318,0.2497822529214158,NA,NA,143.17,1,Copalis (proxy),0.9534565366187543,NA,0.5501691095939572,FALSE
Kalaloch,2023,170,1571,56.60665362035225,3,55.747566986866474,10.044010544928362,0.9830333173759289,NA,NA,143.17,1,Copalis (proxy),0.8822724161533196,0.37911615478596095,0.38899160113912074,FALSE
Kalaloch,2024,178,151,NA,3,55.84385102842662,11.254270920200533,0.6033665279963741,NA,NA,143.17,1,Copalis (proxy),0.9041752224503765,NA,0.40979243510301067,FALSE
Mocrocks,1997,201,1361,63.29941291585127,3,54.15468949494753,19.50206799863053,0.41950480224432085,NA,NA,143.17,1,Copalis (proxy),0.9671457905544147,0.3835207185808772,0.49192143826583057,FALSE
Mocrocks,1998,205,532,64.97260273972603,3,73.87248200261111,12.724763304436907,0.5485275389412843,NA,NA,143.17,1,Copalis (proxy),0.9780971937029432,0.37330082221137617,0.25247354855168647,TRUE
Mocrocks,1999,194,529,47.57142857142857,3,55.40771385795087,15.283780138014523,0.4654774507133673,NA,NA,143.17,1,Copalis (proxy),0.94798083504449,0.5441059764021785,0.4585799652321266,FALSE
Mocrocks,2000,199,1070,25.15068493150685,4,77.39967004436602,13.677349844055042,0.36965493387370196,23.759069121535575,0.1751760506801569,143.17,1,Copalis (proxy),0.9616700889801506,0.7684856516994489,0.18380617771920227,TRUE
Mocrocks,2001,203,676,48.01761252446184,3,68.70255957078497,20.148256108341325,0.6110189454318639,NA,NA,143.17,1,Copalis (proxy),0.972621492128679,0.5640684418867858,0.31895074539301804,TRUE
Mocrocks,2002,204,1424,62.853228962818,3,63.70677999766443,25.527334869256766,0.514827045284519,NA,NA,143.17,1,Copalis (proxy),0.9753593429158111,0.397305061448599,0.3866208806722168,TRUE
Mocrocks,2003,194,928,22.585127201565555,3,58.11265100242104,16.2768605084898,0.4370182470692044,NA,NA,143.17,1,Copalis (proxy),0.94798083504449,0.776301943249179,0.4272738227480021,FALSE
Mocrocks,2004,200,1807,62.74168297455969,3,66.7013274297658,15.929568845592202,0.7073673579539671,NA,NA,143.17,1,Copalis (proxy),0.9644079397672827,0.3877415203804284,0.33725635247004715,TRUE
Mocrocks,2005,204,1038,67.53816046966732,4,76.75230129721352,28.095029513434373,0.3992487070378545,17.695012361147747,0.03211729625878814,143.17,1,Copalis (proxy),0.9753593429158111,0.33720395987563856,0.20729017523740678,TRUE
Mocrocks,2006,191,1201,64.1917808219178,4,61.976910691077165,11.860243565590743,0.585675044067164,20.017410919852686,0.0444128672539781,143.17,1,Copalis (proxy),0.9397672826830937,0.3449066551572707,0.37256468382371066,FALSE
Mocrocks,2007,194,669,47.23679060665362,3,54.04272882157201,15.394845061455998,0.5925058474652101,NA,NA,143.17,1,Copalis (proxy),0.94798083504449,0.5476003135178666,0.47401346114994175,FALSE
Mocrocks,2008,199,1205,64.52641878669276,4,65.89467280698865,11.475974778706327,0.5419230840811492,26.450486967593438,0.09129728327143653,143.17,1,Copalis (proxy),0.9616700889801506,0.36256336774497777,0.34501207575509674,TRUE
Mocrocks,2009,200,618,NA,4,52.04496068393253,15.839309855536685,0.026550041389037438,19.963607896692988,0.22592314088002016,143.17,1,Copalis (proxy),0.9644079397672827,NA,0.5126078261758191,FALSE
Mocrocks,2010,192,2698,20.57729941291585,4,50.1542189361718,14.446085698250977,0.48541156753371983,19.24564317435015,0.3433234113753313,143.17,1,Copalis (proxy),0.9425051334702259,0.7873398813862157,0.5112415657140874,FALSE
Mocrocks,2011,194,1565,19.350293542074365,3,78.73163628287467,24.501030443241987,0.2826545799906778,NA,NA,143.17,1,Copalis (proxy),0.94798083504449,0.8027746270443744,0.1496572653111088,TRUE
Mocrocks,2012,201,1938,40.20939334637964,4,41.30783781253778,10.0429839637136,0.383589849183574,18.62817890159133,0.05558387723915772,143.17,1,Copalis (proxy),0.9671457905544147,0.6374595105818712,0.6267336034648114,FALSE
Mocrocks,2013,203,2359,66.98043052837573,3,73.18630367687004,14.647650441574777,0.586552755904362,NA,NA,143.17,1,Copalis (proxy),0.972621492128679,0.34181332650514706,0.25685106200856034,TRUE
Mocrocks,2014,194,3036,40.76712328767123,4,40.29766615003617,7.298218413217802,0.27272143222312617,16.62237395610212,0.1801812155184801,143.17,1,Copalis (proxy),0.94798083504449,0.6128629047768988,0.6174368419298981,FALSE
Mocrocks,2015,197,1609,45.34050880626223,3,40.8996130758953,10.179284231728156,0.30003538313285105,NA,NA,143.17,1,Copalis (proxy),0.9561943874058864,0.5753877295668192,0.6197818102032169,FALSE
Mocrocks,2016,202,638,43.44422700587084,3,46.90229732631403,13.362500975357584,0.17300416849075015,NA,NA,143.17,1,Copalis (proxy),0.9698836413415469,0.6082750549879892,0.5729837861077325,FALSE
Mocrocks,2017,203,1998,60.17612524461839,3,62.195799703358446,17.903565679758913,0.5694966748348351,NA,NA,143.17,1,Copalis (proxy),0.972621492128679,0.4273555637018924,0.4027193458359738,TRUE
Mocrocks,2018,193,1850,67.64970645792563,4,61.08822007426411,14.431505606315906,0.3327279200902805,26.217366982274285,0.10476212135253796,143.17,1,Copalis (proxy),0.945242984257358,0.3056116576596535,0.3889263153275263,FALSE
Mocrocks,2019,183,1902,38.98238747553816,4,56.941384772443975,13.682611860348622,0.20358595562497947,35.613574866756515,0.264150696159659,143.17,1,Copalis (proxy),0.917864476386037,0.6000249815430602,0.41083382679256275,FALSE
Mocrocks,2020,202,2202,51.14090019569471,3,47.6283046678811,13.786654420347439,0.3069965215301176,NA,NA,143.17,1,Copalis (proxy),0.9698836413415469,0.5279557352260591,0.5654136585101244,FALSE
Mocrocks,2021,191,6477,36.19373776908023,4,37.63515803791176,10.132726639267572,0.6556323342628918,19.55736631466771,0.1277198526773003,143.17,1,Copalis (proxy),0.9397672826830937,0.6483415088516264,0.634775701269431,FALSE
Mocrocks,2022,193,2125,21.692759295499023,4,72.4896765753517,17.39190792503716,0.3683385495049351,20.275203837719587,0.05193407227048777,143.17,1,Copalis (proxy),0.945242984257358,0.7809371748147541,0.23937747222666161,TRUE
Mocrocks,2023,197,1842,39.986301369863014,3,68.76473788960324,14.574493927316325,0.3562305609882743,NA,NA,143.17,1,Copalis (proxy),0.9561943874058864,0.6286725335939736,0.3016883186619186,TRUE
Mocrocks,2024,202,1746,68.87671232876713,3,70.88232085745436,6.030989257435856,0.22931492893929328,NA,NA,143.17,1,Copalis (proxy),0.9698836413415469,0.31387151271342406,0.2865046076459167,TRUE
Mocrocks,2025,193,1770,67.98434442270059,3,71.43621516498331,11.119769919554454,0.5528504651405433,NA,NA,143.17,1,Copalis (proxy),0.945242984257358,0.3011707113438936,0.2541720826532814,TRUE
Copalis,1997,129,434,19.350293542074365,4,69.4629266718526,8.73680740082557,0.28312734991513017,18.389242566806793,0.4278668497623565,143.17,1,Copalis (study),0.7700205338809035,0.6248143258807879,0.10608656770041958,TRUE
Copalis,1998,120,368,62.630136986301366,3,74.45802914208006,12.70701894288665,0.33609913588562623,NA,NA,143.17,1,Copalis (study),0.7453798767967146,0.17009939599829726,0.011270573769088799,TRUE
Copalis,1999,110,397,47.57142857142857,3,52.75952857842271,17.54333052073308,0.44055084353175333,NA,NA,143.17,1,Copalis (study),0.7180013689253936,0.3141265102830821,0.25832872855249595,FALSE
Copalis,2000,156,1472,24.816046966731896,4,48.167596003766256,12.761275257743177,0.3323743691845971,24.830572849089872,0.30982994568611516,143.17,1,Copalis (study),0.8439425051334702,0.653589506373965,0.4338119662651162,FALSE
Copalis,2001,158,2864,19.12720156555773,4,72.83984519862602,19.24572708066739,0.3999852854130389,16.40134428933025,0.27359627110625023,143.17,1,Copalis (study),0.8494182067077345,0.7060121260552938,0.13858612272472148,TRUE
Copalis,2002,163,1184,17.56555772994129,4,44.163452893647616,15.410546783521987,0.21942625389635928,16.307209005930137,0.08756990350206344,143.17,1,Copalis (study),0.8631074606433949,0.7322123470719974,0.49426070560649665,FALSE
Copalis,2004,156,1672,45.34050880626223,3,48.420322602556816,16.16042742645803,0.5407221334836769,NA,NA,143.17,1,Copalis (study),0.8439425051334702,0.46313584729440305,0.43114820894164835,FALSE
Copalis,2005,160,1076,20.9119373776908,4,40.252864111155255,11.220514135633252,0.2084330347285826,21.111342871455893,0.18035270470838155,143.17,1,Copalis (study),0.8548939082819986,0.6969952510107411,0.5247853314172819,FALSE
Copalis,2006,163,709,40.5440313111546,3,76.90340090673045,8.724987946145356,0.45451001180059464,NA,NA,143.17,1,Copalis (study),0.8631074606433949,0.530165732110973,0.09276071110573025,TRUE
Copalis,2007,168,1376,51.36399217221135,4,57.36893976324183,15.529893107522597,0.45046681427428664,28.564136077620734,0.1672247188947185,143.17,1,Copalis (study),0.8767967145790554,0.4324417194390029,0.3647953426961613,FALSE
Copalis,2008,171,2023,59.84148727984344,4,54.82918576021503,14.510221559236275,0.5775872707318054,26.86596658265972,0.06568871110756633,143.17,1,Copalis (study),0.8850102669404517,0.3437683117310081,0.40217975480737367,FALSE
Copalis,2009,174,875,NA,3,38.85044617790137,19.14661754784181,0.08339771117475042,NA,NA,143.17,1,Copalis (study),0.893223819301848,NA,0.5766499050867169,FALSE
Copalis,2010,164,1354,21.246575342465754,4,75.6696646163872,12.426628900917178,0.43043418117051024,21.078978888505343,0.19232044645546403,143.17,1,Copalis (study),0.865845311430527,0.7052057569847905,0.11394514257054689,TRUE
Copalis,2011,167,1133,23.477495107632095,3,59.40697528241343,22.68614447842441,0.4866217682517689,NA,NA,143.17,1,Copalis (study),0.8740588637919233,0.6949521232534738,0.33801780604899356,TRUE
Copalis,2012,157,1996,23.365949119373777,4,36.83675958648971,10.154278424418653,0.21646633042113644,23.054816949111284,0.3375082059140117,143.17,1,Copalis (study),0.8466803559206023,0.6685051193527547,0.5492255608105839,FALSE
Copalis,2013,174,1087,26.935420743639924,4,57.28268140757211,14.000246296098227,0.09559889239202954,26.78131871854432,0.0512981535917272,143.17,1,Copalis (study),0.893223819301848,0.6848014680398885,0.3822272721312109,FALSE
Copalis,2014,178,1367,66.98043052837573,4,59.4197219035915,20.877085272920365,0.5864047173110717,13.433176561333687,0.03429579381965042,143.17,1,Copalis (study),0.9041752224503765,0.2733670568268446,0.36798197833193436,TRUE
Copalis,2015,168,1504,48.686888454011736,3,45.17370783977473,13.358421741229906,0.44978882982278284,NA,NA,143.17,1,Copalis (study),0.8767967145790554,0.4611850839362363,0.4976936220618835,FALSE
Copalis,2016,173,971,34.743639921722114,3,37.83950500228049,9.839446653182188,0.3271722606968892,NA,NA,143.17,1,Copalis (study),0.890485968514716,0.6125244667398385,0.5835562114740442,FALSE
Copalis,2017,175,1216,40.65557729941291,3,43.28380819992401,11.168632483587354,0.4716895837390117,NA,NA,143.17,1,Copalis (study),0.8959616700889801,0.5619324326706059,0.5359603905984973,FALSE
Copalis,2018,165,1661,67.87279843444227,4,50.040570304138626,12.671328998376717,0.3309795823226557,24.98210205222201,0.14850565285923636,143.17,1,Copalis (study),0.8685831622176592,0.22599339715666533,0.4385406696177435,FALSE
Copalis,2019,169,1999,50.58317025440313,3,47.1932143262176,14.66166602051349,0.3583540146605393,NA,NA,143.17,1,Copalis (study),0.8795345653661876,0.4436487341614494,0.47960817632150904,FALSE
Copalis,2020,174,2645,40.20939334637964,3,79.81302619032337,12.355414397079018,0.3803680546168598,NA,NA,143.17,1,Copalis (study),0.893223819301848,0.5635375393293045,0.07797606845292415,TRUE
Copalis,2021,176,3726,19.908023483365948,4,52.83184854542414,15.835996238797776,0.2860444428150552,19.936206013547274,0.17533798537309428,143.17,1,Copalis (study),0.8986995208761123,0.7489787662544842,0.4382266534286189,FALSE
Copalis,2022,167,2697,51.81017612524462,4,54.040749976740145,13.335210802153924,0.27428668935082823,25.783051320277718,0.07669683761199599,143.17,1,Copalis (study),0.8740588637919233,0.4248319465098042,0.40011369211268366,FALSE
Copalis,2023,169,1701,31.06262230919765,4,45.498502139174974,11.461585846328116,0.41308268823275146,29.484617579372415,0.10904093353598135,143.17,1,Copalis (study),0.8795345653661876,0.6349589713837271,0.49711161527129133,FALSE
Copalis,2024,175,1203,67.98434442270059,4,64.48886132702485,11.344904653926104,0.3752754293833774,29.322761664154346,0.07403643743501152,143.17,1,Copalis (study),0.8959616700889801,0.25188939717551573,0.2973324003364286,FALSE
Copalis,2025,178,1247,67.98434442270059,3,74.34766553858238,12.436293293415257,0.5411960506179456,NA,NA,143.17,1,Copalis (study),0.9041752224503765,0.26010294953691215,0.17167080813658508,TRUE
Twin Harbors,1997,232,1176,22.80821917808219,4,65.18088520838391,22.864776097646324,0.19845878410645096,11.34416324720425,0.33954782400151595,141.67,0.98,Long Beach (proxy),1.05201916495551,0.8728976373550752,0.4230885843548289,TRUE
Twin Harbors,1998,233,615,66.31115459882582,3,28.144595588136173,7.531780272378168,0.11096432096980396,NA,NA,141.67,0.98,Long Beach (proxy),1.054757015742642,0.4106354847730441,0.8287633727853777,FALSE
Twin Harbors,1999,223,1043,24.035225048923678,4,72.07717726180923,15.820550789384795,0.29874594036348073,14.554599380524202,0.23060609717522226,141.67,0.98,Long Beach (proxy),1.0273785078713211,0.8376685973890226,0.30203262119172947,TRUE
Twin Harbors,2000,241,1502,23.477495107632095,4,41.46066134383913,15.349565740847261,0.08262825276648729,10.507940607144917,0.6294853948765256,141.67,0.98,Long Beach (proxy),1.0766598220396988,0.891776437533736,0.7233546945681946,FALSE
Twin Harbors,2001,232,1168,22.027397260273972,3,79.62885597620054,27.81341231005903,0.36775530859138494,NA,NA,141.67,0.98,Long Beach (proxy),1.05201916495551,0.8795789393390397,0.2094654596973351,TRUE
Twin Harbors,2002,235,624,52.144814090019565,4,58.82713032090721,20.354472776996136,0.24869628768372068,16.024400167167293,0.17168513687850653,141.67,0.98,Long Beach (proxy),1.0602327173169062,0.5918853531510926,0.5127278885019029,TRUE
Twin Harbors,2003,226,1607,23.031311154598825,4,73.6326933215309,19.983639079504023,0.25849093375927396,11.116129747561576,0.49707782176430765,141.67,0.98,Long Beach (proxy),1.0355920602327173,0.8545535263941951,0.2871795836697367,TRUE
Twin Harbors,2004,230,620,23.92367906066536,4,78.72896963077287,15.040668645894542,0.4067750450285419,13.440467155425427,0.30777565568493004,141.67,0.98,Long Beach (proxy),1.0465434633812458,0.857800686177755,0.21868412947227,TRUE
Twin Harbors,2005,231,631,65.64187866927593,3,71.04027508407887,15.292971607405596,0.6676167465235762,NA,NA,141.67,0.98,Long Beach (proxy),1.0492813141683779,0.41418221209184936,0.339026905292778,TRUE
Twin Harbors,2006,220,705,67.98434442270059,3,77.2413599025971,12.095283006413068,0.781505529456685,NA,NA,141.67,0.98,Long Beach (proxy),1.0191649555099247,0.3521320353666134,0.21514235027409423,TRUE
Twin Harbors,2007,222,612,40.87866927592955,3,53.85556796553929,17.3338863924616,0.32574228041326536,NA,NA,141.67,0.98,Long Beach (proxy),1.0246406570841888,0.6772446752738492,0.5366054037277517,FALSE
Twin Harbors,2008,215,598,67.09197651663405,3,63.808849908591974,22.92486201938873,0.6938759555749523,NA,NA,141.67,0.98,Long Beach (proxy),1.0054757015742641,0.35072617406620377,0.3946866239784892,TRUE
Twin Harbors,2009,232,681,68.0958904109589,3,79.02754611290364,23.63805270829798,0.6288414095690797,NA,NA,141.67,0.98,Long Beach (proxy),1.05201916495551,0.3834403716588751,0.21930775267671354,TRUE
Twin Harbors,2010,221,613,65.86497064579257,3,69.02278635333771,11.939352702670194,0.5551806124760752,NA,NA,141.67,0.98,Long Beach (proxy),1.0219028062970568,0.38380508321066953,0.34038711933885424,TRUE
Twin Harbors,2011,223,917,28.720156555772995,4,53.40899214381538,14.699950473085545,0.505246739916618,25.681084765176674,0.24731378825317657,141.67,0.98,Long Beach (proxy),1.0273785078713211,0.7961983522174145,0.5445193380322062,FALSE
Twin Harbors,2012,217,1694,63.63405088062622,3,55.83953537606431,19.654001757266606,0.685500534944766,NA,NA,141.67,0.98,Long Beach (proxy),1.0109514031485285,0.4024505840350102,0.4995979333820374,FALSE
Twin Harbors,2013,231,774,60.73385518590998,4,59.404123358054,8.869118690973401,0.13774203006883368,15.86807345093427,0.07107672608137172,141.67,0.98,Long Beach (proxy),1.0492813141683779,0.47801610881401346,0.49464456999278184,FALSE
Twin Harbors,2014,222,1126,67.20352250489236,3,NA,NA,NA,NA,NA,141.67,0.98,Long Beach (proxy),1.0246406570841888,0.36836376751309063,NA,FALSE
Twin Harbors,2015,215,720,48.35225048923679,3,62.287308669924265,25.932441372034617,0.5721014182054132,NA,NA,141.67,0.98,Long Beach (proxy),1.0054757015742641,0.5794654175348559,0.4144348258332935,TRUE
Twin Harbors,2016,205,945,24.146771037181995,4,39.42473597926696,12.192711655851143,0.19188179779379724,21.030361381929612,0.1135884573665868,141.67,0.98,Long Beach (proxy),0.9780971937029432,0.787419232432318,0.6453156292267326,FALSE
Twin Harbors,2017,220,331,66.86888454011742,3,66.43768297952887,19.689517850628903,0.4275389614367117,NA,NA,141.67,0.98,Long Beach (proxy),1.0191649555099247,0.36746331065610416,0.37332870741005164,TRUE
Twin Harbors,2018,207,609,69.09980430528375,4,34.062060290514054,12.785895339495458,0.10045541894490496,16.35201073817155,0.05362258130817086,141.67,0.98,Long Beach (proxy),0.9835728952772074,0.30097483459248175,0.7029545531708377,FALSE
Twin Harbors,2019,212,751,69.54598825831702,3,60.77291880768834,14.29337757715737,0.22475288089573175,NA,NA,141.67,0.98,Long Beach (proxy),0.9972621492128679,0.30837093831634144,0.42550432759783596,FALSE
Twin Harbors,2020,217,989,67.53816046966732,3,79.741933379309,12.621980957084798,0.40268088082792614,NA,NA,141.67,0.98,Long Beach (proxy),1.0109514031485285,0.35007866222373973,0.16653618507417856,TRUE
Twin Harbors,2021,207,1663,68.87671232876713,3,78.8235653867954,11.694041049821232,0.5245880813835265,NA,NA,141.67,0.98,Long Beach (proxy),0.9835728952772074,0.30410691491216213,0.1541788090800631,TRUE
Twin Harbors,2022,210,886,39.31702544031311,4,40.63623135424414,14.956551647986492,0.18461820475993093,15.766844622894366,0.1267535864714376,141.67,0.98,Long Beach (proxy),0.9917864476386037,0.6600792689844263,0.646841952329533,FALSE
Twin Harbors,2023,212,751,46.00978473581213,3,76.40225591682722,12.541680666243458,0.49160045001565233,NA,NA,141.67,0.98,Long Beach (proxy),0.9972621492128679,0.5965499850939701,0.20644331228895751,TRUE
Twin Harbors,2024,217,1162,69.65753424657534,4,50.05770445709203,8.07738088313,0.18027030929961507,27.178086527705798,0.10761594345270228,141.67,0.98,Long Beach (proxy),1.0109514031485285,0.32048082162078606,0.5661198563102094,FALSE
Twin Harbors,2025,221,802,69.76908023483367,3,46.25986648321252,13.67109401976429,0.142087712361669,NA,NA,141.67,0.98,Long Beach (proxy),1.0219028062970568,0.3298504058247913,0.6185195254520228,FALSE
Long Beach,1997,186,606,17.23091976516634,4,78.54513145799123,15.656606510107437,0.3241371135129493,14.102724326890282,0.4024338367053745,141.67,0.98,Long Beach (study),0.9260780287474333,0.7937472852543742,0.10119475905280495,TRUE
Long Beach,1998,173,522,68.20743639921722,3,79.34850439956915,14.111430582489772,0.5166493974092768,NA,NA,141.67,0.98,Long Beach (study),0.890485968514716,0.22035895658167548,0.05253289770500669,TRUE
Long Beach,1999,164,1059,25.81996086105675,3,69.48408980631778,18.73791577923654,0.4294904280575918,NA,NA,141.67,0.98,Long Beach (study),0.865845311430527,0.6605352903372779,0.17782946223803153,TRUE
Long Beach,2000,169,561,57.387475538160466,3,47.236470050661545,16.173558332341244,0.18616668217914753,NA,NA,141.67,0.98,Long Beach (study),0.8795345653661876,0.34961021064071074,0.4656527192808888,FALSE
Long Beach,2001,148,2491,56.38356164383561,4,54.83906746383694,12.632362263177273,0.5106265002770547,29.707456451399732,0.11424828394562742,141.67,0.98,Long Beach (study),0.8220396988364134,0.3041979078652559,0.32251165232202145,FALSE
Long Beach,2002,144,1615,54.821917808219176,3,45.94679956370067,20.25582480180277,0.5977536335595173,NA,NA,141.67,0.98,Long Beach (study),0.811088295687885,0.3117617663075445,0.4110477737368559,FALSE
Long Beach,2003,163,2963,21.692759295499023,3,47.14925827161745,16.63785216072426,0.4632580715132636,NA,NA,141.67,0.98,Long Beach (study),0.8631074606433949,0.6935173122832705,0.45016755269792835,FALSE
Long Beach,2004,141,3377,20.68884540117417,4,67.13251535413852,15.111570017472667,0.30375632867357144,20.099570355805273,0.3410258287482108,141.67,0.98,Long Beach (study),0.8028747433264887,0.6417873728759762,0.1475703954344597,TRUE
Long Beach,2005,172,2475,42.551859099804304,4,44.040854701566786,10.97906652590893,0.5415967333294288,24.960235177320538,0.18168033038888243,141.67,0.98,Long Beach (study),0.8877481177275839,0.5232706398729268,0.507825321105897,FALSE
Long Beach,2006,147,1104,32.73581213307241,3,68.1276848488761,12.653957228568727,0.2940234748547011,NA,NA,141.67,0.98,Long Beach (study),0.8193018480492813,0.5511829801424946,0.15028199856793367,TRUE
Long Beach,2007,151,502,NA,3,28.760213711859603,10.542015731055026,0.09961541611548763,NA,NA,141.67,0.98,Long Beach (study),0.8302532511978097,NA,0.5987111481738046,FALSE
Long Beach,2008,155,847,63.410958904109584,3,65.44813993843802,22.184650259608635,0.7010862153321568,NA,NA,141.67,0.98,Long Beach (study),0.8412046543463381,0.23561685283223177,0.20870250088531161,TRUE
Long Beach,2009,148,865,67.98434442270059,3,32.717424454411464,11.548293677153753,0.18488857887322357,NA,NA,141.67,0.98,Long Beach (study),0.8220396988364134,0.1550067786931021,0.554093057430767,FALSE
Long Beach,2010,149,1655,43.33268101761252,4,43.37560232671117,11.330280955610913,0.42384665225867524,23.65727694806978,0.17306102161240433,141.67,0.98,Long Beach (study),0.8247775496235455,0.4522297837902084,0.45178430881167697,FALSE
Long Beach,2011,183,665,20.2426614481409,3,68.21799009253367,27.633884717222475,0.33856497226431104,NA,NA,141.67,0.98,Long Beach (study),0.917864476386037,0.760533494634924,0.24759086123217156,TRUE
Long Beach,2012,173,1807,25.596868884540115,4,34.53065414634213,8.959224614358648,0.3654934496229057,20.496367281635425,0.25228565664379926,141.67,0.98,Long Beach (study),0.890485968514716,0.687139053944715,0.6054144129170036,FALSE
Long Beach,2013,148,789,NA,4,28.974888197341766,9.32066733319458,0.07859645738847458,28.974888197341766,0.07859645738847458,141.67,0.98,Long Beach (study),0.8220396988364134,NA,0.5885556551418011,FALSE
Long Beach,2014,166,3156,63.74559686888454,3,47.82701145173578,15.456900841175361,0.4780935607720085,NA,NA,141.67,0.98,Long Beach (study),0.8713210130047913,0.2613605606605949,0.45103799435337777,FALSE
Long Beach,2015,141,3076,19.015655577299412,4,76.00757129618714,25.010096194320372,0.3781288986274044,16.89683703185399,0.2557970213794498,141.67,0.98,Long Beach (study),0.8028747433264887,0.6558030922938387,0.01820789750056717,TRUE
Long Beach,2016,158,1814,30.28180039138943,3,30.330723196768343,9.128708649032607,0.26963936269704,NA,NA,141.67,0.98,Long Beach (study),0.8494182067077345,0.6040314560768419,0.6035831842103837,FALSE
Long Beach,2017,149,251,NA,3,64.8498576389638,7.495103980075598,0.08987536844865547,NA,NA,141.67,0.98,Long Beach (study),0.8247775496235455,NA,0.20025353605365714,FALSE
Long Beach,2018,138,1108,40.20939334637964,4,39.9207913436311,7.081983258687301,0.41010429609964416,25.11102414279073,0.1930645734421586,141.67,0.98,Long Beach (study),0.7946611909650925,0.4540185399127643,0.4569169435857223,FALSE
Long Beach,2019,156,3312,67.53816046966732,3,53.615638637843354,15.222139685080522,0.5195713395973919,NA,NA,141.67,0.98,Long Beach (study),0.8439425051334702,0.18306976420868148,0.35869144096430194,FALSE
Long Beach,2020,158,5232,28.49706457925636,4,40.617256778087736,9.733571660525572,0.2566180765047965,24.702457188219864,0.173772484689869,141.67,0.98,Long Beach (study),0.8494182067077345,0.62025151426174,0.5046653304461939,FALSE
Long Beach,2021,159,3929,68.20743639921722,4,46.57305808019769,12.420179161123698,0.2979028361798164,22.882338038342812,0.08367149822961985,141.67,0.98,Long Beach (study),0.8521560574948666,0.18202904556182609,0.44541769338680415,FALSE
Long Beach,2022,153,1272,NA,3,NA,NA,NA,NA,NA,141.67,0.98,Long Beach (study),0.8357289527720739,NA,NA,FALSE
Long Beach,2023,157,2348,21.46966731898239,4,39.480335907761166,11.592657305491503,0.3978117355965473,21.095862666381368,0.2836718000611562,141.67,0.98,Long Beach (study),0.8466803559206023,0.6789858461603465,0.5133437529992984,FALSE
Long Beach,2024,160,1444,49.133072407045006,3,71.20415761784032,13.785976848069586,0.4398932883380688,NA,NA,141.67,0.98,Long Beach (study),0.8548939082819986,0.42030959469247015,0.14226908970933705,TRUE
Long Beach,2025,165,1898,50.471624266144815,3,48.112968767970145,13.918005338144624,0.5984286374476431,NA,NA,141.67,0.98,Long Beach (study),0.8685831622176592,0.41913079241626,0.44518602002830016,FALSE
