series,beach,resp,cells,obs_max_abs_r,obs_n_sig,null_max_abs_r_median,null_max_abs_r_95,null_n_sig_median,null_n_sig_95,fwer_p_max_abs_r,p_n_sig
Kalaloch|Pre,Kalaloch,Pre,90,0.5979766567192788,9,0.5152206094053436,0.6323931908360771,6,12,0.1095,0.191
Kalaloch|Rec,Kalaloch,Rec,90,0.49284792217563367,2,0.506827509458242,0.62318181354122,5,10,0.588,0.9215
Mocrocks|Pre,Mocrocks,Pre,90,0.49834652713460365,4,0.47741277534201143,0.5868017032044822,3,7,0.3645,0.457
Mocrocks|Rec,Mocrocks,Rec,90,0.7392486174621026,20,0.574320736074119,0.7170937341597267,10,20,0.023,0.0705
Copalis|Pre,Copalis,Pre,90,0.509522299295496,2,0.4902192956755318,0.6126519915975792,4,8,0.402,0.886
Copalis|Rec,Copalis,Rec,90,0.5927263189117112,20,0.5458933426177227,0.6688776231040457,8,16,0.264,0.012
Twin Harbors|Pre,Twin Harbors,Pre,90,0.6793211492584778,3,0.6172897438385223,0.7433014606598657,5,9,0.208,0.839
Twin Harbors|Rec,Twin Harbors,Rec,90,0.616307437156255,4,0.6424791083329435,0.7679967804619248,6,13,0.6375,0.8575
Long Beach|Pre,Long Beach,Pre,90,0.5467962593823729,3,0.47625103557890147,0.5988368541452692,3,7,0.1625,0.601
Long Beach|Rec,Long Beach,Rec,90,0.5808812616975032,16,0.55109218050503594,0.680071700207452,9,18,0.3525,0.1015
