beach,recruit_type,rank,pred_id,n,r_raw,p_raw,r_detrended,p_detrended,n_eff,p_detrended_neff,fwer_p_series
Copalis,Pre-recruits,1,beuti_spring_L2,25,0.5095222992954961,0.009277955520016009,0.45586217202033297,0.022009623928842807,25,0.022009623928842807,0.402
Copalis,Pre-recruits,2,q_spring_L4,25,0.48907582809073624,0.01309938131496163,0.46379965723524785,0.01952859939587081,24.96935705897545,0.019611722165354412,0.402
Copalis,Recruits,1,beuti_settle_L4,27,0.5927263189117113,0.0011222604300479622,0.018260492582205412,0.9279679333674146,26.88032705935213,0.9281435220590026,0.264
Copalis,Recruits,2,q_spring_L0,25,-0.5680618399637186,0.0030535382953062436,-0.6543085624738011,3.87893970163676e-4,20.030275499265908,0.0017325624232169606,0.264
Kalaloch,Pre-recruits,1,q_larval_L2,27,-0.5979766567192789,9.869948111809563e-4,-0.579323302629721,0.0015426731638506143,26.97001979349915,0.0015529728594036885,0.1095
Kalaloch,Pre-recruits,2,beuti_spawn_L2,28,0.5357098802759128,0.0033033371765159416,0.4879684710498312,0.008432117739545459,21.244233215763927,0.023891168871462795,0.1095
Kalaloch,Recruits,1,q_growth_L5,26,0.49284792217563367,0.010525161766620167,0.4840958525822777,0.012213876688275085,21.602771358518776,0.023847444477046672,0.588
Kalaloch,Recruits,2,t_larval_max_L2,27,-0.43847136171669887,0.022149325808904455,-0.41767276471142073,0.030174805357005584,20.467484015439293,0.06335382348918622,0.588
Long Beach,Pre-recruits,1,beuti_growth_L5,26,-0.5467962593823728,0.003846315911668508,-0.6653653032905099,2.0803813028665138e-4,24.419093730742645,3.405658713948437e-4,0.1625
Long Beach,Pre-recruits,2,t_growth_max_L3,26,-0.46213326884074446,0.017460311106216955,-0.46246798083106094,0.01736836511886856,23.19034840729736,0.025600266472891833,0.1625
Long Beach,Recruits,1,q_spring_L0,27,-0.5808812616975032,0.001487697658219122,-0.5445283403720159,0.0033182412226757654,17.402804145635535,0.02195385842670353,0.3525
Long Beach,Recruits,2,beuti_larval_L5,27,0.5666598663360043,0.002058391089556543,0.3330817602809036,0.08956141905117013,22.384323265498782,0.12612198106419137,0.3525
Mocrocks,Pre-recruits,1,beuti_spawn_L1,28,-0.49834652713460365,0.00695475679490545,-0.6149586921787571,4.970693632042566e-4,21.50843695906688,0.00263659210244207,0.3645
Mocrocks,Pre-recruits,2,t_spawn_max_L2,28,-0.32998359276036215,0.08636137618795715,-0.3826552167902429,0.044459458972329245,23.49076327923334,0.06822233389013982,0.3645
Mocrocks,Recruits,1,beuti_larval_L5,28,0.7392486174621026,6.99917305567917e-6,0.4419387717647248,0.018542792328894126,26.944675492141222,0.021144367147573902,0.023
Mocrocks,Recruits,2,t_settle_max_L1,27,0.5388819324793956,0.0037290768256774175,0.22860295275822293,0.2514165664449637,23.698701135108276,0.2860197773124729,0.023
Twin Harbors,Pre-recruits,1,t_spring_max_L3,17,-0.6793211492584778,0.002706333097512736,-0.6758772777860587,0.0028990370930973754,16.199629620288988,0.003790006590400689,0.208
Twin Harbors,Pre-recruits,2,beuti_settle_L5,15,-0.5696212704180459,0.026647993177397262,-0.6365502803909872,0.010724613149657398,15,0.010724613149657398,0.208
Twin Harbors,Recruits,1,t_larval_max_L4,16,-0.6163074371562551,0.011009708071395912,-0.7470593014228726,8.820965566803924e-4,13.875460270132267,0.0022588497660612867,0.6375
Twin Harbors,Recruits,2,beuti_spring_L5,15,0.5510131936006377,0.03326285338213817,0.5118648502367921,0.05111219411627532,10.786003443895952,0.11199765405736795,0.6375
