beach,series,slope_per_yr,se,p,phi
Kalaloch,pre_recruits,0.06053773128451583,0.03730737637524842,0.11672375381714503,-0.08065299219942267
Kalaloch,recruits,-0.018766710922051042,0.022168918029377004,0.40498026231278395,-0.012853441715662073
Mocrocks,pre_recruits,0.014318008130458842,0.015830123007432414,0.37404666476221793,-0.14721896882915486
Mocrocks,recruits,0.038681464806287,0.01011577298257832,7.388383856806292e-4,0.28718548743141714
Copalis,pre_recruits,0.023278975703703124,0.016658531860327536,0.17409890540817777,-0.07770671369606534
Copalis,recruits,0.045172532387581794,0.01317452952787288,0.0020316930627927087,0.24938816939717268
Twin Harbors,pre_recruits,-0.04008186884556154,0.013463994017568605,0.006223475735131421,-0.02529823979712043
Twin Harbors,recruits,0.024033301795424546,0.008368101500607681,0.008011472586241655,0.07085294031491877
Long Beach,pre_recruits,0.014978148978755768,0.03454369478192377,0.6681553583851811,0.019591105145846444
Long Beach,recruits,0.038884325206554646,0.019832262601913536,0.06071471563692842,0.4276843939807974
Copalis,beuti_larval,0.08280056287316823,0.014407901239451903,4.74123079000523e-6,-0.1492021177762055
Copalis,cuti_winter,0.01606717704045313,0.004620680837760866,0.0017971320308276515,0.06075397452660757
Copalis,pdo_larval,-0.05227261869318975,0.03600903194637407,0.1585588015145348,0.5521021527848525
Copalis,q_freshet,-37.802939147942816,57.530982869557604,0.5168989915371534,0.24014924695771775
Copalis,sst_larval,0.03110654171005504,0.014268962805255508,0.03850056494938259,0.0948671676876885
Long Beach,beuti_larval,0.06595162927038543,0.008788185517138544,5.740741242389216e-8,-0.22879876798547236
Long Beach,cuti_winter,-0.0016759551446623863,0.002655179991020948,0.533418684231532,-0.005474470438392966
Long Beach,pdo_larval,-0.05227261869318975,0.03600903194637407,0.1585588015145348,0.5521021527848525
Long Beach,q_freshet,-37.802939147942816,57.530982869557604,0.5168989915371534,0.24014924695771775
Long Beach,sst_larval,0.03110654171005504,0.014268962805255508,0.03850056494938259,0.0948671676876885
