response,var,window,dur,r,n,p_naive,q_bh,p_fwer
pre,BEUTI,Apr Y-1 - Jul Y-1,4,0.4815623909157176,27,0.010981675226742281,0.9991174992030931,0.734
pre,CUTI,Apr Y-1 - May Y-1,2,0.4980789858095192,27,0.00819438303051233,0.9991174992030931,0.6435
pre,Columbia discharge,Mar Y-1 - Mar Y-1,1,-0.33918507577590157,27,0.08348894513339133,0.9991174992030931,0.9995
pre,PDO,May Y-1 - May Y-1,1,-0.35355153323703464,27,0.0704327982077068,0.9991174992030931,0.9995
pre,SST anomaly,Oct Y-1 - Oct Y-1,1,-0.43607686521543665,27,0.02297330056110185,0.9991174992030931,0.9225
rec,BEUTI,Mar Y+2 - Apr Y+2,2,0.4734253467609514,26,0.014570472569404481,0.5297689998096592,0.9395
rec,CUTI,Mar Y+2 - Apr Y+2,2,0.5373510986704129,26,0.00464249104471632,0.5297689998096592,0.6875
rec,Columbia discharge,Mar Y+2 - Mar Y+2,1,-0.5563830262511302,26,0.00315991159197129,0.5297689998096592,0.568
rec,PDO,Jun Y+1 - Jun Y+1,1,-0.3485638090013388,26,0.08096246185782163,0.6323683607095058,1
rec,SST anomaly,Oct Y-1 - Oct Y-1,1,-0.40436482225850007,26,0.04047151106080874,0.546365399320918,0.9975
