response,var,window,dur,r,r_raw,r_year,n,p_naive,q_bh,p_fwer
pre,BEUTI,Apr Y-1 - Jul Y-1,4,0.5495933254288919,0.4696608225526595,0.6119700584968726,27,0.0029832283904731123,0.9993129776616922,0.5795
pre,CUTI,Apr Y-1 - May Y-1,2,0.5231264508129028,0.5025227576828213,0.39687003771466006,27,0.005111728898426528,0.9993129776616922,0.7475
pre,BEUTI,Apr Y-1 - May Y-1,2,0.5209103376966969,0.5153229711159423,0.2826557152287564,27,0.005337275854118367,0.9993129776616922,0.7575
pre,BEUTI,Mar Y-1 - May Y-1,3,0.5117549302076351,0.5085210354073738,0.2596817431770989,27,0.006360535805704011,0.9993129776616922,0.8155
pre,BEUTI,Apr Y-1 - Jun Y-1,3,0.4968564737833838,0.47485070418170267,0.4189311151533868,27,0.008377961909979933,0.9993129776616922,0.891
pre,BEUTI,Mar Y-1 - Jun Y-1,4,0.4952797258664948,0.48272019583318543,0.35686498024693636,27,0.008619817170290442,0.9993129776616922,0.897
pre,CUTI,Mar Y-1 - May Y-1,3,0.494086478047813,0.48358150239327435,0.3411088912188527,27,0.008806714183343242,0.9993129776616922,0.902
pre,Willamette discharge,Nov Y - Nov Y,1,-0.4940462177084323,-0.4963530377831555,-0.15177886948302144,27,0.008813078846199347,0.9993129776616922,0.902
pre,BEUTI,May Y-1 - May Y-1,1,0.47041489360773137,0.45419374106281213,0.3970703406482787,27,0.01327762683299962,0.9993129776616922,0.9615
pre,Storm hours Hs > 4 m (buoys),Jan Y-1 - Jan Y-1,1,0.46915395388959025,0.47187763191271054,0.14440856083165746,27,0.013560692509342847,0.9993129776616922,0.964
rec,Wave energy Hs^2 (buoys),Jul Y - Aug Y,2,-0.595720611741584,-0.5738518602937536,-0.04917189712530464,26,0.0013224586094685842,0.36593219795434606,0.627
rec,Storm hours Hs > 4 m (buoys),Oct Y+1 - Nov Y+1,2,-0.5907378269347727,-0.6331250352411879,-0.2993095483993247,26,0.001485784002170453,0.36593219795434606,0.6645
rec,"Wind stress, alongshore (buoys)",Mar Y+2 - Apr Y+2,2,0.5902456782019835,0.5972876097453392,0.13843320779147664,25,0.0018966661916192812,0.36593219795434606,0.667
rec,Storm hours Hs > 4 m (buoys),Sep Y+1 - Nov Y+1,3,-0.5686571331512753,-0.5959841110352296,-0.2170164105117957,26,0.002435712361520556,0.36593219795434606,0.7805
rec,Storm hours Hs > 4 m (buoys),Aug Y+1 - Nov Y+1,4,-0.5613324906540235,-0.5896587763088192,-0.21854099634960605,26,0.002848429994265275,0.36593219795434606,0.818
rec,"Columbia discharge, The Dalles",Mar Y+2 - Mar Y+2,1,-0.5563830262511302,-0.5396793391977909,-0.05704717286720751,26,0.00315991159197129,0.36593219795434606,0.8445
rec,Willamette discharge,Apr Y - Apr Y,1,0.5553636946199131,0.5614319856443425,0.13150486172253223,26,0.003227540924205604,0.36593219795434606,0.8485
rec,"Columbia discharge, Beaver",Mar Y+2 - May Y+2,3,-0.5461356362245475,-0.4875443443871262,0.06266373237996045,26,0.0038979494185992043,0.36593219795434606,0.887
rec,CUTI,Jan Y+1 - Mar Y+1,3,0.5423679011430079,0.6168078582234778,0.5081107243572096,26,0.004203819570180979,0.36593219795434606,0.9005
rec,CUTI,Feb Y+2 - Apr Y+2,3,0.5419009491323312,0.6180458810458056,0.5509935579963117,26,0.00424310745978741,0.36593219795434606,0.9025
