response,r_index_year,var,window,r_raw,r_year,r_detrended,n,p_fwer_detrended
pre,0.05840127028400423,BEUTI,Apr Y-1 - May Y-1,0.5153229711159423,0.2826557152287564,0.5209103376966969,27,0.7575
pre,0.05840127028400423,CUTI,Apr Y-1 - May Y-1,0.5025227576828213,0.39687003771466006,0.5231264508129028,27,0.7475
pre,0.05840127028400423,Willamette discharge,Nov Y - Nov Y,-0.4963530377831555,-0.15177886948302144,-0.4940462177084323,27,0.902
pre,0.05840127028400423,Storm hours Hs > 4 m (buoys),Jan Y-1 - Jan Y-1,0.47187763191271054,0.14440856083165746,0.46915395388959025,27,0.964
pre,0.05840127028400423,Wave energy Hs^2 (buoys),Jan Y-1 - Jan Y-1,0.44065251140577283,0.09459367705292451,0.4378353407184822,27,0.991
pre,0.05840127028400423,"Columbia discharge, Beaver",Nov Y - Nov Y,-0.4281713293960434,-0.05852814246917727,-0.4262100511617124,27,0.9975
pre,0.05840127028400423,SST anomaly (buoys),Nov Y - Nov Y,-0.4264374964784477,0.11608134864165107,-0.43691112412832794,27,0.9915
pre,0.05840127028400423,PDO,May Y-1 - Jun Y-1,-0.42457140902212065,-0.1833390116027139,-0.42172003432890004,27,0.9985
pre,0.05840127028400423,"Wind stress, alongshore (buoys)",Jan Y-1 - Jan Y-1,-0.40175673883762303,-0.006192953490657931,-0.40277178203834973,26,1
pre,0.05840127028400423,"SST anomaly (MUR, 5-beach mean)",Jun Y - Aug Y,0.389446945038023,0.47431248228838296,0.37984817146075206,21,1
pre,0.05840127028400423,SST anomaly (OISST),Oct Y-1 - Oct Y-1,-0.3863785847671776,0.35632523540925015,-0.4365381059802586,27,0.9915
pre,0.05840127028400423,"Columbia discharge, The Dalles",Mar Y-1 - Mar Y-1,-0.34349852877051434,-0.1945165263017212,-0.33918507577590157,27,1
rec,0.35414767671143,Storm hours Hs > 4 m (buoys),Oct Y+1 - Nov Y+1,-0.6331250352411879,-0.2993095483993247,-0.5907378269347727,26,0.6645
rec,0.35414767671143,CUTI,Feb Y+2 - Apr Y+2,0.6180458810458056,0.5509935579963117,0.5419009491323312,26,0.9025
rec,0.35414767671143,"Wind stress, alongshore (buoys)",Mar Y+2 - Apr Y+2,0.5972876097453392,0.13843320779147664,0.5902456782019835,25,0.667
rec,0.35414767671143,BEUTI,Feb Y+2 - Apr Y+2,0.584915452473455,0.5182653980790037,0.5018462946077834,26,0.979
rec,0.35414767671143,Wave energy Hs^2 (buoys),Jul Y - Aug Y,-0.5738518602937536,-0.04917189712530464,-0.595720611741584,26,0.627
rec,0.35414767671143,Willamette discharge,Apr Y - Apr Y,0.5614319856443425,0.13150486172253223,0.5553636946199131,26,0.8485
rec,0.35414767671143,"Columbia discharge, The Dalles",Mar Y+2 - Mar Y+2,-0.5396793391977909,-0.05704717286720751,-0.5563830262511302,26,0.8445
rec,0.35414767671143,"SST anomaly (MUR, 5-beach mean)",Aug Y+1 - Aug Y+1,0.5366835370956385,0.5156828368483709,0.38056680475352045,22,1
rec,0.35414767671143,"Columbia discharge, Beaver",Apr Y - Apr Y,0.5269297241960036,0.09172028453233837,0.5309514308705351,26,0.93
rec,0.35414767671143,SST anomaly (OISST),Aug Y+1 - Sep Y+1,0.3955735833602161,0.4293530348004987,0.28832352382680476,26,1
rec,0.35414767671143,SST anomaly (buoys),Aug Y+1 - Sep Y+1,0.3890802753874154,0.48271958368683865,0.26632736228609233,26,1
rec,0.35414767671143,PDO,Feb Y - Feb Y,-0.38332902187730844,-0.22372047569431627,-0.3336299980333052,26,1
