x,y,id,monitoring_location_id,field_visit_id,measurement_number,time,channel_name,channel_flow,channel_flow_unit,channel_width,channel_width_unit,channel_area,channel_area_unit,channel_velocity,channel_velocity_unit,channel_location_distance,channel_location_distance_unit,channel_stability,channel_material,channel_evenness,horizontal_velocity_description,vertical_velocity_description,longitudinal_velocity_description,measurement_type,last_modified,channel_measurement_type
-121.189916666667,45.6082777777778,47c2e116-85f7-4e09-ad4e-d49ad5cc42ef,USGS-14105700,b9f16a5d-0447-442d-b0fa-135fb4ac1edd,489,2025-11-19 23:04:06+00:00,Main,108000,ft^3/s,1110,ft,99000,ft^2,1.09,ft/s,2640.00,ft,Firm,Sand,Even,Uneven,NonStandard,Pulsating,MannedMovingBoat,2026-02-10 02:00:22.054167+00:00,adcp
-121.189916666667,45.6082777777778,5ccee625-d0b3-4915-8231-fa425b516cee,USGS-14105700,12b416e6-0ef8-41a0-b9f2-50609005d68b,488,2025-06-16 19:11:42+00:00,Main,202000,ft^3/s,1170,ft,105000,ft^2,1.93,ft/s,2640.00,ft,Firm,Sand,Even,Uneven,NonStandard,Pulsating,MannedMovingBoat,2026-02-10 02:00:22.054167+00:00,adcp
-121.189916666667,45.6082777777778,35f4774f-282f-4a4b-a9a3-4cec897d15a9,USGS-14105700,49ef82ea-99f5-4908-a9f3-0b71792cf746,487,2025-04-23 19:10:02+00:00,Main,202000,ft^3/s,1130,ft,102000,ft^2,1.99,ft/s,2640.00,ft,Firm,Sand,Uneven,Uneven,NonStandard,Pulsating,MannedMovingBoat,2026-02-10 02:00:22.054167+00:00,adcp
-121.189916666667,45.6082777777778,27b9e483-73c8-4f5d-a609-9f37f6b8daf8,USGS-14105700,5f237a45-9265-4310-9dc9-05d4bb1883e3,486,2025-01-28 20:31:45+00:00,Main,124000,ft^3/s,1150,ft,101000,ft^2,1.23,ft/s,2640.00,ft,Firm,Sand,Uneven,Uneven,NonStandard,Pulsating,MannedMovingBoat,2026-02-10 02:00:22.054167+00:00,adcp
-121.189916666667,45.6082777777778,c86ad2a5-25e7-423b-b2c1-989321497299,USGS-14105700,bef63347-9354-4ee5-a500-466d6716b03c,485,2024-10-30 19:56:48+00:00,main,73100,ft^3/s,1160,ft,102000,ft^2,0.72,ft/s,2640.00,ft,Firm,Sand,Even,Uneven,NonStandard,Pulsating,MannedMovingBoat,2026-02-10 02:00:22.054167+00:00,adcp
-121.189916666667,45.6082777777778,2b7b26f9-9baa-41a5-befd-6ac621dbf2d1,USGS-14105700,6b1370bf-509f-40d5-afed-d864f143421c,484,2024-09-09 20:52:48+00:00,Main,95500,ft^3/s,1150,ft,103000,ft^2,0.93,ft/s,2640.00,ft,Firm,Sand,Uneven,Uneven,NonStandard,Pulsating,MannedMovingBoat,2026-02-10 02:00:22.054167+00:00,adcp
-121.189916666667,45.6082777777778,193c0f22-5915-4b5d-bead-2832c97e8140,USGS-14105700,6b1370bf-509f-40d5-afed-d864f143421c,483,2024-09-09 18:28:10+00:00,Main,85500,ft^3/s,1070,ft,98700,ft^2,0.87,ft/s,2640.00,ft,Firm,Sand,Uneven,Uneven,NonStandard,Pulsating,MannedMovingBoat,2026-02-10 02:00:22.054167+00:00,adcp
-121.189916666667,45.6082777777778,beae64a2-89ae-4626-a70e-a98ea840ab07,USGS-14105700,93bfd548-4271-4ca8-b135-486118e18e43,482,2024-07-01 19:03:38+00:00,Main,180000,ft^3/s,1110,ft,100000,ft^2,1.80,ft/s,2640.00,ft,Firm,Sand,Even,Unspecified,NonStandard,Pulsating,MannedMovingBoat,2026-02-10 02:00:22.054167+00:00,adcp
-121.189916666667,45.6082777777778,dbffd3c6-38cb-444a-bc6f-aa7c0025ea0b,USGS-14105700,f658bac8-9dea-40ed-9184-9d8546d8290d,481,2024-04-02 19:01:52+00:00,Main,135000,ft^3/s,1160,ft,102000,ft^2,1.33,ft/s,2640.00,ft,Firm,Sand,Even,Even,NonStandard,Pulsating,MannedMovingBoat,2026-02-10 02:00:22.054167+00:00,adcp
-121.189916666667,45.6082777777778,faf101c5-5f7b-427d-b862-caf59b3514ed,USGS-14105700,b2e7ef1f-fa97-4a7c-9598-0ea3111ece1f,480,2024-02-07 20:19:22+00:00,Main,116000,ft^3/s,1150,ft,99900,ft^2,1.16,ft/s,2640.00,ft,Firm,Sand,Uneven,Even,NonStandard,Pulsating,MannedMovingBoat,2026-02-10 02:00:22.054167+00:00,adcp
-121.189916666667,45.6082777777778,8c1d090f-c596-45f4-b1e7-8ab461e30a42,USGS-14105700,b2e7ef1f-fa97-4a7c-9598-0ea3111ece1f,479,2024-02-07 19:42:34+00:00,Main,118000,ft^3/s,1130,ft,99900,ft^2,1.18,ft/s,2640.00,ft,Firm,Sand,Even,Even,NonStandard,Pulsating,MannedMovingBoat,2026-02-10 02:00:22.054167+00:00,adcp
-121.189916666667,45.6082777777778,c68bdb3a-1c0e-4223-ad63-06821f1c59be,USGS-14105700,3a3e5a48-9f88-426d-bde0-7fc53c40b6ad,478,2023-11-28 19:24:01+00:00,Main,106000,ft^3/s,1120,ft,101000,ft^2,1.05,ft/s,2640.00,ft,Firm,Sand,Even,Uneven,NonStandard,Pulsating,MannedMovingBoat,2026-02-10 02:00:22.054167+00:00,adcp
-121.189916666667,45.6082777777778,42272680-7b7e-440b-8292-649c31bfefef,USGS-14105700,944c4644-4f05-41d7-9a80-74bc4fb0f412,477,2023-10-25 18:42:43+00:00,Main,95700,ft^3/s,1150,ft,101000,ft^2,0.95,ft/s,2640.00,ft,Firm,Sand,Uneven,Uneven,NonStandard,Pulsating,MannedMovingBoat,2026-02-10 02:00:22.054167+00:00,adcp
-121.189916666667,45.6082777777778,d13de33f-f6b6-4e28-a9ab-98b900623b87,USGS-14105700,2e4fcee7-3249-4521-b1c1-aa707e727abd,476,2023-08-01 17:42:48+00:00,Main,113000,ft^3/s,1110,ft,99400,ft^2,1.14,ft/s,2640.00,ft,Firm,Sand,Even,Uneven,NonStandard,Pulsating,MannedMovingBoat,2026-02-10 02:00:22.054167+00:00,adcp
-121.189916666667,45.6082777777778,7c887052-99eb-41e2-89b5-cd541ca25663,USGS-14105700,4f09e841-ac4d-462d-a5a8-06fdc55b0ab8,475,2023-05-03 17:33:38+00:00,Main,318000,ft^3/s,1110,ft,103000,ft^2,3.09,ft/s,2640.00,ft,Firm,Sand,Even,Uneven,NonStandard,Pulsating,MannedMovingBoat,2026-02-10 02:00:22.054167+00:00,adcp
-121.189916666667,45.6082777777778,c5b8f981-c42b-42f9-a5eb-e759568918ab,USGS-14105700,c365894e-d751-4b85-829e-a3d64d01ce1a,474,2023-03-01 20:20:34+00:00,Main,99800,ft^3/s,1180,ft,100000,ft^2,1.00,ft/s,2640.00,ft,Firm,Sand,Even,Uneven,NonStandard,Pulsating,MannedMovingBoat,2026-02-10 02:00:22.054167+00:00,adcp
-121.189916666667,45.6082777777778,7c58d403-cb36-407b-87b1-c22d21c7e27e,USGS-14105700,030765bd-c04f-47ee-9874-1f3fb72903c8,473,2022-11-01 22:00:57+00:00,Main,129000,ft^3/s,1120,ft,102000,ft^2,1.27,ft/s,2640.00,ft,Firm,Sand,Even,Uneven,NonStandard,Pulsating,MannedMovingBoat,2026-02-10 02:00:22.054167+00:00,adcp
-121.189916666667,45.6082777777778,8dcf62ef-727c-4236-9124-c09edcdc622a,USGS-14105700,41c74498-491d-40e1-ae0f-278d45394c6e,472,2022-08-30 18:47:54+00:00,Main,99400,ft^3/s,1100,ft,99000,ft^2,1.00,ft/s,2640.00,ft,Firm,Sand,Even,Uneven,NonStandard,Pulsating,MannedMovingBoat,2026-02-10 02:00:22.054167+00:00,adcp
-121.189916666667,45.6082777777778,c45ced84-a754-4f9a-8b4a-899b2561a01f,USGS-14105700,089f0915-d227-464a-9a2d-f3efbfaa6222,471,2022-06-13 18:44:48+00:00,Main,440000,ft^3/s,1120,ft,108000,ft^2,4.08,ft/s,2640.00,ft,Firm,Sand,Even,Uneven,NonStandard,Pulsating,MannedMovingBoat,2026-02-10 02:00:22.054167+00:00,adcp
-121.189916666667,45.6082777777778,255fff7e-c6db-4707-bed5-87eb3dbceb43,USGS-14105700,5c0a9098-7106-412f-b8f2-5d63263e7432,470,2022-04-28 18:42:47+00:00,Main,146000,ft^3/s,1100,ft,100000,ft^2,1.46,ft/s,2640.00,ft,Firm,Sand,Even,Uneven,NonStandard,Pulsating,MannedMovingBoat,2026-02-10 02:00:22.054167+00:00,adcp
-121.189916666667,45.6082777777778,d7a1d117-f0b7-4450-9ef3-5fc6861d5785,USGS-14105700,3db3d9ec-3dab-4043-aa9c-ccaabffc2814,469,2022-02-15 20:23:52+00:00,Main,159000,ft^3/s,1110,ft,99000,ft^2,1.60,ft/s,2640.00,ft,Firm,Sand,Even,Uneven,NonStandard,Pulsating,MannedMovingBoat,2026-02-10 02:00:22.054167+00:00,adcp
-121.189916666667,45.6082777777778,86f5e653-6ca9-4e10-8d33-8613541b0cb0,USGS-14105700,19e4f277-24e8-4894-a0a4-cc69c2935ac3,468,2022-01-12 19:43:33+00:00,Main,150000,ft^3/s,1110,ft,99300,ft^2,1.51,ft/s,2640.00,ft,Firm,Sand,Even,Uneven,NonStandard,Pulsating,MannedMovingBoat,2026-02-10 02:00:22.054167+00:00,adcp
-121.189916666667,45.6082777777778,e910169e-b532-47a8-a034-a916fb2e9080,USGS-14105700,7cd99625-742a-441e-a1d2-6a3552a154a9,467,2021-12-01 19:38:06+00:00,Main,141000,ft^3/s,1070,ft,95900,ft^2,1.47,ft/s,2640.00,ft,Firm,Sand,Uneven,Uneven,Unknown,Pulsating,MannedMovingBoat,2026-02-10 02:00:22.054167+00:00,adcp
-121.189916666667,45.6082777777778,4e04aa0e-ae9c-4106-8e7a-610d26c125c5,USGS-14105700,c4099da3-7b1c-4316-8aac-98a6cfd21256,465,2021-09-03 18:27:50+00:00,Main,102000,ft^3/s,1100,ft,99400,ft^2,1.03,ft/s,2640.00,ft,Firm,Sand,Even,Uneven,NonStandard,Pulsating,MannedMovingBoat,2026-02-10 02:00:22.054167+00:00,adcp
-121.189916666667,45.6082777777778,f621a202-0e34-43f8-86e3-7965e6901de9,USGS-14105700,25f4ffce-9361-43c6-9739-eb1237dccbf5,464,2021-06-02 18:51:20+00:00,Main,232000,ft^3/s,1120,ft,102000,ft^2,2.27,ft/s,2640.00,ft,Firm,Sand,Even,Uneven,NonStandard,Pulsating,MannedMovingBoat,2026-02-10 02:00:22.054167+00:00,adcp
-121.189916666667,45.6082777777778,d33efa7d-8492-44d6-a2d2-1e74cc9ef815,USGS-14105700,6737aa1a-8a09-4d91-a3e1-c886332b0b49,463,2021-01-28 20:05:05+00:00,Main,170000,ft^3/s,1120,ft,100000,ft^2,1.70,ft/s,2640.00,ft,Soft,Sand,Uneven,Uneven,Unknown,Steady,MannedMovingBoat,2026-02-10 02:00:22.054167+00:00,adcp
-121.189916666667,45.6082777777778,396aeacd-3b80-4ce9-846a-58703dc87fe3,USGS-14105700,2f702dd5-5408-4ff7-8cc3-76d626c03622,462,2020-12-10 21:02:04+00:00,Main,124000,ft^3/s,1140,ft,102000,ft^2,1.22,ft/s,2640.00,ft,Firm,Sand,Uneven,Uneven,NonStandard,Pulsating,MannedMovingBoat,2026-02-10 02:00:22.054167+00:00,adcp
-121.189916666667,45.6082777777778,32d2a881-29b0-4a9b-88e5-4f81dde01998,USGS-14105700,15f8378e-5de6-4a31-aaa5-eca53ed6ec63,461,2020-10-01 19:15:49+00:00,Main,91600,ft^3/s,1110,ft,98200,ft^2,0.93,ft/s,2640.00,ft,Firm,Sand,Uneven,Uneven,NonStandard,Pulsating,MannedMovingBoat,2026-02-10 02:00:22.054167+00:00,adcp
-121.189916666667,45.6082777777778,01f37aef-dce8-4872-a9a7-abcf84151136,USGS-14105700,5669c5f5-6f3f-46de-a060-7b3888c83b1e,460,2020-07-06 17:28:01+00:00,Main,206000,ft^3/s,1110,ft,99700,ft^2,2.07,ft/s,2640.00,ft,Firm,Sand,Even,Uneven,NonStandard,Pulsating,MannedMovingBoat,2026-02-10 02:00:22.054167+00:00,adcp
-121.189916666667,45.6082777777778,951212f9-cb32-4c35-968c-1ab7ff293774,USGS-14105700,0bdfb888-0cdd-40d6-9cc5-20725e9e020c,459,2020-05-01 17:55:54+00:00,Main,257000,ft^3/s,1120,ft,102000,ft^2,2.51,ft/s,2640.00,ft,Firm,Sand,Even,Uneven,NonStandard,Pulsating,MannedMovingBoat,2026-02-10 02:00:22.054167+00:00,adcp
-121.189916666667,45.6082777777778,ccefa47c-2a79-4b68-8fba-df5df875b8d9,USGS-14105700,724d1750-04b2-49e3-a4ae-5887d3bc3328,458,2020-02-13 19:05:25+00:00,Main,207000,ft^3/s,1090,ft,101000,ft^2,2.06,ft/s,2640.00,ft,Firm,Sand,Even,Uneven,NonStandard,Pulsating,MannedMovingBoat,2026-02-10 02:00:22.054167+00:00,adcp
-121.189916666667,45.6082777777778,cbb63dcb-bd92-47f6-9d11-1e1c92b76d8b,USGS-14105700,569c2fb0-27da-4636-a28e-c6a35f4e5420,457,2019-12-12 18:12:49+00:00,Main,128000,ft^3/s,1100,ft,97900,ft^2,1.30,ft/s,2640.00,ft,Firm,Sand,Even,Uneven,NonStandard,Pulsating,MannedMovingBoat,2026-02-10 02:00:22.054167+00:00,adcp
-121.189916666667,45.6082777777778,4aa2fa08-b6f1-433d-bc73-9fc8156cac17,USGS-14105700,8e4de603-8c54-3f54-e053-0100007f40cd,455,2019-07-22 18:38:56+00:00,Main,110000,ft^3/s,1130,ft,101000,ft^2,1.10,ft/s,2640.00,ft,Firm,Sand,Uneven,Uneven,NonStandard,Pulsating,MannedMovingBoat,2026-02-10 02:00:22.054167+00:00,adcp
-121.189916666667,45.6082777777778,3a67d7b8-d879-4635-a392-95afd162dd90,USGS-14105700,8a9eb40a-df75-3317-e053-0100007f1c70,454,2019-06-05 18:32:37+00:00,Main,288000,ft^3/s,1120,ft,103000,ft^2,2.80,ft/s,2640.00,ft,Firm,Sand,Even,Uneven,NonStandard,Pulsating,MannedMovingBoat,2026-02-10 02:00:22.054167+00:00,adcp
-121.189916666667,45.6082777777778,8de4a4db-6518-4b8a-96aa-3b56bb899e7f,USGS-14105700,86e6ba85-d04b-c64b-e053-0100007f75f4,453,2019-04-18 20:56:57+00:00,Main,223000,ft^3/s,1100,ft,101000,ft^2,2.20,ft/s,1500.00,ft,Firm,Sand,Uneven,Uneven,NonStandard,Pulsating,MannedMovingBoat,2026-02-10 02:00:22.054167+00:00,adcp
-121.189916666667,45.6082777777778,74d5c616-8085-4b2f-b3aa-cbe38fd9a26a,USGS-14105700,81cfd549-8f7d-a08b-e053-0100007fd49c,452,2019-01-31 22:02:18+00:00,main,156000,ft^3/s,1100,ft,99200,ft^2,1.57,ft/s,1500.00,ft,Firm,Cobbles,Uneven,Unspecified,Standard,Pulsating,MannedMovingBoat,2026-02-10 02:00:22.054167+00:00,adcp
-121.189916666667,45.6082777777778,27d12d14-dad0-4905-9785-20a5037378b2,USGS-14105700,79a1381b-e152-b425-e053-0100007f2738,451,2018-10-31 21:25:58+00:00,main,112000,ft^3/s,1130,ft,96900,ft^2,1.16,ft/s,1500.00,ft,Firm,Cobbles,Uneven,Unspecified,Standard,Pulsating,MannedMovingBoat,2026-02-10 02:00:22.054167+00:00,adcp
-121.189916666667,45.6082777777778,79a013d7-fcfd-402d-979d-def85509ec36,USGS-14105700,73df4efd-46ce-17e8-e053-0100007f5548,450,2018-08-13 23:49:40+00:00,main,143000,ft^3/s,1200,ft,106000,ft^2,1.34,ft/s,1500.00,ft,Firm,CobblesBoulders,Uneven,Unspecified,Standard,Pulsating,MannedMovingBoat,2026-02-10 02:00:22.054167+00:00,adcp
-121.189916666667,45.6082777777778,00682bf6-e0e8-416b-ac96-bb223adaf791,USGS-14105700,6f1ba3bc-1959-3c04-e053-0100007fa5b6,449,2018-06-20 19:30:13+00:00,main,209000,ft^3/s,1120,ft,98000,ft^2,2.13,ft/s,1500.00,ft,Firm,Cobbles,Uneven,Unspecified,Standard,Pulsating,MannedMovingBoat,2026-02-10 02:00:22.054167+00:00,adcp
-121.189916666667,45.6082777777778,f4ccc1a8-6b05-4d4a-8552-646a675c1a04,USGS-14105700,69117e14-9a32-c923-e053-0100007f679b,448,2018-04-04 21:36:27+00:00,main,196000,ft^3/s,1130,ft,103000,ft^2,1.90,ft/s,1500.00,ft,Firm,Cobbles,Uneven,Unspecified,Standard,Pulsating,MannedMovingBoat,2026-02-10 02:00:22.054167+00:00,adcp
-121.189916666667,45.6082777777778,f3c724cf-d2f2-4a61-8384-5e7f19af47eb,USGS-14105700,6276fb2c-0737-73a0-e053-0100007fdf55,447,2018-01-10 21:05:56+00:00,main,178000,ft^3/s,1150,ft,103000,ft^2,1.72,ft/s,1500.00,ft,Firm,Cobbles,Uneven,Unspecified,Standard,Unknown,MannedMovingBoat,2026-02-10 02:00:22.054167+00:00,adcp
-121.189916666667,45.6082777777778,fea36a4f-bd24-467c-8a50-a3303cd3600d,USGS-14105700,5d543217-d08d-0c5f-e053-0100007f1422,446,2017-11-03 18:48:36+00:00,main,106000,ft^3/s,1110,ft,98300,ft^2,1.08,ft/s,2000.00,ft,Firm,Cobbles,Uneven,Unspecified,Standard,Steady,MannedMovingBoat,2026-02-10 02:00:22.054167+00:00,adcp
-121.189916666667,45.6082777777778,393d57a1-a7df-42d4-9f18-4b05c2db1f52,USGS-14105700,5a446b6c-538b-a8d7-e053-0100007f26a2,445,2017-09-27 21:21:02+00:00,main,119000,ft^3/s,1150,ft,97100,ft^2,1.22,ft/s,1500.00,ft,Firm,CobblesBoulders,Uneven,Unspecified,Standard,Unknown,MannedMovingBoat,2026-02-10 02:00:22.054167+00:00,adcp
-121.189916666667,45.6082777777778,d9f01add-b296-4c9d-9279-b36b832a4fa7,USGS-14105700,54a0f70d-bdae-b8b6-e053-0100007fdf09,444,2017-07-18 18:04:50+00:00,main,221000,ft^3/s,1100,ft,102000,ft^2,2.16,ft/s,1500.00,ft,Unspecified,Unspecified,Unspecified,Unspecified,Standard,Unknown,MannedMovingBoat,2026-02-10 02:00:22.054167+00:00,adcp
-121.189916666667,45.6082777777778,7ed75f0d-ae9d-4792-89b1-d2b7e77ce6db,USGS-14105700,50dc8280-c655-6314-e053-0100007f3e26,443,2017-05-02 20:44:10+00:00,main,344000,ft^3/s,1140,ft,106000,ft^2,3.26,ft/s,1500.00,ft,Unspecified,Unspecified,Unspecified,Unspecified,Unspecified,Unknown,MannedMovingBoat,2026-02-10 02:00:22.054167+00:00,adcp
-121.189916666667,45.6082777777778,401519bd-52f6-47fe-8b7e-2c1ee237dd7a,USGS-14105700,4d2a46b1-39ba-8609-e053-0100007f0a7e,441,2017-03-21 19:04:27+00:00,main,442000,ft^3/s,1110,ft,106000,ft^2,4.15,ft/s,1500.00,ft,Unspecified,Unspecified,Unspecified,Uneven,Unspecified,Unknown,MannedMovingBoat,2026-02-10 02:00:22.054167+00:00,adcp
-121.189916666667,45.6082777777778,f9b21048-f4dc-40cd-aef8-8949107c2c62,USGS-14105700,4d2a46b1-39ba-8609-e053-0100007f0a7e,442,2017-03-21 18:29:09+00:00,main,457000,ft^3/s,1130,ft,108000,ft^2,4.21,ft/s,1500.00,ft,Unspecified,Unspecified,Unspecified,Unspecified,Unspecified,Unknown,MannedMovingBoat,2026-02-10 02:00:22.054167+00:00,adcp
-121.189916666667,45.6082777777778,bbfbd6c7-b819-43a1-b158-d88056e117de,USGS-14105700,4a95edb5-6e75-8c78-e053-0100007f3d35,440,2016-11-29 21:40:13+00:00,main,118000,ft^3/s,1120,ft,101000,ft^2,1.17,ft/s,1500.00,ft,Firm,Gravel,Uneven,Unspecified,Standard,Unknown,MannedMovingBoat,2026-02-10 02:00:22.054167+00:00,adcp
-121.189916666667,45.6082777777778,3ce3596b-f63a-4831-bd8b-823f45a6565c,USGS-14105700,4a95e330-692e-8883-e053-0100007f7728,439,2016-09-19 19:08:41+00:00,1,83300,ft^3/s,1130,ft,102000,ft^2,0.82,ft/s,2000.00,ft,Unspecified,Unspecified,Unspecified,Unspecified,Unspecified,Unknown,MannedMovingBoat,2026-02-10 02:00:22.054167+00:00,adcp
-121.189916666667,45.6082777777778,63f1b3fb-f978-480e-8cb4-f3e6bf831486,USGS-14105700,4a95e330-692e-8883-e053-0100007f7728,438,2016-09-19 18:53:16+00:00,1,74600,ft^3/s,1100,ft,99400,ft^2,0.75,ft/s,2000.00,ft,Unspecified,Unspecified,Unspecified,Unspecified,Unspecified,Unknown,MannedMovingBoat,2026-02-10 02:00:22.054167+00:00,adcp
-121.189916666667,45.6082777777778,d6213239-da23-4822-8c64-bd0a6e200801,USGS-14105700,4a95e330-692e-8883-e053-0100007f7728,437,2016-09-19 17:36:56+00:00,main,73000,ft^3/s,1130,ft,100000,ft^2,0.73,ft/s,2000.00,ft,Unspecified,Unspecified,Unspecified,Unspecified,Unspecified,Unknown,MannedMovingBoat,2026-02-10 02:00:22.054167+00:00,adcp
-121.189916666667,45.6082777777778,1390f7fc-0445-41a6-b027-220766ba628d,USGS-14105700,4a95edb5-6e73-8c78-e053-0100007f3d35,436,2016-07-19 19:23:57+00:00,main,182000,ft^3/s,1130,ft,101000,ft^2,1.79,ft/s,1500.00,ft,Firm,CobblesBoulders,Uneven,Unspecified,Standard,Unknown,MannedMovingBoat,2026-02-10 02:00:22.054167+00:00,adcp
-121.189916666667,45.6082777777778,3fa60b28-b7ae-40d1-83c2-855d1e521031,USGS-14105700,4a95db07-b990-84cb-e053-0100007f47a5,435,2016-06-02 18:16:05+00:00,main,190000,ft^3/s,2370,ft,91100,ft^2,2.08,ft/s,6340.00,ft,Firm,CobblesBoulders,Uneven,Unspecified,Standard,Unknown,MannedMovingBoat,2026-02-10 02:00:22.054167+00:00,adcp
-121.189916666667,45.6082777777778,9423558c-1a3b-41c6-a073-ab08498cc986,USGS-14105700,4a95da97-0953-84cf-e053-0100007f6733,434,2016-03-16 18:37:40+00:00,main,214000,ft^3/s,1200,ft,99400,ft^2,2.16,ft/s,1500.00,ft,Firm,CobblesBoulders,Uneven,Unspecified,Standard,Unknown,MannedMovingBoat,2026-02-10 02:00:22.054167+00:00,adcp
-121.189916666667,45.6082777777778,7a0b0e1d-8073-40bb-8e91-5626879e8472,USGS-14105700,4a95dc5e-22d0-854b-e053-0100007f308a,433,2016-01-20 20:36:57+00:00,1,129000,ft^3/s,1150,ft,103000,ft^2,1.25,ft/s,2200.00,ft,Firm,CobblesBoulders,Uneven,Unspecified,Standard,Unknown,MannedMovingBoat,2026-02-10 02:00:22.054167+00:00,adcp
-121.189916666667,45.6082777777778,23ea5d22-58e0-47e3-8864-e5c59eb05853,USGS-14105700,4a95d154-c9c3-8118-e053-0100007fbca4,432,2015-10-05 15:57:41+00:00,1,76700,ft^3/s,1120,ft,99500,ft^2,0.77,ft/s,500.00,ft,Firm,CobblesBoulders,Uneven,Unspecified,Standard,Unknown,MannedMovingBoat,2026-02-10 02:00:22.054167+00:00,adcp
-121.189916666667,45.6082777777778,cbb21dd2-cb49-49db-bb1d-a057ccd4fdae,USGS-14105700,4a95df64-d405-86b5-e053-0100007fb18e,431,2015-09-03 17:24:00+00:00,1,98100,ft^3/s,1160,ft,95500,ft^2,1.03,ft/s,,ft,Firm,CobblesBoulders,Uneven,Unspecified,Standard,Unknown,MannedMovingBoat,2026-02-10 02:00:22.054167+00:00,adcp
-121.189916666667,45.6082777777778,65ddb049-0aa0-4fdf-b68e-1e6c14b8494f,USGS-14105700,4a95e6b3-62a6-89b1-e053-0100007fb989,430,2015-07-09 17:33:30+00:00,1,130000,ft^3/s,1180,ft,103000,ft^2,1.26,ft/s,2000.00,ft,Firm,Cobbles,Uneven,Uneven,Standard,Unknown,MannedMovingBoat,2026-02-10 02:00:22.054167+00:00,adcp
-121.189916666667,45.6082777777778,afd0c384-78af-4260-83ed-f99435dd33f9,USGS-14105700,4a95e1fc-0fa8-87b5-e053-0100007f5528,429,2015-03-26 22:36:00+00:00,1,218000,ft^3/s,1140,ft,106000,ft^2,2.06,ft/s,1500.00,ft,Firm,Cobbles,Uneven,Even,Standard,Unknown,MannedMovingBoat,2026-02-10 02:00:22.054167+00:00,adcp
-121.189916666667,45.6082777777778,5b7176d8-3f48-4282-b76a-952123df96fb,USGS-14105700,4a95c667-0403-7c80-e053-0100007f6ada,428,2014-12-05 19:39:30+00:00,Main,137000,ft^3/s,1130,ft,100000,ft^2,1.36,ft/s,500.00,ft,Firm,Cobbles,Even,Even,Standard,Unknown,MannedMovingBoat,2026-02-10 02:00:22.054167+00:00,adcp
-121.189916666667,45.6082777777778,d02a96da-9971-4193-8ebc-3b2a174fd0ef,USGS-14105700,4a95ee00-f124-8c94-e053-0100007fe293,427,2014-09-10 19:54:00+00:00,1,98100,ft^3/s,1150,ft,105000,ft^2,0.94,ft/s,600.00,ft,Firm,CobblesBoulders,Even,Even,NonStandard,Unknown,MannedMovingBoat,2026-02-10 02:00:22.054167+00:00,adcp
-121.189916666667,45.6082777777778,542caba0-e06d-433f-a80a-1ff07c30d935,USGS-14105700,4a95d87c-215c-8400-e053-0100007f0f4a,426,2014-05-13 20:37:00+00:00,main,293000,ft^3/s,1160,ft,103000,ft^2,2.85,ft/s,400.00,ft,Firm,Cobbles,Even,Unspecified,Standard,Unknown,MannedMovingBoat,2026-02-10 02:00:22.054167+00:00,adcp
-121.189916666667,45.6082777777778,82c9c563-db26-4799-b144-a259d66171da,USGS-14105700,4a95d87c-215c-8400-e053-0100007f0f4a,425,2014-05-13 19:53:30+00:00,1,270000,ft^3/s,1090,ft,103000,ft^2,2.63,ft/s,1300.00,ft,Firm,Cobbles,Even,Unspecified,Standard,Unknown,MannedMovingBoat,2026-02-10 02:00:22.054167+00:00,adcp
-121.189916666667,45.6082777777778,52dbe8ba-4e22-4f2a-bfad-d23427799057,USGS-14105700,4a95ee2a-6b30-8c80-e053-0100007fe8ee,424,2014-03-05 21:57:21+00:00,main,177000,ft^3/s,1030,ft,95200,ft^2,1.86,ft/s,2000.00,ft,Firm,CobblesBoulders,Even,Even,Standard,Unknown,MannedMovingBoat,2026-02-10 02:00:22.054167+00:00,adcp
-121.189916666667,45.6082777777778,4ae05994-1ef3-4391-93ac-d51711f44074,USGS-14105700,4a95ee2a-6b30-8c80-e053-0100007fe8ee,423,2014-03-05 21:29:17+00:00,main,168000,ft^3/s,1090,ft,99700,ft^2,1.68,ft/s,2000.00,ft,Firm,CobblesBoulders,Even,Even,Unknown,Unknown,MannedMovingBoat,2026-02-10 02:00:22.054167+00:00,adcp
-121.189916666667,45.6082777777778,afbb6ebc-4a69-484f-861b-9196a67435e0,USGS-14105700,4a95d85b-e349-83fe-e053-0100007fced1,422,2013-11-07 21:24:19+00:00,main,118000,ft^3/s,1100,ft,96100,ft^2,1.22,ft/s,1320.00,ft,Firm,CobblesBoulders,Uneven,Even,Unknown,Unknown,MannedMovingBoat,2026-02-10 02:00:22.054167+00:00,adcp
-121.189916666667,45.6082777777778,950c5441-cd3f-4d03-99e2-e5244cd45fb7,USGS-14105700,4a95d85b-e349-83fe-e053-0100007fced1,421,2013-11-07 20:53:00+00:00,main,122000,ft^3/s,1110,ft,99600,ft^2,1.23,ft/s,1320.00,ft,Firm,CobblesBoulders,Even,Even,Unknown,Unknown,MannedMovingBoat,2026-02-10 02:00:22.054167+00:00,adcp
-121.189916666667,45.6082777777778,edc277b7-fa5b-4ba8-bce3-4152fc1aa299,USGS-14105700,4a95df85-3c80-86b3-e053-0100007f9e39,420,2013-09-19 20:15:54+00:00,main,103000,ft^3/s,1080,ft,99000,ft^2,1.04,ft/s,1320.00,ft,Firm,CobblesBoulders,Uneven,Even,Unknown,Unknown,MannedMovingBoat,2026-02-10 02:00:22.054167+00:00,adcp
-121.189916666667,45.6082777777778,ffe3f753-4c21-484d-b794-696fc7953ab5,USGS-14105700,4a95df85-3c80-86b3-e053-0100007f9e39,419,2013-09-19 19:37:17+00:00,main,100000,ft^3/s,1150,ft,96800,ft^2,1.04,ft/s,1320.00,ft,Firm,CobblesBoulders,Even,Even,Unknown,Unknown,MannedMovingBoat,2026-02-10 02:00:22.054167+00:00,adcp
-121.189916666667,45.6082777777778,5d589826-fd4a-4a94-99a8-6b765d5a8200,USGS-14105700,4a95d877-65e1-83fc-e053-0100007f8e51,418,2013-06-05 18:38:45+00:00,main,272000,ft^3/s,1120,ft,102000,ft^2,2.67,ft/s,1320.00,ft,Firm,CobblesBoulders,Even,Uneven,Unknown,Unknown,MannedMovingBoat,2026-02-10 02:00:22.054167+00:00,adcp
-121.189916666667,45.6082777777778,a80599da-8cf0-4679-b2df-6c814bd3620c,USGS-14105700,4a95d877-65e1-83fc-e053-0100007f8e51,417,2013-06-05 18:08:27+00:00,main,274000,ft^3/s,962,ft,99400,ft^2,2.75,ft/s,2640.00,ft,Firm,CobblesBoulders,Uneven,Even,Unknown,Unknown,MannedMovingBoat,2026-02-10 02:00:22.054167+00:00,adcp
-121.189916666667,45.6082777777778,b23c5879-6748-40f1-b2cf-48dd1b609e61,USGS-14105700,4a95dc8e-440c-8570-e053-0100007f9600,416,2013-03-15 19:54:20+00:00,main,136000,ft^3/s,1180,ft,101000,ft^2,1.34,ft/s,800.00,ft,Firm,CobblesBoulders,Uneven,Even,Unknown,Unknown,MannedMovingBoat,2026-02-10 02:00:22.054167+00:00,adcp
-121.189916666667,45.6082777777778,ef843e43-6a18-4c87-971d-bae1ca208b05,USGS-14105700,4a95dc8e-440c-8570-e053-0100007f9600,415,2013-03-15 19:25:42+00:00,main,130000,ft^3/s,1130,ft,99700,ft^2,1.30,ft/s,1320.00,ft,Firm,CobblesBoulders,Uneven,Even,Unknown,Unknown,MannedMovingBoat,2026-02-10 02:00:22.054167+00:00,adcp
-121.189916666667,45.6082777777778,133aa1c2-389f-45b0-96ed-5fa4f8fd8726,USGS-14105700,4a95ea2a-c1e7-8afd-e053-0100007f018b,414,2012-10-23 20:29:00+00:00,main,121000,ft^3/s,1120,ft,101000,ft^2,1.20,ft/s,1300.00,ft,Firm,CobblesBoulders,Uneven,Even,Unknown,Unknown,MannedMovingBoat,2026-02-10 02:00:22.054167+00:00,adcp
-121.189916666667,45.6082777777778,919e973a-7958-465e-b6e4-b9acced6bb30,USGS-14105700,4a95edf3-9b7c-8cb2-e053-0100007fd132,413,2012-08-16 19:01:34+00:00,main,174000,ft^3/s,1090,ft,98900,ft^2,1.76,ft/s,1300.00,ft,Firm,CobblesBoulders,Even,Even,Unknown,Unknown,MannedMovingBoat,2026-02-10 02:00:22.054167+00:00,adcp
-121.189916666667,45.6082777777778,4a8f62c2-6b2d-4c49-a00e-596b5aa261ab,USGS-14105700,4a95df58-8c8d-86b1-e053-0100007fb4bc,412,2012-05-31 19:00:41+00:00,main,300000,ft^3/s,1140,ft,105000,ft^2,2.85,ft/s,1760.00,ft,Firm,CobblesBoulders,Even,Uneven,Unknown,Unknown,MannedMovingBoat,2026-02-10 02:00:22.054167+00:00,adcp
-121.189916666667,45.6082777777778,39b2491d-97ee-4e04-9369-86429361ad6a,USGS-14105700,4a95df58-8c8d-86b1-e053-0100007fb4bc,411,2012-05-31 18:35:03+00:00,main,306000,ft^3/s,1140,ft,105000,ft^2,2.92,ft/s,1760.00,ft,Firm,CobblesBoulders,Even,Uneven,Unknown,Unknown,MannedMovingBoat,2026-02-10 02:00:22.054167+00:00,adcp
-121.189916666667,45.6082777777778,8fc7ae7a-33e8-4472-a70b-7808ed68c147,USGS-14105700,4a95dc1f-9b1b-8547-e053-0100007fbf11,410,2011-12-01 22:41:24+00:00,main,141000,ft^3/s,1050,ft,95900,ft^2,1.47,ft/s,1700.00,ft,Firm,BedrockLedgeArtificial,Uneven,Even,Unknown,Unknown,MannedMovingBoat,2026-02-10 02:00:22.054167+00:00,adcp
-121.189916666667,45.6082777777778,3e970120-cb32-4757-a0f2-f85b162da9f8,USGS-14105700,4a95dc1f-9b1b-8547-e053-0100007fbf11,409,2011-12-01 22:08:16+00:00,main,143000,ft^3/s,1090,ft,98200,ft^2,1.45,ft/s,1700.00,ft,Firm,BedrockLedgeArtificial,Uneven,Even,Unknown,Unknown,MannedMovingBoat,2026-02-10 02:00:22.054167+00:00,adcp
-121.189916666667,45.6082777777778,a1d4b209-61f4-42b1-b058-b20858521b41,USGS-14105700,4a95ee1d-8cc6-8ca4-e053-0100007f8a79,408,2011-07-01 18:19:00+00:00,main,438000,ft^3/s,1110,ft,107000,ft^2,4.08,ft/s,1760.00,ft,Firm,BedrockLedgeArtificial,Even,Even,Unknown,Unknown,MannedMovingBoat,2026-02-10 02:00:22.054167+00:00,adcp
-121.189916666667,45.6082777777778,90cb858b-40ff-4679-95bd-9bf5dbe1cdfe,USGS-14105700,4a95d5c3-e40d-82a6-e053-0100007fb3d0,407,2011-05-03 20:56:30+00:00,main,288000,ft^3/s,1100,ft,103000,ft^2,2.80,ft/s,1700.00,ft,Firm,BedrockLedgeArtificial,Even,Even,Unknown,Unknown,MannedMovingBoat,2026-02-10 02:00:22.054167+00:00,adcp
-121.189916666667,45.6082777777778,471e42c6-f00f-406b-9c54-f544c7b6ab36,USGS-14105700,4a95d1aa-5f4c-8160-e053-0100007f0ad0,406,2011-05-03 19:05:30+00:00,main,288000,ft^3/s,1100,ft,103000,ft^2,2.80,ft/s,1700.00,ft,Firm,BedrockLedgeArtificial,Even,Even,Unknown,Unknown,MannedMovingBoat,2026-02-10 02:00:22.054167+00:00,adcp
-121.189916666667,45.6082777777778,8197852f-21ec-4b75-b103-07d945b6398b,USGS-14105700,4a95dd19-153c-8572-e053-0100007f096a,405,2010-10-07 16:06:30+00:00,1,117000,ft^3/s,1110,ft,99300,ft^2,1.19,ft/s,600.00,ft,Firm,CobblesBoulders,Even,Even,Standard,Unknown,MannedMovingBoat,2026-02-10 02:00:22.054167+00:00,adcp
-121.189916666667,45.6082777777778,1886d9d3-2328-403a-979a-b4a4cf9c2aee,USGS-14105700,4a95d85b-e346-83fe-e053-0100007fced1,404,2010-05-25 19:43:30+00:00,the dalles,238000,ft^3/s,1150,ft,105000,ft^2,2.28,ft/s,1320.00,ft,Firm,BedrockLedgeArtificial,Even,Even,Uniform,Unknown,MannedMovingBoat,2026-02-10 02:00:22.054167+00:00,adcp
-121.189916666667,45.6082777777778,958c10fe-ff11-4a31-bd48-619379d4d7ac,USGS-14105700,4a95e8a0-3243-8a7b-e053-0100007f3195,403,2009-11-04 21:35:00+00:00,Channel 1,115000,ft^3/s,1100,ft,101000,ft^2,1.15,ft/s,1320.00,ft,Unspecified,Unspecified,Unspecified,Unspecified,Unspecified,Unknown,MannedMovingBoat,2026-02-10 02:00:22.054167+00:00,adcp
-121.189916666667,45.6082777777778,363b858f-b6c2-421e-9360-f8439c7871c3,USGS-14105700,4a95d51c-3dc3-828c-e053-0100007f6566,402,2009-10-08 19:26:30+00:00,Imported Channel 1,90400,ft^3/s,1140,ft,103000,ft^2,0.88,ft/s,,ft,Unspecified,Unspecified,Unspecified,Unspecified,Unspecified,Unknown,MannedMovingBoat,2026-02-10 02:00:22.054167+00:00,adcp
-121.189916666667,45.6082777777778,621bea08-434e-465c-9062-c7ba05dc3d2f,USGS-14105700,4a95d4b6-96c8-8290-e053-0100007f0cf3,401,2009-06-30 20:09:00+00:00,Imported Channel 1,259000,ft^3/s,1110,ft,103000,ft^2,2.52,ft/s,,ft,Unspecified,Unspecified,Unspecified,Unspecified,Unspecified,Unknown,MannedMovingBoat,2026-02-10 02:00:22.054167+00:00,adcp
-121.189916666667,45.6082777777778,190bd901-cf5b-46ee-affe-ada05c045c89,USGS-14105700,4a95d4b6-96c8-8290-e053-0100007f0cf3,400,2009-06-30 19:25:00+00:00,Imported Channel 1,260000,ft^3/s,1110,ft,104000,ft^2,3.11,ft/s,1320.00,ft,Unspecified,Unspecified,Unspecified,Unspecified,Unspecified,Unknown,Unspecified,2026-02-10 02:00:22.054167+00:00,adcp
-121.189916666667,45.6082777777778,4779f212-c66e-46e1-9e52-1dd1842d2cd9,USGS-14105700,4a95d85b-e33d-83fe-e053-0100007fced1,399,2008-12-01 21:34:00+00:00,Imported Channel 1,120000,ft^3/s,1110,ft,98200,ft^2,1.28,ft/s,1400.00,ft,Firm,CobblesBoulders,Uneven,Unspecified,Unspecified,Unknown,MannedMovingBoat,2026-02-10 02:00:22.054167+00:00,adcp
-121.189916666667,45.6082777777778,c7437fa9-7ab2-4acd-a874-ade51ab307d2,USGS-14105700,4a95e718-f2f2-89a9-e053-0100007ff909,398,2008-06-12 23:22:00+00:00,Imported Channel 1,403000,ft^3/s,1130,ft,108000,ft^2,3.75,ft/s,1320.00,ft,Firm,CobblesBoulders,Uneven,Unspecified,Unspecified,Unknown,MannedMovingBoat,2026-02-10 02:00:22.054167+00:00,adcp
-121.189916666667,45.6082777777778,f97b9659-bbff-4249-9bf4-afd5fef952af,USGS-14105700,4a95e8a0-323b-8a7b-e053-0100007f3195,397,2007-11-15 19:29:00+00:00,Imported Channel 1,127000,ft^3/s,1110,ft,99400,ft^2,1.28,ft/s,,ft,Unspecified,Unspecified,Unspecified,Unspecified,Unspecified,Unknown,Unspecified,2026-02-10 02:00:22.054167+00:00,adcp
-121.189916666667,45.6082777777778,fd10e40e-fd20-4a40-8d76-1b2a0a1778f1,USGS-14105700,4a95e1ec-30bd-87ad-e053-0100007f31ba,396,2007-05-30 19:24:00+00:00,Imported Channel 1,234000,ft^3/s,1100,ft,99500,ft^2,2.35,ft/s,,ft,Unspecified,Unspecified,Unspecified,Unspecified,Unspecified,Unknown,Unspecified,2026-02-10 02:00:22.054167+00:00,adcp
-121.189916666667,45.6082777777778,a8040fa6-2a5d-476f-805c-457a7181d459,USGS-14105700,4a95d185-8937-8150-e053-0100007fb5bb,395,2007-03-29 18:51:00+00:00,Imported Channel 1,224000,ft^3/s,1120,ft,101000,ft^2,2.22,ft/s,,ft,Unspecified,Unspecified,Unspecified,Unspecified,Unspecified,Unknown,Unspecified,2026-02-10 02:00:22.054167+00:00,adcp
-121.189916666667,45.6082777777778,a470cd98-a965-4c91-9779-eea9cf3c0929,USGS-14105700,4a95d174-b58e-815a-e053-0100007f2738,394,2007-01-05 21:22:00+00:00,Imported Channel 1,191000,ft^3/s,1140,ft,96500,ft^2,1.98,ft/s,,ft,Unspecified,Unspecified,Unspecified,Unspecified,Unspecified,Unknown,Unspecified,2026-02-10 02:00:22.054167+00:00,adcp
-121.189916666667,45.6082777777778,3907307a-0145-4d92-ac2f-8d67bb721419,USGS-14105700,4a95d174-b58e-815a-e053-0100007f2738,393,2007-01-05 20:39:00+00:00,Imported Channel 1,192000,ft^3/s,1090,ft,100000,ft^2,1.92,ft/s,,ft,Unspecified,Unspecified,Unspecified,Unspecified,Unspecified,Unknown,Unspecified,2026-02-10 02:00:22.054167+00:00,adcp
-121.189916666667,45.6082777777778,d3d34258-4055-4ee8-b401-a9bce332c9ab,USGS-14105700,4a95dccd-a12f-856e-e053-0100007f61fe,392,2006-12-01 19:02:00+00:00,Imported Channel 1,178000,ft^3/s,1110,ft,99500,ft^2,1.80,ft/s,,ft,Unspecified,Unspecified,Unspecified,Unspecified,Unspecified,Unknown,Unspecified,2026-02-10 02:00:22.054167+00:00,adcp
-121.189916666667,45.6082777777778,e6369f8c-881f-405c-8729-811efe297018,USGS-14105700,4a95c68a-0a7c-7c7c-e053-0100007fa9e0,391,2006-05-25 19:53:00+00:00,Imported Channel 1,405000,ft^3/s,1110,ft,107000,ft^2,3.78,ft/s,,ft,Unspecified,Unspecified,Unspecified,Unspecified,Unspecified,Unknown,Unspecified,2026-02-10 02:00:22.054167+00:00,adcp
-121.189916666667,45.6082777777778,2776d16b-f919-48b3-806e-4e182a226431,USGS-14105700,4a95d51c-3dba-828c-e053-0100007f6566,390,2005-05-26 19:09:00+00:00,Imported Channel 1,296000,ft^3/s,1110,ft,103000,ft^2,3.06,ft/s,,ft,Unspecified,Unspecified,Unspecified,Unspecified,Unspecified,Unknown,Unspecified,2026-02-10 02:00:22.054167+00:00,adcp
-121.189916666667,45.6082777777778,f471ecad-090a-4ca2-918e-d49be8949645,USGS-14105700,4a95eb6b-27a5-8b0d-e053-0100007f0b5f,389,2004-11-02 18:44:00+00:00,Imported Channel 1,124000,ft^3/s,1090,ft,94400,ft^2,1.31,ft/s,,ft,Unspecified,Unspecified,Unspecified,Unspecified,Unspecified,Unknown,Unspecified,2026-02-10 02:00:22.054167+00:00,adcp
-121.189916666667,45.6082777777778,4075d85a-08e7-413d-9d74-aae2f4ac99ae,USGS-14105700,4a95eb6b-27a4-8b0d-e053-0100007f0b5f,388,2004-06-08 16:50:00+00:00,Imported Channel 1,266000,ft^3/s,1100,ft,104000,ft^2,2.55,ft/s,,ft,Unspecified,Unspecified,Unspecified,Unspecified,Unspecified,Unknown,Unspecified,2026-02-10 02:00:22.054167+00:00,adcp
-121.189916666667,45.6082777777778,ae420861-bd17-4e0d-b667-5a0c4572a66b,USGS-14105700,4a95d4b6-96bc-8290-e053-0100007f0cf3,387,2003-10-20 16:58:00+00:00,Imported Channel 1,110000,ft^3/s,1140,ft,94700,ft^2,1.16,ft/s,,ft,Unspecified,Unspecified,Unspecified,Unspecified,Unspecified,Unknown,Unspecified,2026-02-10 02:00:22.054167+00:00,adcp
-121.189916666667,45.6082777777778,b3d5b8ee-f7e5-4540-9426-1abb359f2e11,USGS-14105700,4a95d51c-3db4-828c-e053-0100007f6566,386,2002-12-20 18:36:00+00:00,Imported Channel 1,104000,ft^3/s,1110,ft,95700,ft^2,1.09,ft/s,,ft,Unspecified,Unspecified,Unspecified,Unspecified,Unspecified,Unknown,Unspecified,2026-02-10 02:00:22.054167+00:00,adcp
-121.189916666667,45.6082777777778,af65a2fe-639f-4e14-8af0-3c11bc16332f,USGS-14105700,4a95d865-a090-83fa-e053-0100007f0b50,385,2002-07-24 18:29:00+00:00,Imported Channel 1,214000,ft^3/s,1110,ft,98400,ft^2,2.17,ft/s,,ft,Unspecified,Unspecified,Unspecified,Unspecified,Unspecified,Unknown,Unspecified,2026-02-10 02:00:22.054167+00:00,adcp
-121.189916666667,45.6082777777778,78f6e170-4f55-4d89-a2ae-a35391d8bb5f,USGS-14105700,4a95d877-65d7-83fc-e053-0100007f8e51,384,2002-03-27 16:48:00+00:00,Imported Channel 1,140000,ft^3/s,0.00,ft,97200,ft^2,1.44,ft/s,,ft,Unspecified,Unspecified,Unspecified,Unspecified,Unspecified,Unknown,Unspecified,2026-02-10 02:00:22.054167+00:00,adcp
-121.189916666667,45.6082777777778,a38aeb06-efe9-4776-be72-5f26747807f2,USGS-14105700,4a95e1fc-0f9a-87b5-e053-0100007f5528,383,2002-02-06 20:04:00+00:00,Imported Channel 1,159000,ft^3/s,0.00,ft,93200,ft^2,1.71,ft/s,,ft,Unspecified,Unspecified,Unspecified,Unspecified,Unspecified,Unknown,Unspecified,2026-02-10 02:00:22.054167+00:00,adcp
-121.189916666667,45.6082777777778,f055b3bb-56cc-4081-8a81-95c41348746b,USGS-14105700,4a95dc5e-22bd-854b-e053-0100007f308a,382,2001-09-26 19:13:00+00:00,Imported Channel 1,130000,ft^3/s,,,95700,ft^2,1.36,ft/s,,,Unspecified,Unspecified,Unspecified,Unspecified,Unspecified,Unknown,Boat,2026-02-10 02:00:22.054167+00:00,point_velocity
-121.189916666667,45.6082777777778,b9a19e8b-1eb9-4b9e-8ed9-511e33e58800,USGS-14105700,4a95c0ff-33ad-7a41-e053-0100007fea19,381,2001-03-09 19:11:00+00:00,Imported Channel 1,140000,ft^3/s,,,93100,ft^2,1.50,ft/s,,,Unspecified,Unspecified,Unspecified,Unspecified,Unspecified,Unknown,Boat,2026-02-10 02:00:22.054167+00:00,point_velocity
-121.189916666667,45.6082777777778,dbb0f75a-5527-43a6-9b2b-634f7a58a25b,USGS-14105700,4a95dc89-a507-8568-e053-0100007f753e,380,2000-08-31 07:00:00+00:00,Imported Channel 1,139000,ft^3/s,,,,,,,,ft,Unspecified,Unspecified,Unspecified,Unspecified,Unspecified,Unknown,Unspecified,2026-02-10 02:00:22.054167+00:00,other_method
-121.189916666667,45.6082777777778,a76b7123-31f4-413b-8f7b-ae5914d9af7c,USGS-14105700,4a95d5c3-e3f7-82a6-e053-0100007fb3d0,379,2000-06-15 07:00:00+00:00,Imported Channel 1,284000,ft^3/s,,,,,,,,ft,Unspecified,Unspecified,Unspecified,Unspecified,Unspecified,Unknown,Unspecified,2026-02-10 02:00:22.054167+00:00,other_method
-121.189916666667,45.6082777777778,aeb98075-ade6-4684-b48d-9e5406afabe3,USGS-14105700,4a95e23f-c76e-87b9-e053-0100007ffae9,378,2000-04-20 17:56:00+00:00,Imported Channel 1,303000,ft^3/s,,,100000,ft^2,0.00,ft/s,,,Unspecified,Unspecified,Unspecified,Unspecified,Unspecified,Unknown,Boat,2026-02-10 02:00:22.054167+00:00,point_velocity
-121.189916666667,45.6082777777778,3f23f19c-2b6d-4e26-9f91-a4d6ea3e6680,USGS-14105700,4a95e1fc-0f99-87b5-e053-0100007f5528,377,1999-10-25 20:20:00+00:00,Imported Channel 1,112000,ft^3/s,,,95900,ft^2,0.00,ft/s,,,Unspecified,Unspecified,Unspecified,Unspecified,Unspecified,Unknown,Boat,2026-02-10 02:00:22.054167+00:00,point_velocity
-121.189916666667,45.6082777777778,4bc90ed8-f812-436b-9111-b792bd0be04b,USGS-14105700,4a95b842-ebbd-75ed-e053-0100007fa7fe,376,1999-05-18 19:44:00+00:00,Imported Channel 1,220000,ft^3/s,,,,,0.00,ft/s,,,Unspecified,Unspecified,Unspecified,Unspecified,Unspecified,Unknown,Boat,2026-02-10 02:00:22.054167+00:00,point_velocity
-121.189916666667,45.6082777777778,84ba1d73-eb68-4733-b919-2fdd5dda4ef6,USGS-14105700,4a95eae8-137b-8b3f-e053-0100007f0df5,375,1998-11-25 19:03:00+00:00,Imported Channel 1,138000,ft^3/s,,,,,0.00,ft/s,,,Unspecified,Unspecified,Unspecified,Unspecified,Unspecified,Unknown,Boat,2026-02-10 02:00:22.054167+00:00,point_velocity
-121.189916666667,45.6082777777778,f7e2c0c1-751c-4cc8-b698-a2ee391e9de0,USGS-14105700,4a95c0ff-33ab-7a41-e053-0100007fea19,374,1998-07-22 21:28:00+00:00,Imported Channel 1,211000,ft^3/s,,,,,,,,ft,Unspecified,Unspecified,Unspecified,Unspecified,Unspecified,Unknown,Unspecified,2026-02-10 02:00:22.054167+00:00,other_method
-121.189916666667,45.6082777777778,98f56875-0bda-4b5d-944b-a125646e0421,USGS-14105700,4a95d8b4-60c9-841a-e053-0100007f87e2,373,1998-04-24 18:48:00+00:00,Imported Channel 1,229000,ft^3/s,,,,,0.00,ft/s,,,Unspecified,Unspecified,Unspecified,Unspecified,Unspecified,Unknown,Boat,2026-02-10 02:00:22.054167+00:00,point_velocity
-121.189916666667,45.6082777777778,72a42592-95dc-4e77-b574-6af0a45e19ad,USGS-14105700,4a95cdaf-7b34-7f60-e053-0100007f0782,372,1998-01-21 18:59:00+00:00,Imported Channel 1,218000,ft^3/s,,,,,0.00,ft/s,,,Unspecified,Unspecified,Unspecified,Unspecified,Unspecified,Unknown,Boat,2026-02-10 02:00:22.054167+00:00,point_velocity
-121.189916666667,45.6082777777778,3d8d3d12-a512-4e21-b63d-6d1ac3b77b66,USGS-14105700,4a95e88a-19f7-8a7f-e053-0100007feb94,371,1997-06-27 21:29:00+00:00,Imported Channel 1,383000,ft^3/s,,,,,0.00,ft/s,,,Unspecified,Unspecified,Unspecified,Unspecified,Unspecified,Unknown,Boat,2026-02-10 02:00:22.054167+00:00,point_velocity
-121.189916666667,45.6082777777778,c5835d34-edac-4ec9-8253-0ebef549abab,USGS-14105700,4a95d1d7-4b2f-8162-e053-0100007f2f19,370,1997-05-22 17:00:00+00:00,Imported Channel 1,510000,ft^3/s,,,,,0.00,ft/s,,,Unspecified,Unspecified,Unspecified,Unspecified,Unspecified,Unknown,Boat,2026-02-10 02:00:22.054167+00:00,point_velocity
-121.189916666667,45.6082777777778,3c6fb003-f668-483c-b0fe-5dea218fc6a1,USGS-14105700,4a95e663-7325-89ab-e053-0100007f0602,369,1995-11-22 18:30:00+00:00,Imported Channel 1,207000,ft^3/s,,,,,0.00,ft/s,,,Unspecified,Unspecified,Unspecified,Unspecified,Unspecified,Unknown,Boat,2026-02-10 02:00:22.054167+00:00,point_velocity
-121.189916666667,45.6082777777778,aff7f4a8-4d7c-412b-83f9-93e1f78f8db3,USGS-14105700,4a95df4b-5527-86ad-e053-0100007fbf0b,368,1995-05-23 18:34:00+00:00,Imported Channel 1,289000,ft^3/s,,,,,0.00,ft/s,,,Unspecified,Unspecified,Unspecified,Unspecified,Unspecified,Unknown,Boat,2026-02-10 02:00:22.054167+00:00,point_velocity
-121.189916666667,45.6082777777778,74627143-6bae-42af-be5d-d4de24b01045,USGS-14105700,4a95ccfc-baac-7f14-e053-0100007f6f2b,367,1995-02-08 19:56:00+00:00,Imported Channel 1,212000,ft^3/s,,,,,0.00,ft/s,,,Unspecified,Unspecified,Unspecified,Unspecified,Unspecified,Unknown,Boat,2026-02-10 02:00:22.054167+00:00,point_velocity
-121.189916666667,45.6082777777778,772ee8f6-ec64-43a7-bae6-0e2b462033df,USGS-14105700,4a95cdaf-7b31-7f60-e053-0100007f0782,366,1994-10-12 16:18:00+00:00,Imported Channel 1,132000,ft^3/s,,,,,0.00,ft/s,,,Unspecified,Unspecified,Unspecified,Unspecified,Unspecified,Unknown,Boat,2026-02-10 02:00:22.054167+00:00,point_velocity
-121.189916666667,45.6082777777778,2dc89572-96c5-40c1-aa91-4f9a8a112b2e,USGS-14105700,4a95bfbf-07e8-7997-e053-0100007f2a96,365,1994-06-07 18:47:00+00:00,Imported Channel 1,217000,ft^3/s,,,,,0.00,ft/s,,,Unspecified,Unspecified,Unspecified,Unspecified,Unspecified,Unknown,Boat,2026-02-10 02:00:22.054167+00:00,point_velocity
-121.189916666667,45.6082777777778,1ba93859-8cb5-4ee6-ac8b-f05381f6fc26,USGS-14105700,4a95d1aa-5f33-8160-e053-0100007f0ad0,364,1994-04-12 18:23:00+00:00,Imported Channel 1,152000,ft^3/s,,,,,0.00,ft/s,,,Unspecified,Unspecified,Unspecified,Unspecified,Unspecified,Unknown,Boat,2026-02-10 02:00:22.054167+00:00,point_velocity
-121.189916666667,45.6082777777778,b7e2f371-9e90-4844-92d8-0fb94665a815,USGS-14105700,4a95d114-73db-8120-e053-0100007fb124,363,1993-12-10 19:20:00+00:00,Imported Channel 1,90800,ft^3/s,,,,,,,,ft,Unspecified,Unspecified,Unspecified,Unspecified,Unspecified,Unknown,Unspecified,2026-02-10 02:00:22.054167+00:00,other_method
-121.189916666667,45.6082777777778,77f93fc2-ee93-468b-b069-95d128823a4d,USGS-14105700,4a95dc4e-46fb-856c-e053-0100007f9a4b,362,1993-09-28 21:06:00+00:00,Imported Channel 1,131000,ft^3/s,,,,,0.00,ft/s,,,Unspecified,Unspecified,Unspecified,Unspecified,Unspecified,Unknown,Boat,2026-02-10 02:00:22.054167+00:00,point_velocity
-121.189916666667,45.6082777777778,57677b29-c96f-477a-8c19-933222fe2fb4,USGS-14105700,4a95e207-d224-87bb-e053-0100007fd49a,361,1993-08-23 20:15:00+00:00,Imported Channel 1,115000,ft^3/s,,,,,1.22,ft/s,,,Unspecified,Unspecified,Unspecified,Unspecified,Unspecified,Unknown,Boat,2026-02-10 02:00:22.054167+00:00,point_velocity
-121.189916666667,45.6082777777778,ac590df2-4b87-4867-bb8b-849848503adb,USGS-14105700,4a95e23f-c764-87b9-e053-0100007ffae9,360,1993-06-08 22:05:00+00:00,Imported Channel 1,318000,ft^3/s,,,,,3.20,ft/s,,,Unspecified,Unspecified,Unspecified,Unspecified,Unspecified,Unknown,Boat,2026-02-10 02:00:22.054167+00:00,point_velocity
-121.189916666667,45.6082777777778,8529da51-635b-4d73-b4b2-42e41cc45f98,USGS-14105700,4a95d4b6-96b0-8290-e053-0100007f0cf3,359,1993-02-22 20:47:00+00:00,Imported Channel 1,179000,ft^3/s,,,,,1.90,ft/s,,,Unspecified,Unspecified,Unspecified,Unspecified,Unspecified,Unknown,Boat,2026-02-10 02:00:22.054167+00:00,point_velocity
-121.189916666667,45.6082777777778,89d4a14d-2bd6-4824-895d-eb69261ca7f3,USGS-14105700,4a95d877-65d1-83fc-e053-0100007f8e51,358,1992-07-09 18:40:00+00:00,Imported Channel 1,112000,ft^3/s,1150,ft,96700,ft^2,1.16,ft/s,,,Unspecified,Unspecified,Unspecified,Unspecified,Unspecified,Unknown,Boat,2026-02-10 02:00:22.054167+00:00,point_velocity
-121.189916666667,45.6082777777778,0e3949a6-72a8-4897-81d2-422e1ba91126,USGS-14105700,4a95d877-65d1-83fc-e053-0100007f8e51,357,1992-07-09 17:40:00+00:00,Imported Channel 1,117000,ft^3/s,1150,ft,95100,ft^2,1.23,ft/s,,,Unspecified,Unspecified,Unspecified,Unspecified,Unspecified,Unknown,Boat,2026-02-10 02:00:22.054167+00:00,point_velocity
-121.189916666667,45.6082777777778,3285c066-b591-4bd0-a518-6284d4f5c540,USGS-14105700,4a95dc4e-46f6-856c-e053-0100007f9a4b,356,1991-07-03 18:33:00+00:00,Imported Channel 1,279000,ft^3/s,1170,ft,98200,ft^2,2.84,ft/s,,,Unspecified,Unspecified,Unspecified,Unspecified,Unspecified,Unknown,Boat,2026-02-10 02:00:22.054167+00:00,point_velocity
-121.189916666667,45.6082777777778,3221c762-718e-44ba-b63c-f48422c2abd3,USGS-14105700,4a95dc4e-46f6-856c-e053-0100007f9a4b,355,1991-07-03 17:45:00+00:00,Imported Channel 1,286000,ft^3/s,1140,ft,96900,ft^2,2.95,ft/s,,,Unspecified,Unspecified,Unspecified,Unspecified,Unspecified,Unknown,Boat,2026-02-10 02:00:22.054167+00:00,point_velocity
-121.189916666667,45.6082777777778,725b4056-a1d7-4e81-9c54-bd5440022d93,USGS-14105700,4a95dd19-1514-8572-e053-0100007f096a,354,1991-06-21 17:20:00+00:00,Imported Channel 1,269000,ft^3/s,1140,ft,98300,ft^2,2.74,ft/s,,,Unspecified,Unspecified,Unspecified,Unspecified,Unspecified,Unknown,Boat,2026-02-10 02:00:22.054167+00:00,point_velocity
-121.189916666667,45.6082777777778,841f0d5b-f83a-466f-8941-244db36deeaf,USGS-14105700,4a95dc64-0798-8549-e053-0100007f1b86,353,1991-03-27 23:05:00+00:00,Imported Channel 1,181000,ft^3/s,1140,ft,96100,ft^2,1.88,ft/s,,,Unspecified,Unspecified,Unspecified,Unspecified,Unspecified,Unknown,Boat,2026-02-10 02:00:22.054167+00:00,point_velocity
-121.189916666667,45.6082777777778,fc119995-6a80-415d-817a-5c91741de903,USGS-14105700,4a95daa0-164c-84cd-e053-0100007faa49,352,1990-10-23 15:25:00+00:00,Imported Channel 1,154000,ft^3/s,1130,ft,93800,ft^2,1.64,ft/s,,,Unspecified,Unspecified,Unspecified,Unspecified,Unspecified,Unknown,Boat,2026-02-10 02:00:22.054167+00:00,point_velocity
-121.189916666667,45.6082777777778,759b9ff7-622d-4c1c-b381-a80077d09a0b,USGS-14105700,4a95daa0-164c-84cd-e053-0100007faa49,351,1990-10-23 14:45:00+00:00,Imported Channel 1,155000,ft^3/s,1140,ft,92800,ft^2,1.67,ft/s,,,Unspecified,Unspecified,Unspecified,Unspecified,Unspecified,Unknown,Boat,2026-02-10 02:00:22.054167+00:00,point_velocity
-121.189916666667,45.6082777777778,95266889-2d31-45d3-abcc-98ff381b1a80,USGS-14105700,4a95d154-c9bd-8118-e053-0100007fbca4,350,1985-06-11 07:00:00+00:00,Imported Channel 1,284000,ft^3/s,1140,ft,98700,ft^2,2.88,ft/s,,,Unspecified,Unspecified,Unspecified,Unspecified,Unspecified,Unknown,Boat,2026-02-10 02:00:22.054167+00:00,point_velocity
-121.189916666667,45.6082777777778,eb8365d6-f290-4eb6-9209-af516f6b8ef8,USGS-14105700,4a95e87c-f30b-8a7d-e053-0100007ff6d3,324,1973-09-20 14:31:00+00:00,Imported Channel 1,74700,ft^3/s,1120,ft,91900,ft^2,0.81,ft/s,,,Unspecified,Unspecified,Unspecified,Unspecified,Unspecified,Unknown,Unspecified,2026-02-10 02:00:22.054167+00:00,point_velocity
-121.189916666667,45.6082777777778,6461b4a4-c83a-40d9-b29d-edb7f9cf3a3a,USGS-14105700,4a95d1d7-4b40-8162-e053-0100007f2f19,321,1972-06-15 19:07:00+00:00,Imported Channel 1,593000,ft^3/s,1180,ft,108000,ft^2,5.50,ft/s,,,Unspecified,Unspecified,Unspecified,Unspecified,Unspecified,Unknown,Unspecified,2026-02-10 02:00:22.054167+00:00,point_velocity
-121.189916666667,45.6082777777778,22998321-68a7-4d4f-b1e5-4cd3c86717f3,USGS-14105700,4a95d1d7-4b40-8162-e053-0100007f2f19,320,1972-06-15 18:11:30+00:00,Imported Channel 1,617000,ft^3/s,1180,ft,108000,ft^2,5.72,ft/s,,,Unspecified,Unspecified,Unspecified,Unspecified,Unspecified,Unknown,Unspecified,2026-02-10 02:00:22.054167+00:00,point_velocity
-121.189916666667,45.6082777777778,b66ee81f-f562-4f0c-9b45-db7e6ab40fb1,USGS-14105700,4a95dccd-a141-856e-e053-0100007f61fe,314,1971-06-04 16:25:00+00:00,Imported Channel 1,510000,ft^3/s,1200,ft,103000,ft^2,4.94,ft/s,,,Unspecified,Unspecified,Unspecified,Unspecified,Unspecified,Unknown,Unspecified,2026-02-10 02:00:22.054167+00:00,point_velocity
-121.189916666667,45.6082777777778,00d0cfe8-a2e8-46c4-9d4d-5ba4e4106943,USGS-14105700,4a95dccd-a141-856e-e053-0100007f61fe,313,1971-06-04 15:37:00+00:00,Imported Channel 1,509000,ft^3/s,1200,ft,103000,ft^2,4.93,ft/s,,,Unspecified,Unspecified,Unspecified,Unspecified,Unspecified,Unknown,Unspecified,2026-02-10 02:00:22.054167+00:00,point_velocity
-121.189916666667,45.6082777777778,5cc7347b-2088-4369-a05d-3509f0eb3ee7,USGS-14105700,4a95d50a-45ec-82b4-e053-0100007f2e89,312,1971-05-07 16:49:00+00:00,Imported Channel 1,511000,ft^3/s,1180,ft,105000,ft^2,4.88,ft/s,,,Unspecified,Unspecified,Unspecified,Unspecified,Unspecified,Unknown,Unspecified,2026-02-10 02:00:22.054167+00:00,point_velocity
-121.189916666667,45.6082777777778,597151b2-a1ff-4746-a09b-f5dafd96d93b,USGS-14105700,4a95d50a-45ec-82b4-e053-0100007f2e89,311,1971-05-07 16:02:00+00:00,Imported Channel 1,517000,ft^3/s,1180,ft,105000,ft^2,4.94,ft/s,,,Unspecified,Unspecified,Unspecified,Unspecified,Unspecified,Unknown,Unspecified,2026-02-10 02:00:22.054167+00:00,point_velocity
