x,y,id,field_visit_id,parameter_code,monitoring_location_id,observing_procedure_code,observing_procedure,value,unit_of_measure,time,qualifier,vertical_datum,approval_status,measuring_agency,last_modified,control_condition,measurement_rated
-121.1899167,45.60827778,91fddb22-b030-42c4-b500-f4d4577a2c27,4a95d50a-45ec-82b4-e053-0100007f2e89,60,USGS-14105700,Z,Mid-section,517000,ft^3/s,1971-05-07 16:02:00+00:00,,None,Approved,USGS,2026-02-10 02:00:22.054167+00:00,Unspecifed,Unspecified
-121.1899167,45.60827778,75080a07-da61-4920-8cd6-2dc6408bb457,4a95d50a-45ec-82b4-e053-0100007f2e89,60,USGS-14105700,Z,Mid-section,511000,ft^3/s,1971-05-07 16:49:00+00:00,,None,Approved,USGS,2026-02-10 02:00:22.054167+00:00,Unspecifed,Unspecified
-121.1899167,45.60827778,b3171051-2e16-4eec-8bb1-baa98096da43,4a95dccd-a141-856e-e053-0100007f61fe,60,USGS-14105700,Z,Mid-section,509000,ft^3/s,1971-06-04 15:37:00+00:00,,None,Approved,USGS,2026-02-10 02:00:22.054167+00:00,Unspecifed,Good
-121.1899167,45.60827778,14e767c6-5385-4736-8cea-026dadeaa464,4a95dccd-a141-856e-e053-0100007f61fe,60,USGS-14105700,Z,Mid-section,510000,ft^3/s,1971-06-04 16:25:00+00:00,,None,Approved,USGS,2026-02-10 02:00:22.054167+00:00,Unspecifed,Good
-121.1899167,45.60827778,a1a21e53-07ea-40a9-9129-08781206ba90,4a95d1d7-4b40-8162-e053-0100007f2f19,60,USGS-14105700,Z,Mid-section,617000,ft^3/s,1972-06-15 18:11:30+00:00,,None,Approved,USGS,2026-02-10 02:00:22.054167+00:00,Unspecifed,Good
-121.1899167,45.60827778,061f77d1-d200-4dc9-accf-fb66b9eb5a8c,4a95d1d7-4b40-8162-e053-0100007f2f19,60,USGS-14105700,Z,Mid-section,593000,ft^3/s,1972-06-15 19:07:00+00:00,,None,Approved,USGS,2026-02-10 02:00:22.054167+00:00,Unspecifed,Good
-121.1899167,45.60827778,a954d357-0216-46f7-ac77-0af06e75e9b0,4a95e87c-f30b-8a7d-e053-0100007ff6d3,60,USGS-14105700,Z,Mid-section,74700,ft^3/s,1973-09-20 14:31:00+00:00,,None,Approved,USGS,2026-02-10 02:00:22.054167+00:00,Unspecifed,Unspecified
-121.1899167,45.60827778,448476c9-067d-4c07-aea5-0aa151c71f1e,4a95d154-c9bd-8118-e053-0100007fbca4,60,USGS-14105700,Z,Unspecified,284000,ft^3/s,1985-06-11 07:00:00+00:00,,None,Approved,USGS,2026-02-10 02:00:22.054167+00:00,,Good
-121.1899167,45.60827778,e0006f9a-6728-48c5-9d3a-450f2c1c2db7,4a95daa0-164c-84cd-e053-0100007faa49,60,USGS-14105700,Z,Unspecified,155000,ft^3/s,1990-10-23 14:45:00+00:00,,None,Approved,USGS,2026-02-10 02:00:22.054167+00:00,,Good
-121.1899167,45.60827778,dc4fea4a-3b8a-4dcb-bd1e-31a44c6f7139,4a95daa0-164c-84cd-e053-0100007faa49,60,USGS-14105700,Z,Unspecified,154000,ft^3/s,1990-10-23 15:25:00+00:00,,None,Approved,USGS,2026-02-10 02:00:22.054167+00:00,,Good
-121.1899167,45.60827778,6ab5ab4b-0d4b-4fb5-b162-2f851e8f0eb9,4a95dc64-0798-8549-e053-0100007f1b86,60,USGS-14105700,Z,Unspecified,181000,ft^3/s,1991-03-27 23:05:00+00:00,,None,Approved,USGS,2026-02-10 02:00:22.054167+00:00,,Good
-121.1899167,45.60827778,86653fea-5ea3-4ca8-8777-c8013bd3b9bf,4a95dd19-1514-8572-e053-0100007f096a,60,USGS-14105700,Z,Unspecified,269000,ft^3/s,1991-06-21 17:20:00+00:00,,None,Approved,USGS,2026-02-10 02:00:22.054167+00:00,,Good
-121.1899167,45.60827778,9759da80-e173-469d-b292-4db337b0f676,4a95dc4e-46f6-856c-e053-0100007f9a4b,60,USGS-14105700,Z,Unspecified,286000,ft^3/s,1991-07-03 17:45:00+00:00,,None,Approved,USGS,2026-02-10 02:00:22.054167+00:00,,Unspecified
-121.1899167,45.60827778,09eed1e1-e3a0-45c0-bdec-ec5fdd87bedf,4a95dc4e-46f6-856c-e053-0100007f9a4b,60,USGS-14105700,Z,Unspecified,279000,ft^3/s,1991-07-03 18:33:00+00:00,,None,Approved,USGS,2026-02-10 02:00:22.054167+00:00,,Unspecified
-121.1899167,45.60827778,64b4148d-1729-4345-9645-76edcfc001d0,4a95d877-65d1-83fc-e053-0100007f8e51,60,USGS-14105700,Z,Unspecified,117000,ft^3/s,1992-07-09 17:40:00+00:00,,None,Approved,USGS,2026-02-10 02:00:22.054167+00:00,,Good
-121.1899167,45.60827778,ca3437b4-c9dd-412c-9ce3-ac089766923e,4a95d877-65d1-83fc-e053-0100007f8e51,60,USGS-14105700,Z,Unspecified,112000,ft^3/s,1992-07-09 18:40:00+00:00,,None,Approved,USGS,2026-02-10 02:00:22.054167+00:00,,Good
-121.1899167,45.60827778,b65aff2c-b15a-40f0-a7de-f5ee41cae79e,4a95d4b6-96b0-8290-e053-0100007f0cf3,60,USGS-14105700,Z,Unspecified,179000,ft^3/s,1993-02-22 20:47:00+00:00,,None,Approved,USGS,2026-02-10 02:00:22.054167+00:00,,Good
-121.1899167,45.60827778,eefd21cc-dbb7-4377-81e4-2362befabc4d,4a95e23f-c764-87b9-e053-0100007ffae9,60,USGS-14105700,Z,Unspecified,318000,ft^3/s,1993-06-08 22:05:00+00:00,,None,Approved,USGS,2026-02-10 02:00:22.054167+00:00,,Fair
-121.1899167,45.60827778,347ec958-e0bf-4689-89b9-e0309caf2e7e,4a95e207-d224-87bb-e053-0100007fd49a,60,USGS-14105700,Z,Unspecified,115000,ft^3/s,1993-08-23 20:15:00+00:00,,None,Approved,USGS,2026-02-10 02:00:22.054167+00:00,,Poor
-121.1899167,45.60827778,df29c82f-0d8b-4200-8342-f22379296905,4a95dc4e-46fb-856c-e053-0100007f9a4b,60,USGS-14105700,Z,Unspecified,131000,ft^3/s,1993-09-28 21:06:00+00:00,,None,Approved,USGS,2026-02-10 02:00:22.054167+00:00,,Good
-121.1899167,45.60827778,f3ce3bab-bc9f-48df-a1dc-391ba7f680d9,4a95d114-73db-8120-e053-0100007fb124,60,USGS-14105700,Z,None,90800,ft^3/s,1993-12-10 19:20:00+00:00,,None,Approved,USGS,2026-02-10 02:00:22.054167+00:00,,Good
-121.1899167,45.60827778,e826e3c5-6b98-47a4-905e-9f1716b03252,4a95d1aa-5f33-8160-e053-0100007f0ad0,60,USGS-14105700,Z,Unspecified,152000,ft^3/s,1994-04-12 18:23:00+00:00,,None,Approved,USGS,2026-02-10 02:00:22.054167+00:00,,Good
-121.1899167,45.60827778,f2884324-1cfd-4fbf-9634-f88bfe6c40a3,4a95bfbf-07e8-7997-e053-0100007f2a96,60,USGS-14105700,Z,Unspecified,217000,ft^3/s,1994-06-07 18:47:00+00:00,,None,Approved,USGS,2026-02-10 02:00:22.054167+00:00,,Good
-121.1899167,45.60827778,d8b8b948-7e7e-4d6f-b644-58546807d58b,4a95cdaf-7b31-7f60-e053-0100007f0782,60,USGS-14105700,Z,Unspecified,132000,ft^3/s,1994-10-12 16:18:00+00:00,,None,Approved,USGS,2026-02-10 02:00:22.054167+00:00,,Unspecified
-121.1899167,45.60827778,9c021d60-1ecd-4fd4-a0b4-eb1c9d659725,4a95ccfc-baac-7f14-e053-0100007f6f2b,60,USGS-14105700,Z,Unspecified,212000,ft^3/s,1995-02-08 19:56:00+00:00,,None,Approved,USGS,2026-02-10 02:00:22.054167+00:00,,Unspecified
-121.1899167,45.60827778,046a3e7c-8e86-486d-92a0-a2ecac07e809,4a95df4b-5527-86ad-e053-0100007fbf0b,60,USGS-14105700,Z,Unspecified,289000,ft^3/s,1995-05-23 18:34:00+00:00,,None,Approved,USGS,2026-02-10 02:00:22.054167+00:00,,Unspecified
-121.1899167,45.60827778,29eedb89-ee0c-49cf-b972-4bc77c9c23b7,4a95e663-7325-89ab-e053-0100007f0602,60,USGS-14105700,Z,Unspecified,207000,ft^3/s,1995-11-22 18:30:00+00:00,,None,Approved,USGS,2026-02-10 02:00:22.054167+00:00,,Good
-121.1899167,45.60827778,20b4b742-039e-4be0-af49-f419212b1357,4a95d1d7-4b2f-8162-e053-0100007f2f19,60,USGS-14105700,Z,Unspecified,510000,ft^3/s,1997-05-22 17:00:00+00:00,,None,Approved,USGS,2026-02-10 02:00:22.054167+00:00,Clear,Good
-121.1899167,45.60827778,5bc0051d-75be-4ddc-bcf8-b50eceadd5bc,4a95e88a-19f7-8a7f-e053-0100007feb94,60,USGS-14105700,Z,Unspecified,383000,ft^3/s,1997-06-27 21:29:00+00:00,,None,Approved,USGS,2026-02-10 02:00:22.054167+00:00,Clear,Unspecified
-121.1899167,45.60827778,e10d1465-d8c1-44e2-93a0-35b136568683,4a95cdaf-7b34-7f60-e053-0100007f0782,60,USGS-14105700,Z,Unspecified,218000,ft^3/s,1998-01-21 18:59:00+00:00,,None,Approved,USGS,2026-02-10 02:00:22.054167+00:00,Clear,Unspecified
-121.1899167,45.60827778,331e2a53-a6e3-4750-a626-0de584f32912,4a95d8b4-60c9-841a-e053-0100007f87e2,60,USGS-14105700,Z,Unspecified,229000,ft^3/s,1998-04-24 18:48:00+00:00,,None,Approved,USGS,2026-02-10 02:00:22.054167+00:00,,Good
-121.1899167,45.60827778,b4359997-1bae-422e-ab16-3a91b4ea81c0,4a95c0ff-33ab-7a41-e053-0100007fea19,60,USGS-14105700,Z,None,211000,ft^3/s,1998-07-22 21:28:00+00:00,,None,Approved,USGS,2026-02-10 02:00:22.054167+00:00,,Good
-121.1899167,45.60827778,1c67d626-c123-4c22-94fc-fecd1b6f7e98,4a95eae8-137b-8b3f-e053-0100007f0df5,60,USGS-14105700,Z,Unspecified,138000,ft^3/s,1998-11-25 19:03:00+00:00,,None,Approved,USGS,2026-02-10 02:00:22.054167+00:00,Clear,Good
-121.1899167,45.60827778,5cc43b84-8acd-490b-bb9e-ae529c8cca96,4a95b842-ebbd-75ed-e053-0100007fa7fe,60,USGS-14105700,Z,Unspecified,220000,ft^3/s,1999-05-18 19:44:00+00:00,,None,Approved,USGS,2026-02-10 02:00:22.054167+00:00,,Fair
-121.1899167,45.60827778,4c551683-789a-40ac-a73e-e7f61922a69f,4a95e1fc-0f99-87b5-e053-0100007f5528,60,USGS-14105700,Z,Unspecified,112000,ft^3/s,1999-10-25 20:20:00+00:00,,None,Approved,USGS,2026-02-10 02:00:22.054167+00:00,Clear,Good
-121.1899167,45.60827778,2bd9e2f7-1c5f-4ff1-becb-d1fdc8372237,4a95e23f-c76e-87b9-e053-0100007ffae9,60,USGS-14105700,Z,Unspecified,303000,ft^3/s,2000-04-20 17:56:00+00:00,,None,Approved,USGS,2026-02-10 02:00:22.054167+00:00,,Good
-121.1899167,45.60827778,1cd59f34-dd19-4f52-b78e-f2fee492c05c,4a95d5c3-e3f7-82a6-e053-0100007fb3d0,60,USGS-14105700,Z,None,284000,ft^3/s,2000-06-15 07:00:00+00:00,,None,Approved,USGS,2026-02-10 02:00:22.054167+00:00,,Unspecified
-121.1899167,45.60827778,5cd8e199-3ac0-404c-9d47-270c29aeef15,4a95dc89-a507-8568-e053-0100007f753e,60,USGS-14105700,Z,None,139000,ft^3/s,2000-08-31 07:00:00+00:00,,None,Approved,USGS,2026-02-10 02:00:22.054167+00:00,,Good
-121.1899167,45.60827778,1bebb849-80db-442c-b0da-1dcb36317fe9,4a95c0ff-33ad-7a41-e053-0100007fea19,60,USGS-14105700,Z,Unspecified,140000,ft^3/s,2001-03-09 19:11:00+00:00,,None,Approved,USGS,2026-02-10 02:00:22.054167+00:00,,Good
-121.1899167,45.60827778,c9647562-fa88-41d0-bdfb-969ae9c8313a,4a95dc5e-22bd-854b-e053-0100007f308a,60,USGS-14105700,Z,Unspecified,130000,ft^3/s,2001-09-26 19:13:00+00:00,,None,Approved,USGS,2026-02-10 02:00:22.054167+00:00,,Good
-121.1899167,45.60827778,9453715a-47d6-40f2-96fb-99e76c61ec2c,4a95e1fc-0f9a-87b5-e053-0100007f5528,60,USGS-14105700,Z,Acoustic Doppler Current Profiler,159000,ft^3/s,2002-02-06 20:04:00+00:00,,None,Approved,USGS,2026-02-10 02:00:22.054167+00:00,,Good
-121.1899167,45.60827778,6ef1c269-15e8-49d0-a057-7fbfcb738a8b,4a95d877-65d7-83fc-e053-0100007f8e51,60,USGS-14105700,Z,Acoustic Doppler Current Profiler,140000,ft^3/s,2002-03-27 16:48:00+00:00,,None,Approved,USGS,2026-02-10 02:00:22.054167+00:00,,Good
-121.1899167,45.60827778,f4086f21-6678-4115-9d4e-6689cc589d90,4a95d865-a090-83fa-e053-0100007f0b50,60,USGS-14105700,Z,Acoustic Doppler Current Profiler,214000,ft^3/s,2002-07-24 18:29:00+00:00,,None,Approved,USGS,2026-02-10 02:00:22.054167+00:00,,Good
-121.1899167,45.60827778,7d49c25a-684d-4f18-b76d-c0e9d89aef43,4a95d51c-3db4-828c-e053-0100007f6566,60,USGS-14105700,Z,Acoustic Doppler Current Profiler,104000,ft^3/s,2002-12-20 18:36:00+00:00,,None,Approved,USGS,2026-02-10 02:00:22.054167+00:00,,Fair
-121.1899167,45.60827778,3dd2542c-d982-4a3e-ba3c-dcab22571a56,4a95d4b6-96bc-8290-e053-0100007f0cf3,60,USGS-14105700,Z,Acoustic Doppler Current Profiler,110000,ft^3/s,2003-10-20 16:58:00+00:00,,None,Approved,USGS,2026-02-10 02:00:22.054167+00:00,,Fair
-121.1899167,45.60827778,ed689779-6f07-4417-a307-435e325dbff5,4a95eb6b-27a4-8b0d-e053-0100007f0b5f,60,USGS-14105700,Z,Acoustic Doppler Current Profiler,266000,ft^3/s,2004-06-08 16:50:00+00:00,,None,Approved,USGS,2026-02-10 02:00:22.054167+00:00,Clear,Good
-121.1899167,45.60827778,76aa6505-3e69-4edb-b0f3-9f726d68640c,4a95eb6b-27a5-8b0d-e053-0100007f0b5f,60,USGS-14105700,Z,Acoustic Doppler Current Profiler,124000,ft^3/s,2004-11-02 18:44:00+00:00,,None,Approved,USGS,2026-02-10 02:00:22.054167+00:00,Clear,Good
-121.1899167,45.60827778,47acab31-d169-48dc-a9ed-8dfb4e464531,4a95d51c-3dba-828c-e053-0100007f6566,60,USGS-14105700,Z,Acoustic Doppler Current Profiler,296000,ft^3/s,2005-05-26 19:09:00+00:00,,None,Approved,USGS,2026-02-10 02:00:22.054167+00:00,Clear,Good
-121.1899167,45.60827778,d3a97674-36b3-4213-b714-caa2872d489d,4a95c68a-0a7c-7c7c-e053-0100007fa9e0,60,USGS-14105700,Z,Acoustic Doppler Current Profiler,405000,ft^3/s,2006-05-25 19:53:00+00:00,,None,Approved,USGS,2026-02-10 02:00:22.054167+00:00,Clear,Good
-121.1899167,45.60827778,18b4682f-1077-475e-94ea-959dc5f1957e,4a95dccd-a12f-856e-e053-0100007f61fe,60,USGS-14105700,Z,Acoustic Doppler Current Profiler,178000,ft^3/s,2006-12-01 19:02:00+00:00,,None,Approved,USGS,2026-02-10 02:00:22.054167+00:00,Clear,Poor
-121.1899167,45.60827778,4cb21eb1-b03f-4a4a-beaf-e937f5fba281,4a95d174-b58e-815a-e053-0100007f2738,60,USGS-14105700,Z,Acoustic Doppler Current Profiler,192000,ft^3/s,2007-01-05 20:39:00+00:00,,None,Approved,USGS,2026-02-10 02:00:22.054167+00:00,Clear,Good
-121.1899167,45.60827778,9b13ea2d-a6e6-458e-a0bd-08a15958ceb5,4a95d174-b58e-815a-e053-0100007f2738,60,USGS-14105700,Z,Acoustic Doppler Current Profiler,191000,ft^3/s,2007-01-05 21:22:00+00:00,,None,Approved,USGS,2026-02-10 02:00:22.054167+00:00,Clear,Good
-121.1899167,45.60827778,e990a65e-14d0-46b7-a439-2b3f50f71e0a,4a95d185-8937-8150-e053-0100007fb5bb,60,USGS-14105700,Z,Acoustic Doppler Current Profiler,224000,ft^3/s,2007-03-29 18:51:00+00:00,,None,Approved,USGS,2026-02-10 02:00:22.054167+00:00,,Good
-121.1899167,45.60827778,e042c43c-86fe-4a34-8428-30f5cd1ab0b6,4a95e1ec-30bd-87ad-e053-0100007f31ba,60,USGS-14105700,Z,Acoustic Doppler Current Profiler,234000,ft^3/s,2007-05-30 19:24:00+00:00,,None,Approved,USGS,2026-02-10 02:00:22.054167+00:00,Clear,Good
-121.1899167,45.60827778,f5a4858b-925c-4faa-9ac2-c5e80eadb06a,4a95e8a0-323b-8a7b-e053-0100007f3195,60,USGS-14105700,Z,Acoustic Doppler Current Profiler,127000,ft^3/s,2007-11-15 19:29:00+00:00,,None,Approved,USGS,2026-02-10 02:00:22.054167+00:00,Clear,Good
-121.1899167,45.60827778,5a0e6d84-7773-4194-928f-28adbbaf45e4,4a95e718-f2f2-89a9-e053-0100007ff909,60,USGS-14105700,Z,Acoustic Doppler Current Profiler,403000,ft^3/s,2008-06-12 23:22:00+00:00,,None,Approved,USGS,2026-02-10 02:00:22.054167+00:00,Clear,Fair
-121.1899167,45.60827778,43ce052f-8f2d-40a3-abc1-ad88b58ed4d5,4a95d85b-e33d-83fe-e053-0100007fced1,60,USGS-14105700,Z,Acoustic Doppler Current Profiler,120000,ft^3/s,2008-12-01 21:34:00+00:00,,None,Approved,USGS,2026-02-10 02:00:22.054167+00:00,Clear,Good
-121.1899167,45.60827778,de315049-899b-418e-a3da-ae5d79f19110,4a95d4b6-96c8-8290-e053-0100007f0cf3,60,USGS-14105700,Z,Acoustic Doppler Current Profiler,260000,ft^3/s,2009-06-30 19:25:00+00:00,,None,Approved,USGS,2026-02-10 02:00:22.054167+00:00,Clear,Good
-121.1899167,45.60827778,1aa0431b-4a70-4330-adc3-978d1a95d556,4a95d4b6-96c8-8290-e053-0100007f0cf3,60,USGS-14105700,Z,Acoustic Doppler Current Profiler,259000,ft^3/s,2009-06-30 20:09:00+00:00,,None,Approved,USGS,2026-02-10 02:00:22.054167+00:00,Clear,Good
-121.1899167,45.60827778,3d272ede-7249-4ed1-aacd-c64d00797b17,4a95d51c-3dc3-828c-e053-0100007f6566,60,USGS-14105700,Z,Acoustic Doppler Current Profiler,90400,ft^3/s,2009-10-08 19:26:30+00:00,,None,Approved,USGS,2026-02-10 02:00:22.054167+00:00,Clear,Fair
-121.1899167,45.60827778,9a729103-dc61-40c9-bc08-42b463d9af29,4a95e8a0-3243-8a7b-e053-0100007f3195,60,USGS-14105700,Z,Acoustic Doppler Current Profiler,115000,ft^3/s,2009-11-04 21:35:00+00:00,,None,Approved,USGS,2026-02-10 02:00:22.054167+00:00,,Fair
-121.1899167,45.60827778,19c4da3c-fd40-43c2-a307-6d2c462aa5a9,4a95d85b-e346-83fe-e053-0100007fced1,60,USGS-14105700,Z,Acoustic Doppler Current Profiler,238000,ft^3/s,2010-05-25 19:43:30+00:00,,None,Approved,USGS,2026-02-10 02:00:22.054167+00:00,Clear,Good
-121.1899167,45.60827778,a2f38c20-4063-49e2-b07d-2b5923d18eef,4a95dd19-153c-8572-e053-0100007f096a,60,USGS-14105700,Z,Acoustic Doppler Current Profiler,117000,ft^3/s,2010-10-07 16:06:30+00:00,,None,Approved,USGS,2026-02-10 02:00:22.054167+00:00,Clear,Good
-121.1899167,45.60827778,f5408695-8977-4ada-acba-721c72cead9d,4a95d1aa-5f4c-8160-e053-0100007f0ad0,60,USGS-14105700,Z,Acoustic Doppler Current Profiler,288000,ft^3/s,2011-05-03 19:05:30+00:00,,None,Approved,USGS,2026-02-10 02:00:22.054167+00:00,Clear,Fair
-121.1899167,45.60827778,27b99f3e-bb7c-45d0-b012-a44a988f87d6,4a95d5c3-e40d-82a6-e053-0100007fb3d0,60,USGS-14105700,Z,Acoustic Doppler Current Profiler,288000,ft^3/s,2011-05-03 20:56:30+00:00,,None,Approved,USGS,2026-02-10 02:00:22.054167+00:00,,Fair
-121.1899167,45.60827778,5701d997-3053-4f92-99bf-85b263aa392e,4a95ee1d-8cc6-8ca4-e053-0100007f8a79,60,USGS-14105700,Z,Acoustic Doppler Current Profiler,438000,ft^3/s,2011-07-01 18:19:00+00:00,,None,Approved,USGS,2026-02-10 02:00:22.054167+00:00,Clear,Good
-121.1899167,45.60827778,3f04ae9d-fdc9-4fc8-82f8-3cea0c51c07b,4a95dc1f-9b1b-8547-e053-0100007fbf11,60,USGS-14105700,Z,Acoustic Doppler Current Profiler,143000,ft^3/s,2011-12-01 22:08:16+00:00,,None,Approved,USGS,2026-02-10 02:00:22.054167+00:00,Clear,Fair
-121.1899167,45.60827778,8fff6f87-b011-4d85-9790-7c1d8bfaac27,4a95dc1f-9b1b-8547-e053-0100007fbf11,60,USGS-14105700,Z,Acoustic Doppler Current Profiler,141000,ft^3/s,2011-12-01 22:41:24+00:00,,None,Approved,USGS,2026-02-10 02:00:22.054167+00:00,Clear,Fair
-121.1899167,45.60827778,1597fb8b-50b2-481b-b3b5-e485a4b1c5f7,4a95df58-8c8d-86b1-e053-0100007fb4bc,60,USGS-14105700,Z,Acoustic Doppler Current Profiler,306000,ft^3/s,2012-05-31 18:35:03+00:00,,None,Approved,USGS,2026-02-10 02:00:22.054167+00:00,Clear,Good
-121.1899167,45.60827778,64bc62a6-6e13-469b-bc0e-0904aa53eb9a,4a95df58-8c8d-86b1-e053-0100007fb4bc,60,USGS-14105700,Z,Acoustic Doppler Current Profiler,300000,ft^3/s,2012-05-31 19:00:41+00:00,,None,Approved,USGS,2026-02-10 02:00:22.054167+00:00,Clear,Good
-121.1899167,45.60827778,aa1ee1dc-eaba-4737-b70d-dab1f83ee95e,4a95edf3-9b7c-8cb2-e053-0100007fd132,60,USGS-14105700,Z,Acoustic Doppler Current Profiler,174000,ft^3/s,2012-08-16 19:01:34+00:00,,None,Approved,USGS,2026-02-10 02:00:22.054167+00:00,Clear,Good
-121.1899167,45.60827778,8e3e4408-da36-4cbe-b2ce-35e29ccb45c0,4a95ea2a-c1e7-8afd-e053-0100007f018b,60,USGS-14105700,Z,Acoustic Doppler Current Profiler,128000,ft^3/s,2012-10-23 20:29:00+00:00,,None,Approved,USGS,2026-02-10 02:00:22.054167+00:00,Clear,Fair
-121.1899167,45.60827778,39e5ecc0-d268-4bcd-801c-6f76c4872ae5,4a95dc8e-440c-8570-e053-0100007f9600,60,USGS-14105700,Z,Acoustic Doppler Current Profiler,130000,ft^3/s,2013-03-15 19:25:42+00:00,,None,Approved,USGS,2026-02-10 02:00:22.054167+00:00,Clear,Fair
-121.1899167,45.60827778,b72a8f75-277a-45a1-a795-8c29055dff65,4a95dc8e-440c-8570-e053-0100007f9600,60,USGS-14105700,Z,Acoustic Doppler Current Profiler,136000,ft^3/s,2013-03-15 19:54:20+00:00,,None,Approved,USGS,2026-02-10 02:00:22.054167+00:00,Clear,Fair
-121.1899167,45.60827778,1a5036fa-23bf-4b44-9b7f-ef54f0f8d995,4a95d877-65e1-83fc-e053-0100007f8e51,60,USGS-14105700,Z,Acoustic Doppler Current Profiler,274000,ft^3/s,2013-06-05 18:08:27+00:00,,None,Approved,USGS,2026-02-10 02:00:22.054167+00:00,Clear,Good
-121.1899167,45.60827778,7d742d9e-71d3-4faf-a8dd-6c728accd412,4a95d877-65e1-83fc-e053-0100007f8e51,60,USGS-14105700,Z,Acoustic Doppler Current Profiler,272000,ft^3/s,2013-06-05 18:38:45+00:00,,None,Approved,USGS,2026-02-10 02:00:22.054167+00:00,Clear,Good
-121.1899167,45.60827778,d271917b-9426-4660-a389-0ac257e0c940,4a95df85-3c80-86b3-e053-0100007f9e39,60,USGS-14105700,Z,Acoustic Doppler Current Profiler,100000,ft^3/s,2013-09-19 19:37:17+00:00,,None,Approved,USGS,2026-02-10 02:00:22.054167+00:00,Clear,Good
-121.1899167,45.60827778,9ab88d08-ff06-43a9-8f93-001e3981fda3,4a95df85-3c80-86b3-e053-0100007f9e39,60,USGS-14105700,Z,Acoustic Doppler Current Profiler,103000,ft^3/s,2013-09-19 20:15:54+00:00,,None,Approved,USGS,2026-02-10 02:00:22.054167+00:00,Clear,Good
-121.1899167,45.60827778,6eaefbbc-ce8d-43d7-a3a1-1629a2b652e3,4a95d85b-e349-83fe-e053-0100007fced1,60,USGS-14105700,Z,Acoustic Doppler Current Profiler,122000,ft^3/s,2013-11-07 20:53:00+00:00,,None,Approved,USGS,2026-02-10 02:00:22.054167+00:00,Clear,Good
-121.1899167,45.60827778,41a0dc70-a1fc-4cda-95ec-a2f74d62cb22,4a95d85b-e349-83fe-e053-0100007fced1,60,USGS-14105700,Z,Acoustic Doppler Current Profiler,118000,ft^3/s,2013-11-07 21:24:19+00:00,,None,Approved,USGS,2026-02-10 02:00:22.054167+00:00,Clear,Good
-121.1899167,45.60827778,0000a74b-5150-4a4c-9c7c-b4a09c72b93d,4a95ee2a-6b30-8c80-e053-0100007fe8ee,60,USGS-14105700,Z,Acoustic Doppler Current Profiler,168000,ft^3/s,2014-03-05 21:29:17+00:00,,None,Approved,USGS,2026-02-10 02:00:22.054167+00:00,Clear,Good
-121.1899167,45.60827778,ed007fd6-6efd-4238-a69d-602ad3ef4610,4a95ee2a-6b30-8c80-e053-0100007fe8ee,60,USGS-14105700,Z,Acoustic Doppler Current Profiler,177000,ft^3/s,2014-03-05 21:57:21+00:00,,None,Approved,USGS,2026-02-10 02:00:22.054167+00:00,Clear,Good
-121.1899167,45.60827778,35793f18-c5c5-411b-a65b-475ba7db3ff1,4a95d87c-215c-8400-e053-0100007f0f4a,60,USGS-14105700,Z,Acoustic Doppler Current Profiler,270000,ft^3/s,2014-05-13 19:53:30+00:00,,None,Approved,USGS,2026-02-10 02:00:22.054167+00:00,,Fair
-121.1899167,45.60827778,3351ca1c-17f1-48ae-bf6b-1c45695f6c2b,4a95d87c-215c-8400-e053-0100007f0f4a,60,USGS-14105700,Z,Acoustic Doppler Current Profiler,293000,ft^3/s,2014-05-13 20:37:00+00:00,,None,Approved,USGS,2026-02-10 02:00:22.054167+00:00,,Fair
-121.1899167,45.60827778,f9b51e6d-21e4-4642-b7fc-6aed2609ad07,4a95ee00-f124-8c94-e053-0100007fe293,60,USGS-14105700,Z,Acoustic Doppler Current Profiler,98100,ft^3/s,2014-09-10 19:54:00+00:00,,None,Approved,USGS,2026-02-10 02:00:22.054167+00:00,,Fair
-121.1899167,45.60827778,8deb7c72-9a82-491c-a178-903cc5ac85b8,4a95c667-0403-7c80-e053-0100007f6ada,60,USGS-14105700,Z,Acoustic Doppler Current Profiler,137000,ft^3/s,2014-12-05 19:39:30+00:00,,None,Approved,USGS,2026-02-10 02:00:22.054167+00:00,,Good
-121.1899167,45.60827778,120639b2-25c8-42e5-b648-14c55eab15bf,4a95e1fc-0fa8-87b5-e053-0100007f5528,60,USGS-14105700,Z,Acoustic Doppler Current Profiler,218000,ft^3/s,2015-03-26 22:36:00+00:00,,None,Approved,USGS,2026-02-10 02:00:22.054167+00:00,,Good
-121.1899167,45.60827778,b9998b8a-191f-413b-bda1-fe17fc3ac884,4a95e6b3-62a6-89b1-e053-0100007fb989,60,USGS-14105700,Z,Acoustic Doppler Current Profiler,130000,ft^3/s,2015-07-09 17:33:30+00:00,,None,Approved,USGS,2026-02-10 02:00:22.054167+00:00,Unspecifed,Fair
-121.1899167,45.60827778,85f3061c-cff0-4a74-8649-5c07c9cabd89,4a95df64-d405-86b5-e053-0100007fb18e,60,USGS-14105700,Z,Acoustic Doppler Current Profiler,98100,ft^3/s,2015-09-03 17:24:00+00:00,,None,Approved,USGS,2026-02-10 02:00:22.054167+00:00,,Fair
-121.1899167,45.60827778,2f353f3d-3916-4172-876b-29152f046d28,4a95d154-c9c3-8118-e053-0100007fbca4,60,USGS-14105700,Z,Acoustic Doppler Current Profiler,76700,ft^3/s,2015-10-05 15:57:41+00:00,,None,Approved,USGS,2026-02-10 02:00:22.054167+00:00,Unspecifed,Good
-121.1899167,45.60827778,b4599e03-fdda-4172-9f1b-8533b11e8bc1,4a95dc5e-22d0-854b-e053-0100007f308a,60,USGS-14105700,Z,Acoustic Doppler Current Profiler,129000,ft^3/s,2016-01-20 20:36:57+00:00,,None,Approved,USGS,2026-02-10 02:00:22.054167+00:00,Unspecifed,Fair
-121.1899167,45.60827778,8d265cbd-84fa-4c14-bc2c-402656a7bd33,4a95da97-0953-84cf-e053-0100007f6733,60,USGS-14105700,Z,Acoustic Doppler Current Profiler,214000,ft^3/s,2016-03-16 18:37:40+00:00,,None,Approved,USGS,2026-02-10 02:00:22.054167+00:00,Clear,Good
-121.1899167,45.60827778,3efe26c4-fa01-42a7-aab5-5c0588298c7c,4a95db07-b990-84cb-e053-0100007f47a5,60,USGS-14105700,Z,Acoustic Doppler Current Profiler,190000,ft^3/s,2016-06-02 18:16:05+00:00,,None,Approved,USGS,2026-02-10 02:00:22.054167+00:00,Unspecifed,Poor
-121.1899167,45.60827778,be7070f1-d564-4991-9695-d457b32c036f,4a95edb5-6e73-8c78-e053-0100007f3d35,60,USGS-14105700,Z,Acoustic Doppler Current Profiler,182000,ft^3/s,2016-07-19 19:23:57+00:00,,None,Approved,USGS,2026-02-10 02:00:22.054167+00:00,Clear,Good
-121.1899167,45.60827778,9f361520-e0ac-4572-949f-bf8fa18a5753,4a95e330-692e-8883-e053-0100007f7728,60,USGS-14105700,Z,Acoustic Doppler Current Profiler,73000,ft^3/s,2016-09-19 17:36:56+00:00,,None,Approved,USGS,2026-02-10 02:00:22.054167+00:00,Clear,Poor
-121.1899167,45.60827778,b1bd6b15-c4d8-4820-bbc8-cd301b6e3339,4a95e330-692e-8883-e053-0100007f7728,60,USGS-14105700,Z,Acoustic Doppler Current Profiler,74600,ft^3/s,2016-09-19 18:53:16+00:00,,None,Approved,USGS,2026-02-10 02:00:22.054167+00:00,Clear,Poor
-121.1899167,45.60827778,fecad831-03d2-4141-9955-e8bed4a913f3,4a95e330-692e-8883-e053-0100007f7728,60,USGS-14105700,Z,Acoustic Doppler Current Profiler,83300,ft^3/s,2016-09-19 19:08:41+00:00,,None,Approved,USGS,2026-02-10 02:00:22.054167+00:00,Clear,Poor
-121.1899167,45.60827778,58c9e00b-84fe-44ea-9e80-485fc4fd1367,4a95edb5-6e75-8c78-e053-0100007f3d35,60,USGS-14105700,Z,Acoustic Doppler Current Profiler,118000,ft^3/s,2016-11-29 21:40:13+00:00,,None,Approved,USGS,2026-02-10 02:00:22.054167+00:00,Unspecifed,Good
-121.1899167,45.60827778,87356ac1-e785-40b7-9999-ee032bd4c67a,4d2a46b1-39ba-8609-e053-0100007f0a7e,60,USGS-14105700,Z,Acoustic Doppler Current Profiler,457000,ft^3/s,2017-03-21 18:29:09+00:00,,None,Approved,USGS,2026-02-10 02:00:22.054167+00:00,Clear,Fair
-121.1899167,45.60827778,9f92f7ea-87cf-43d9-bdee-93ddf35b62ed,4d2a46b1-39ba-8609-e053-0100007f0a7e,60,USGS-14105700,Z,Acoustic Doppler Current Profiler,442000,ft^3/s,2017-03-21 19:04:27+00:00,,None,Approved,USGS,2026-02-10 02:00:22.054167+00:00,Clear,Fair
-121.1899167,45.60827778,77c81d47-9851-4959-9046-e563645ac495,50dc8280-c655-6314-e053-0100007f3e26,60,USGS-14105700,Z,Acoustic Doppler Current Profiler,344000,ft^3/s,2017-05-02 20:44:10+00:00,,None,Approved,USGS,2026-02-10 02:00:22.054167+00:00,Clear,Fair
-121.1899167,45.60827778,089f37c9-f1c8-4424-b5c4-123f5e8fcdd1,54a0f70d-bdae-b8b6-e053-0100007fdf09,60,USGS-14105700,Z,Acoustic Doppler Current Profiler,221000,ft^3/s,2017-07-18 18:04:50+00:00,,None,Approved,USGS,2026-02-10 02:00:22.054167+00:00,Clear,Fair
-121.1899167,45.60827778,59138cf9-95ee-4018-9561-7f2dbbe2640d,5a446b6c-538b-a8d7-e053-0100007f26a2,60,USGS-14105700,Z,Acoustic Doppler Current Profiler,119000,ft^3/s,2017-09-27 21:21:02+00:00,,None,Approved,USGS,2026-02-10 02:00:22.054167+00:00,Clear,Good
-121.1899167,45.60827778,34d9e1c9-df8b-4da6-b220-4eeb72df0f14,5d543217-d08d-0c5f-e053-0100007f1422,60,USGS-14105700,Z,Acoustic Doppler Current Profiler,106000,ft^3/s,2017-11-03 18:48:36+00:00,,None,Approved,USGS,2026-02-10 02:00:22.054167+00:00,Clear,Fair
-121.1899167,45.60827778,8689aa3d-02ee-4b28-87a4-a4b8d9963a25,6276fb2c-0737-73a0-e053-0100007fdf55,60,USGS-14105700,Z,Acoustic Doppler Current Profiler,178000,ft^3/s,2018-01-10 21:05:56+00:00,,None,Approved,USGS,2026-02-10 02:00:22.054167+00:00,Unspecifed,Good
-121.1899167,45.60827778,9789e17a-5ac9-4c8d-a058-3a8eb6b16d7c,69117e14-9a32-c923-e053-0100007f679b,60,USGS-14105700,Z,Acoustic Doppler Current Profiler,196000,ft^3/s,2018-04-04 21:36:27+00:00,,None,Approved,USGS,2026-02-10 02:00:22.054167+00:00,Clear,Fair
-121.1899167,45.60827778,46731e27-537b-43b2-810b-6f42eff6442e,6f1ba3bc-1959-3c04-e053-0100007fa5b6,60,USGS-14105700,Z,Acoustic Doppler Current Profiler,209000,ft^3/s,2018-06-20 19:30:13+00:00,,None,Approved,USGS,2026-02-10 02:00:22.054167+00:00,Clear,Fair
-121.1899167,45.60827778,70042844-4590-453a-9521-5f8c8e8c5f56,73df4efd-46ce-17e8-e053-0100007f5548,60,USGS-14105700,Z,Acoustic Doppler Current Profiler,143000,ft^3/s,2018-08-13 23:49:40+00:00,,None,Approved,USGS,2026-02-10 02:00:22.054167+00:00,Clear,Fair
-121.1899167,45.60827778,2449e7ad-2dcb-4b6d-9423-c43bc1c1f0fa,79a1381b-e152-b425-e053-0100007f2738,60,USGS-14105700,Z,Acoustic Doppler Current Profiler,112000,ft^3/s,2018-10-31 21:25:58+00:00,,None,Approved,USGS,2026-02-10 02:00:22.054167+00:00,Clear,Fair
-121.1899167,45.60827778,8b47327b-d0f8-412d-b85e-b7c60a274fcc,81cfd549-8f7d-a08b-e053-0100007fd49c,60,USGS-14105700,Z,Acoustic Doppler Current Profiler,156000,ft^3/s,2019-01-31 22:02:18+00:00,,None,Approved,USGS,2026-02-10 02:00:22.054167+00:00,,Fair
-121.1899167,45.60827778,3ae0fe30-990a-497f-a3a8-962625b59922,86e6ba85-d04b-c64b-e053-0100007f75f4,60,USGS-14105700,Z,Acoustic Doppler Current Profiler,223000,ft^3/s,2019-04-18 20:56:57+00:00,,None,Approved,USGS,2026-02-10 02:00:22.054167+00:00,,Good
-121.1899167,45.60827778,3d2c59a9-a142-41af-8017-1e9901678e7b,8a9eb40a-df75-3317-e053-0100007f1c70,60,USGS-14105700,Z,Acoustic Doppler Current Profiler,288000,ft^3/s,2019-06-05 18:32:37+00:00,,None,Approved,USGS,2026-02-10 02:00:22.054167+00:00,,Fair
-121.1899167,45.60827778,3d5607bc-c65b-4da6-be5b-37880d11a0bc,8e4de603-8c54-3f54-e053-0100007f40cd,60,USGS-14105700,Z,Acoustic Doppler Current Profiler,110000,ft^3/s,2019-07-22 18:38:56+00:00,,None,Approved,USGS,2026-02-10 02:00:22.054167+00:00,,Poor
-121.1899167,45.60827778,08c3dad8-18c3-499e-9657-f7f7b6475014,569c2fb0-27da-4636-a28e-c6a35f4e5420,60,USGS-14105700,Z,Acoustic Doppler Current Profiler,128000,ft^3/s,2019-12-12 18:12:49+00:00,,None,Approved,USGS,2026-02-10 02:00:22.054167+00:00,,Good
-121.1899167,45.60827778,b3892784-8fe9-499c-8f64-9ab54b7f3302,724d1750-04b2-49e3-a4ae-5887d3bc3328,60,USGS-14105700,Z,Acoustic Doppler Current Profiler,207000,ft^3/s,2020-02-13 19:05:25+00:00,,None,Approved,USGS,2026-02-10 02:00:22.054167+00:00,,Good
-121.1899167,45.60827778,64d3b6e5-4f41-42cd-aaa5-34a2e240de4a,0bdfb888-0cdd-40d6-9cc5-20725e9e020c,60,USGS-14105700,Z,Acoustic Doppler Current Profiler,257000,ft^3/s,2020-05-01 17:55:54+00:00,,None,Approved,USGS,2026-02-10 02:00:22.054167+00:00,,Good
-121.1899167,45.60827778,7bae2eb8-e66f-4c4f-9f92-30718bac1e13,5669c5f5-6f3f-46de-a060-7b3888c83b1e,60,USGS-14105700,Z,Acoustic Doppler Current Profiler,206000,ft^3/s,2020-07-06 17:28:01+00:00,,None,Approved,USGS,2026-02-10 02:00:22.054167+00:00,,Fair
-121.1899167,45.60827778,659ed3ce-1a63-4086-a571-5e7d67f7ff2a,15f8378e-5de6-4a31-aaa5-eca53ed6ec63,60,USGS-14105700,Z,Acoustic Doppler Current Profiler,91600,ft^3/s,2020-10-01 19:15:49+00:00,,None,Approved,USGS,2026-02-10 02:00:22.054167+00:00,,Fair
-121.1899167,45.60827778,f47d9096-bd9f-47fe-a0e9-49e9bf1b4d57,2f702dd5-5408-4ff7-8cc3-76d626c03622,60,USGS-14105700,Z,Acoustic Doppler Current Profiler,124000,ft^3/s,2020-12-10 21:02:04+00:00,,None,Approved,USGS,2026-02-10 02:00:22.054167+00:00,,Fair
-121.1899167,45.60827778,85ef885c-00a3-4246-bb60-4a8fc49eb23f,6737aa1a-8a09-4d91-a3e1-c886332b0b49,60,USGS-14105700,Z,Acoustic Doppler Current Profiler,170000,ft^3/s,2021-01-28 20:05:05+00:00,,None,Approved,USGS,2026-02-10 02:00:22.054167+00:00,,Fair
-121.1899167,45.60827778,f9b14218-76e7-4eb5-987f-39e72a4498af,25f4ffce-9361-43c6-9739-eb1237dccbf5,60,USGS-14105700,Z,Acoustic Doppler Current Profiler,232000,ft^3/s,2021-06-02 18:51:20+00:00,,None,Approved,USGS,2026-02-10 02:00:22.054167+00:00,,Fair
-121.1899167,45.60827778,b8c8830e-492e-4523-9352-97dd7b4ec716,c4099da3-7b1c-4316-8aac-98a6cfd21256,60,USGS-14105700,Z,Acoustic Doppler Current Profiler,102000,ft^3/s,2021-09-03 18:27:50+00:00,,None,Approved,USGS,2026-02-10 02:00:22.054167+00:00,,Fair
-121.1899167,45.60827778,ec23b9b4-3e7d-4c18-b216-3438be7d4837,7cd99625-742a-441e-a1d2-6a3552a154a9,60,USGS-14105700,Z,Acoustic Doppler Current Profiler,141000,ft^3/s,2021-12-01 19:38:06+00:00,,None,Approved,USGS,2026-02-10 02:00:22.054167+00:00,,Good
-121.1899167,45.60827778,468b98a4-2d14-4487-ba17-4caba00ba410,19e4f277-24e8-4894-a0a4-cc69c2935ac3,60,USGS-14105700,Z,Acoustic Doppler Current Profiler,150000,ft^3/s,2022-01-12 19:43:33+00:00,,None,Approved,Unspecified,2026-02-10 02:00:22.054167+00:00,,Good
-121.1899167,45.60827778,890e22f3-b8af-4b51-a5f2-31fac4981a2f,3db3d9ec-3dab-4043-aa9c-ccaabffc2814,60,USGS-14105700,Z,Acoustic Doppler Current Profiler,159000,ft^3/s,2022-02-15 20:23:52+00:00,,None,Approved,USGS,2026-02-10 02:00:22.054167+00:00,,Good
-121.1899167,45.60827778,d05c4ee2-e0a1-4956-ae20-c71ab5e7aa86,5c0a9098-7106-412f-b8f2-5d63263e7432,60,USGS-14105700,Z,Acoustic Doppler Current Profiler,146000,ft^3/s,2022-04-28 18:42:47+00:00,,None,Approved,USGS,2026-02-10 02:00:22.054167+00:00,,Fair
-121.1899167,45.60827778,c475baf9-2625-423f-b902-8ba1d2f8c888,089f0915-d227-464a-9a2d-f3efbfaa6222,60,USGS-14105700,Z,Acoustic Doppler Current Profiler,440000,ft^3/s,2022-06-13 18:44:48+00:00,,None,Approved,USGS,2026-02-10 02:00:22.054167+00:00,,Fair
-121.1899167,45.60827778,c91c274e-e6e9-43a4-b18f-615d6f48db50,41c74498-491d-40e1-ae0f-278d45394c6e,60,USGS-14105700,Z,Acoustic Doppler Current Profiler,99400,ft^3/s,2022-08-30 18:47:54+00:00,,None,Approved,USGS,2026-02-10 02:00:22.054167+00:00,,Fair
-121.1899167,45.60827778,de477984-ef70-42fe-8d9b-5a6ec1432e43,030765bd-c04f-47ee-9874-1f3fb72903c8,60,USGS-14105700,Z,Acoustic Doppler Current Profiler,129000,ft^3/s,2022-11-01 22:00:57+00:00,,None,Approved,USGS,2026-02-10 02:00:22.054167+00:00,,Good
-121.1899167,45.60827778,b2b92241-33e6-4159-b9e7-fb6450428e3b,c365894e-d751-4b85-829e-a3d64d01ce1a,60,USGS-14105700,Z,Acoustic Doppler Current Profiler,99800,ft^3/s,2023-03-01 20:20:34+00:00,,None,Provisional,USGS,2026-02-10 02:00:22.054167+00:00,,Fair
-121.1899167,45.60827778,a80d0221-fbdc-42d6-9e9e-3a8978495046,4f09e841-ac4d-462d-a5a8-06fdc55b0ab8,60,USGS-14105700,Z,Acoustic Doppler Current Profiler,318000,ft^3/s,2023-05-03 17:33:38+00:00,,None,Approved,USGS,2026-02-10 02:00:22.054167+00:00,,Fair
-121.1899167,45.60827778,8fa6824f-3beb-4237-af1b-4401aded64d6,2e4fcee7-3249-4521-b1c1-aa707e727abd,60,USGS-14105700,Z,Acoustic Doppler Current Profiler,113000,ft^3/s,2023-08-01 17:42:48+00:00,,None,Approved,USGS,2026-02-10 02:00:22.054167+00:00,,Good
-121.1899167,45.60827778,aa1b4dd7-5e46-4cbe-a6dc-e1637c3ec8da,944c4644-4f05-41d7-9a80-74bc4fb0f412,60,USGS-14105700,Z,Acoustic Doppler Current Profiler,95700,ft^3/s,2023-10-25 18:42:43+00:00,,None,Approved,USGS,2026-02-10 02:00:22.054167+00:00,Clear,Fair
-121.1899167,45.60827778,8be0d2df-2412-4f3b-b06f-d924b83dffcb,3a3e5a48-9f88-426d-bde0-7fc53c40b6ad,60,USGS-14105700,Z,Acoustic Doppler Current Profiler,106000,ft^3/s,2023-11-28 19:24:01+00:00,,None,Approved,USGS,2026-02-10 02:00:22.054167+00:00,,Good
-121.1899167,45.60827778,ac846c9b-9f5b-44fb-8432-aa5cda2fcf4c,b2e7ef1f-fa97-4a7c-9598-0ea3111ece1f,60,USGS-14105700,Z,Acoustic Doppler Current Profiler,118000,ft^3/s,2024-02-07 19:42:34+00:00,,None,Approved,USGS,2026-02-10 02:00:22.054167+00:00,,Fair
-121.1899167,45.60827778,47832984-53e0-4229-a4e7-5573dd25ff03,b2e7ef1f-fa97-4a7c-9598-0ea3111ece1f,60,USGS-14105700,Z,Acoustic Doppler Current Profiler,116000,ft^3/s,2024-02-07 20:19:22+00:00,,None,Approved,USGS,2026-02-10 02:00:22.054167+00:00,,Fair
-121.1899167,45.60827778,a5271a8e-c1ce-4a8e-9ef7-63c16db8b3a1,f658bac8-9dea-40ed-9184-9d8546d8290d,60,USGS-14105700,Z,Acoustic Doppler Current Profiler,135000,ft^3/s,2024-04-02 19:01:52+00:00,,None,Approved,USGS,2026-02-10 02:00:22.054167+00:00,Clear,Good
-121.1899167,45.60827778,ab741a6b-64ca-46e6-abbc-497ee7ba0d8f,93bfd548-4271-4ca8-b135-486118e18e43,60,USGS-14105700,Z,Acoustic Doppler Current Profiler,180000,ft^3/s,2024-07-01 19:03:38+00:00,,None,Approved,USGS,2026-02-10 02:00:22.054167+00:00,,Good
-121.1899167,45.60827778,b25d44f7-95c2-48e9-9170-8ba0168660c2,6b1370bf-509f-40d5-afed-d864f143421c,60,USGS-14105700,Z,Acoustic Doppler Current Profiler,85500,ft^3/s,2024-09-09 18:28:10+00:00,,None,Approved,USGS,2026-02-10 02:00:22.054167+00:00,,Poor
-121.1899167,45.60827778,934a0bb5-13ee-410a-aa61-95f67c9105a7,6b1370bf-509f-40d5-afed-d864f143421c,60,USGS-14105700,Z,Acoustic Doppler Current Profiler,95500,ft^3/s,2024-09-09 20:52:48+00:00,,None,Approved,USGS,2026-02-10 02:00:22.054167+00:00,,Poor
-121.1899167,45.60827778,adb806dc-934b-4012-a25f-80d13ed61057,bef63347-9354-4ee5-a500-466d6716b03c,60,USGS-14105700,Z,Acoustic Doppler Current Profiler,73100,ft^3/s,2024-10-30 19:56:48+00:00,,None,Approved,USGS,2026-02-10 02:00:22.054167+00:00,,Fair
-121.1899167,45.60827778,08a37f03-1148-43f6-ab64-b541406b03e7,5f237a45-9265-4310-9dc9-05d4bb1883e3,60,USGS-14105700,Z,Acoustic Doppler Current Profiler,124000,ft^3/s,2025-01-28 20:31:45+00:00,,None,Approved,USGS,2026-02-10 02:00:22.054167+00:00,,Fair
-121.1899167,45.60827778,2ae61a5c-e83b-4e84-a084-14084f18e09f,49ef82ea-99f5-4908-a9f3-0b71792cf746,60,USGS-14105700,Z,Acoustic Doppler Current Profiler,202000,ft^3/s,2025-04-23 19:10:02+00:00,,None,Provisional,USGS,2026-02-10 02:00:22.054167+00:00,,Fair
-121.1899167,45.60827778,79c3e935-bfca-45bc-bf79-fe55e75c1983,12b416e6-0ef8-41a0-b9f2-50609005d68b,60,USGS-14105700,Z,Acoustic Doppler Current Profiler,202000,ft^3/s,2025-06-16 19:11:42+00:00,,None,Provisional,USGS,2026-02-10 02:00:22.054167+00:00,,Fair
-121.1899167,45.60827778,5b9ccf98-98bc-43e4-8dc7-96d129731fbf,b9f16a5d-0447-442d-b0fa-135fb4ac1edd,60,USGS-14105700,Z,Acoustic Doppler Current Profiler,108000,ft^3/s,2025-11-19 23:04:06+00:00,,None,Provisional,USGS,2026-02-10 02:00:22.054167+00:00,,Good
